{"stats":{"minecraft:killed":{"mutationcraft:assimilated_spider":1,"mutationcraft:necroptor":3,"minecraft:drowned":1},"minecraft:used":{"minecraft:snow_block":1,"minecraft:birch_planks":2,"minecraft:stone_pickaxe":15,"minecraft:chest":2,"minecraft:spruce_planks":5,"minecraft:wooden_pickaxe":8,"minecraft:iron_sword":33,"minecraft:white_wool":2,"minecraft:crafting_table":2,"minecraft:red_bed":6,"minecraft:white_bed":1,"minecraft:snowball":6,"minecraft:spruce_log":5,"minecraft:wooden_axe":5,"minecraft:iron_boots":1,"minecraft:stone_axe":31,"minecraft:cobblestone":7,"alexsmobs:animal_dictionary":1,"minecraft:gray_wool":1},"minecraft:picked_up":{"minecraft:wooden_axe":1,"minecraft:birch_log":5,"chococraft:loverly_gysahl_green":4,"minecraft:crafting_table":4,"minecraft:brown_wool":6,"tconstruct:materials_and_you":1,"minecraft:wooden_pickaxe":1,"minecraft:birch_planks":21,"minecraft:oak_log":30,"evilcraft:flesh_humanoid":6,"mutationcraft:necroptor_bomb":1,"minecraft:dirt":2,"minecraft:paper":3,"minecraft:string":4,"minecraft:red_bed":7,"minecraft:compass":4,"minecraft:bone":12,"chococraft:gysahl_green":170,"minecraft:apple":11,"chococraft:gold_gysahl":4,"minecraft:gold_nugget":45,"aquamirae:wisteria_niveis":2,"minecraft:beef":6,"minecraft:spruce_planks":21,"minecraft:iron_ingot":102,"minecraft:stone_pickaxe":4,"minecraft:spruce_slab":2,"minecraft:sugar_cane":40,"minecraft:iron_sword":4,"minecraft:iron_boots":8,"minecraft:book":2,"minecraft:stick":19,"minecraft:oak_fence":3,"minecraft:torch":36,"minecraft:dandelion":1,"mutationcraft:putrid_claw":3,"chococraft:gysahl_green_seeds":44,"minecraft:spruce_sapling":4,"minecraft:white_bed":1,"minecraft:spruce_log":65,"minecraft:redstone":7,"born_in_chaos_v1:fried_maggot":12,"minecraft:stone_sword":1,"minecraft:slime_ball":24,"minecraft:stone_axe":3,"minecraft:painting":8,"minecraft:emerald":3,"minecraft:bread":40,"minecraft:gold_ingot":6,"evilcraft:condensed_blood":32,"minecraft:oak_sapling":4,"minecraft:skeleton_skull":5,"minecraft:coal":6,"minecraft:snowball":20,"minecraft:white_wool":6,"minecraft:cobblestone":53},"minecraft:killed_by":{"mutationcraft:parasitic_roller":2,"mutationcraft:assimilated_donkey":1,"mutationcraft:assimilated_jockey":2,"mutationcraft:necroptor":4,"mutationcraft:assimilated_roamer":6,"mutationcraft:developed_roamer":1},"minecraft:crafted":{"minecraft:oak_planks":20,"minecraft:crafting_table":2,"minecraft:wooden_pickaxe":1,"minecraft:iron_sword":1,"minecraft:birch_planks":20,"minecraft:stone_axe":1,"minecraft:stick":8,"minecraft:stone_pickaxe":1,"minecraft:wooden_axe":1,"minecraft:stone_sword":1,"minecraft:chest":2},"minecraft:mined":{"minecraft:spruce_planks":9,"minecraft:white_bed":1,"minecraft:glass_pane":1,"minecraft:red_bed":6,"minecraft:dandelion":2,"minecraft:oak_fence":1,"minecraft:crafting_table":1,"minecraft:grass_block":2,"minecraft:cobblestone":2,"minecraft:spruce_leaves":1,"minecraft:sugar_cane":1,"minecraft:birch_log":5,"minecraft:fire":1,"aquamirae:wisteria_niveis":1,"minecraft:ice":12,"minecraft:spruce_log":20,"minecraft:birch_leaves":1,"minecraft:grass":3,"chococraft:gysahl_green":11,"minecraft:oak_log":5,"minecraft:coal_ore":3,"minecraft:dirt":1,"minecraft:packed_ice":13,"minecraft:stone":18,"tconstruct:earth_congealed_slime":4,"minecraft:spruce_slab":1},"minecraft:custom":{"minecraft:interact_with_furnace":1,"minecraft:mob_kills":4,"minecraft:interact_with_cartography_table":1,"minecraft:interact_with_crafting_table":9,"minecraft:open_barrel":1,"minecraft:interact_with_grindstone":1,"minecraft:leave_game":2,"minecraft:time_since_death":3028,"minecraft:sleep_in_bed":4,"minecraft:climb_one_cm":628,"minecraft:time_since_rest":3061,"minecraft:sprint_one_cm":138217,"minecraft:damage_taken":4588,"minecraft:walk_one_cm":202085,"minecraft:damage_dealt":1085,"minecraft:swim_one_cm":18199,"minecraft:talked_to_villager":1,"minecraft:fly_one_cm":91533,"minecraft:open_chest":42,"minecraft:crouch_one_cm":4532,"minecraft:play_time":59969,"minecraft:deaths":17,"minecraft:sneak_time":1401,"minecraft:walk_under_water_one_cm":6551,"minecraft:jump":701,"minecraft:walk_on_water_one_cm":9480,"minecraft:total_world_time":59969,"minecraft:fall_one_cm":14065}},"DataVersion":3120}