{"stats":{"minecraft:custom":{"minecraft:open_chest":1,"minecraft:time_since_rest":2537,"minecraft:crouch_one_cm":1228,"minecraft:sprint_one_cm":39866,"minecraft:play_time":51498,"minecraft:deaths":5,"minecraft:damage_taken":1388,"minecraft:walk_one_cm":56526,"minecraft:sneak_time":322,"minecraft:walk_under_water_one_cm":107,"minecraft:jump":426,"minecraft:damage_dealt":175,"minecraft:leave_game":4,"minecraft:time_since_death":2507,"minecraft:walk_on_water_one_cm":2384,"minecraft:swim_one_cm":471,"minecraft:total_world_time":51498,"minecraft:interact_with_crafting_table":2,"minecraft:fall_one_cm":13549,"minecraft:fly_one_cm":53655},"minecraft:killed_by":{"mutationcraft:assimilated_human":1,"mutationcraft:necroptor":1,"born_in_chaos_v1:dread_hound":1,"mutationcraft:carnivorae":1,"mutationcraft:assimilated_roamer":1},"minecraft:crafted":{"minecraft:crafting_table":1,"minecraft:spruce_planks":36,"minecraft:stick":8,"minecraft:wooden_pickaxe":1},"minecraft:used":{"minecraft:crafting_table":1,"minecraft:spruce_planks":12,"minecraft:wooden_pickaxe":51},"minecraft:broken":{"minecraft:wooden_pickaxe":1},"minecraft:picked_up":{"minecraft:stick":18,"minecraft:crafting_table":3,"minecraft:pumpkin":4,"minecraft:spruce_planks":67,"evilcraft:flesh_humanoid":2,"minecraft:spruce_log":9,"minecraft:coal":120},"minecraft:mined":{"minecraft:grass":1,"minecraft:coal_ore":40,"minecraft:spruce_log":9,"minecraft:spruce_leaves":8,"minecraft:pumpkin":2,"minecraft:fern":2,"minecraft:crafting_table":1}},"DataVersion":3120}