{"stats":{"minecraft:mined":{"minecraft:dark_oak_planks":1,"minecraft:spruce_planks":7,"minecraft:white_bed":1,"minecraft:mossy_stone_brick_slab":1,"minecraft:brewing_stand":2,"minecraft:spruce_trapdoor":3,"minecraft:grass_block":141,"minecraft:spawner":5,"minecraft:tall_seagrass":1,"minecraft:magma_block":1,"minecraft:iron_ore":7,"minecraft:fire":28,"minecraft:barrel":6,"minecraft:pumpkin":2,"minecraft:fletching_table":2,"minecraft:deepslate_lapis_ore":4,"minecraft:water_cauldron":1,"minecraft:dirt_path":69,"minecraft:oak_stairs":6,"minecraft:iron_bars":11,"minecraft:iron_block":31,"minecraft:spruce_slab":12,"minecraft:sandstone_slab":1,"minecraft:deepslate_redstone_ore":2,"minecraft:red_bed":17,"minecraft:smoker":1,"mutationcraft:putrid_vine":1,"minecraft:torch":2,"minecraft:blast_furnace":1,"minecraft:chest":17,"minecraft:smooth_quartz_slab":2,"minecraft:cobblestone":2,"minecraft:slime_block":12,"minecraft:grindstone":1,"minecraft:oak_planks":23,"minecraft:wall_torch":12,"minecraft:amethyst_block":6,"minecraft:cauldron":1,"minecraft:skeleton_skull":1,"minecraft:light_gray_glazed_terracotta":10,"graveyard:oak_coffin":1,"minecraft:birch_log":7,"minecraft:tnt":1,"minecraft:stone_brick_stairs":13,"minecraft:grass":15,"minecraft:oak_log":15,"mutationcraft:putrid_block":9,"minecraft:sand":82,"minecraft:dirt":205,"minecraft:oak_leaves":5,"minecraft:deepslate":3,"minecraft:emerald_block":6,"minecraft:red_carpet":3,"minecraft:tuff":1,"minecraft:mossy_cobblestone":5,"minecraft:candle":1,"minecraft:stripped_birch_log":4,"minecraft:dark_oak_fence":2,"minecraft:spruce_fence":17,"travelersbackpack:white_sleeping_bag":4,"minecraft:polished_andesite_slab":1,"minecraft:spruce_leaves":30,"minecraft:sandstone":14,"minecraft:large_fern":1,"minecraft:hay_block":26,"minecraft:furnace":9,"minecraft:snow":18,"minecraft:stripped_spruce_log":28,"minecraft:bell":1,"minecraft:bookshelf":21,"minecraft:deepslate_iron_ore":2,"minecraft:lantern":2,"minecraft:stripped_oak_log":9,"minecraft:packed_ice":8,"minecraft:smooth_quartz_stairs":10,"minecraft:stone":194,"minecraft:redstone_wall_torch":1,"minecraft:smithing_table":2,"minecraft:glass_pane":3,"minecraft:snow_block":120,"minecraft:brown_carpet":3,"minecraft:spruce_door":2,"minecraft:crafting_table":8,"minecraft:oak_wood":5,"minecraft:andesite_slab":1,"minecraft:lectern":3,"minecraft:campfire":2,"minecraft:copper_ore":22,"minecraft:deepslate_gold_ore":4,"minecraft:lapis_ore":2,"minecraft:prismarine_bricks":1,"minecraft:waxed_weathered_cut_copper_slab":2,"minecraft:ice":5,"minecraft:spruce_log":78,"gobber2:gobber2_lucky_block_deepslate":4,"minecraft:coal_ore":101,"minecraft:gravel":14,"minecraft:dripstone_block":5,"minecraft:cobweb":3,"minecraft:cracked_stone_bricks":2,"minecraft:stone_bricks":2,"minecraft:mossy_stone_bricks":2,"minecraft:chipped_anvil":1,"minecraft:fern":2},"minecraft:killed":{"minecraft:skeleton":7,"born_in_chaos_v1:firelight_not_despawn":3,"minecraft:pig":1,"minecraft:pillager":1,"minecraft:zombie":2,"minecraft:stray":1,"minecraft:evoker":1,"minecraft:vindicator":2,"alexsmobs:bison":1,"minecraft:drowned":1,"born_in_chaos_v1:decrepit_skeleton":1,"alexsmobs:cockroach":1},"minecraft:picked_up":{"minecraft:wooden_axe":1,"minecraft:iron_chestplate":28,"minecraft:wheat":66,"minecraft:smithing_table":7,"minecraft:lead":1,"minecraft:oak_stairs":16,"minecraft:potion":8,"minecraft:enchanted_book":1,"minecraft:stone_brick_stairs":53,"minecraft:brewing_stand":1,"minecraft:amethyst_block":6,"minecraft:string":253,"minecraft:raw_copper":69,"alexsmobs:ancient_dart":1,"minecraft:cooked_salmon":11,"minecraft:iron_leggings":12,"minecraft:experience_bottle":11,"minecraft:gold_nugget":32,"minecraft:cobbled_deepslate":9,"minecraft:bucket":19,"minecraft:spruce_planks":737,"minecraft:redstone_torch":1,"minecraft:iron_pickaxe":59,"minecraft:smooth_quartz_stairs":10,"minecraft:furnace":14,"minecraft:iron_boots":46,"minecraft:stick":204,"minecraft:torch":603,"minecraft:snow_block":154,"minecraft:porkchop":1,"minecraft:cauldron":9,"minecraft:brown_carpet":3,"minecraft:stone_sword":1,"born_in_chaos_v1:fried_maggot":2,"minecraft:rotten_flesh":26,"minecraft:iron_block":30,"minecraft:bookshelf":36,"born_in_chaos_v1:cultivated_pumpkin":5,"minecraft:leather_horse_armor":3,"minecraft:iron_bars":30,"minecraft:snowball":993,"minecraft:cobblestone":1468,"minecraft:birch_log":14,"minecraft:magma_block":2,"minecraft:leather_chestplate":1,"minecraft:cooked_beef":14,"minecraft:repeater":1,"minecraft:water_bucket":2,"minecraft:smoker":3,"minecraft:potato":333,"minecraft:flint":60,"minecraft:tuff":1,"evilcraft:flesh_humanoid":80,"minecraft:lapis_lazuli":115,"minecraft:stripped_birch_log":43,"minecraft:dirt":1992,"minecraft:lantern":40,"minecraft:bone":79,"minecraft:chipped_anvil":1,"minecraft:acacia_planks":4,"gobber2:gobber2_gooey_beef":3,"minecraft:wheat_seeds":26,"aquamirae:wisteria_niveis":1,"minecraft:raw_gold":12,"minecraft:bell":11,"minecraft:grindstone":5,"minecraft:waxed_weathered_cut_copper_slab":1,"biomemakeover:illunite_shard":6,"minecraft:fletching_table":5,"minecraft:mossy_stone_bricks":1,"minecraft:oak_planks":95,"minecraft:cooked_porkchop":4,"minecraft:sand":1233,"minecraft:stripped_spruce_log":26,"minecraft:spectral_arrow":179,"minecraft:barrel":14,"minecraft:mossy_cobblestone":16,"travelersbackpack:white_sleeping_bag":14,"graveyard:oak_coffin":1,"minecraft:iron_hoe":13,"born_in_chaos_v1:fire_dust":39,"minecraft:diamond":1,"minecraft:slime_block":10,"minecraft:writable_book":7,"minecraft:crossbow":21,"minecraft:golden_apple":18,"minecraft:emerald":169,"minecraft:bread":1070,"minecraft:light_gray_carpet":6,"minecraft:oak_sapling":9,"minecraft:dark_oak_fence":14,"minecraft:andesite_slab":1,"gobber2:gobber2_goo":3,"minecraft:fishing_rod":1,"minecraft:charcoal":7,"minecraft:crafting_table":33,"minecraft:coarse_dirt":2,"minecraft:sandstone_slab":49,"minecraft:leather_leggings":10,"minecraft:wooden_pickaxe":8,"minecraft:shield":15,"minecraft:red_bed":19,"minecraft:iron_axe":58,"minecraft:iron_shovel":6,"minecraft:cracked_stone_bricks":3,"minecraft:beef":26,"minecraft:player_head":1,"minecraft:spruce_slab":193,"minecraft:lectern":10,"minecraft:chest":17,"minecraft:sugar_cane":38,"minecraft:spruce_trapdoor":5,"minecraft:raw_iron":43,"minecraft:sandstone":42,"minecraft:stone":53,"minecraft:copper_ingot":5,"minecraft:spruce_fence":161,"minecraft:carrot":20,"minecraft:redstone":30,"minecraft:dark_oak_planks":6,"minecraft:tnt":1,"minecraft:arrow":152,"minecraft:stone_shovel":18,"architects_palette:spruce_boards":19,"minecraft:beetroot_seeds":4,"born_in_chaos_v1:wood_splitter_axe":1,"minecraft:hay_block":48,"minecraft:totem_of_undying":17,"minecraft:saddle":1,"minecraft:gold_ingot":23,"minecraft:white_wool":82,"minecraft:skeleton_skull":3,"minecraft:bone_block":2,"minecraft:stripped_oak_log":19,"born_in_chaos_v1:corpse_maggot":2,"gobber2:gobber2_gooey_beefstew":4,"minecraft:oak_log":15,"minecraft:gunpowder":39,"minecraft:paper":53,"minecraft:white_banner":6,"minecraft:red_carpet":3,"minecraft:stone_bricks":2,"minecraft:apple":6,"minecraft:gray_carpet":1,"minecraft:light_gray_glazed_terracotta":10,"minecraft:iron_ingot":106,"minecraft:stone_pickaxe":12,"minecraft:cobweb":6,"minecraft:polished_andesite_slab":1,"minecraft:iron_sword":54,"minecraft:book":9,"minecraft:emerald_block":6,"minecraft:pumpkin":16,"minecraft:dripstone_block":4,"minecraft:gravel":28,"minecraft:spruce_sapling":6,"chococraft:gysahl_green_seeds":8,"minecraft:blast_furnace":3,"minecraft:white_bed":1,"minecraft:spruce_log":196,"minecraft:spruce_door":2,"minecraft:oak_wood":5,"minecraft:slime_ball":12,"minecraft:stone_axe":10,"minecraft:iron_helmet":30,"minecraft:baked_potato":14,"minecraft:stripped_dark_oak_log":8,"minecraft:smooth_quartz_slab":2,"minecraft:coal":978},"minecraft:dropped":{"minecraft:iron_sword":3,"minecraft:birch_planks":5,"minecraft:cooked_beef":11,"born_in_chaos_v1:fried_maggot":2,"minecraft:crafting_table":1,"minecraft:crossbow":1,"minecraft:dirt":64,"minecraft:snowball":49,"minecraft:sand":2,"minecraft:iron_pickaxe":4,"minecraft:gravel":6,"minecraft:stone_axe":1,"minecraft:polished_andesite_slab":1,"minecraft:andesite_slab":1,"minecraft:rotten_flesh":7,"minecraft:oak_planks":1,"evilcraft:flesh_humanoid":7,"minecraft:leather_chestplate":1,"minecraft:iron_bars":4,"minecraft:bread":32,"minecraft:iron_ingot":12,"born_in_chaos_v1:wood_splitter_axe":1,"minecraft:wheat_seeds":1,"minecraft:mossy_cobblestone":2,"minecraft:iron_helmet":1,"minecraft:cobblestone":47,"minecraft:stick":2,"minecraft:cobweb":6,"minecraft:torch":11,"minecraft:iron_leggings":2,"minecraft:iron_axe":1,"minecraft:string":1,"minecraft:gray_carpet":1,"minecraft:acacia_planks":4,"minecraft:spruce_sapling":1,"minecraft:tuff":1,"minecraft:iron_boots":5,"minecraft:potato":6,"minecraft:spruce_planks":18,"minecraft:spruce_trapdoor":1,"minecraft:iron_chestplate":2,"minecraft:stone_pickaxe":1,"minecraft:wooden_pickaxe":1},"minecraft:used":{"minecraft:iron_shovel":348,"minecraft:spruce_slab":40,"minecraft:chest":31,"minecraft:shield":8,"minecraft:iron_sword":454,"minecraft:bell":3,"minecraft:iron_chestplate":9,"minecraft:carrot":2,"minecraft:snowball":1,"minecraft:lantern":11,"born_in_chaos_v1:mint_candy":2,"minecraft:iron_helmet":9,"minecraft:stone_brick_stairs":3,"minecraft:repeater":1,"minecraft:furnace":11,"minecraft:leather_leggings":1,"minecraft:spruce_door":3,"minecraft:stripped_birch_log":4,"minecraft:stone_pickaxe":192,"architects_palette:spruce_boards":40,"minecraft:oak_planks":29,"minecraft:wooden_pickaxe":66,"minecraft:golden_apple":2,"minecraft:sand":21,"minecraft:crossbow":11,"born_in_chaos_v1:holiday_candy":4,"gobber2:gobber2_gooey_beefstew":1,"minecraft:bread":58,"minecraft:lectern":3,"minecraft:gravel":4,"minecraft:grindstone":1,"minecraft:smithing_table":2,"minecraft:iron_bars":2,"minecraft:stone_shovel":257,"minecraft:spruce_planks":24,"minecraft:torch":106,"minecraft:brewing_stand":1,"minecraft:dirt":114,"minecraft:iron_axe":272,"minecraft:iron_boots":4,"minecraft:barrel":8,"evilcraft:flesh_humanoid":2,"minecraft:cooked_beef":4,"minecraft:iron_leggings":1,"minecraft:snow_block":3,"minecraft:cauldron":2,"minecraft:fletching_table":2,"minecraft:cracked_stone_bricks":1,"minecraft:mossy_cobblestone":4,"minecraft:crafting_table":15,"minecraft:red_bed":12,"minecraft:white_bed":1,"minecraft:campfire":4,"minecraft:spruce_log":1,"minecraft:iron_pickaxe":308,"travelersbackpack:white_sleeping_bag":5,"minecraft:stone_axe":26,"minecraft:cobblestone":34,"minecraft:cooked_porkchop":1,"minecraft:bucket":1,"minecraft:sandstone_slab":25},"minecraft:killed_by":{"born_in_chaos_v1:nightmare_stalker":4,"sanitydim:rotting_stalker":1,"minecraft:vindicator":15,"minecraft:vex":13,"minecraft:player":2,"born_in_chaos_v1:zombie_lumberjack":1,"born_in_chaos_v1:decaying_zombie":1,"born_in_chaos_v1:decrepit_skeleton":1,"cave_dweller:cave_dweller":1,"born_in_chaos_v1:dread_hound":1},"minecraft:custom":{"minecraft:interact_with_crafting_table":62,"minecraft:open_barrel":15,"minecraft:leave_game":11,"minecraft:time_since_death":15856,"minecraft:sprint_one_cm":745926,"minecraft:damage_blocked_by_shield":410,"minecraft:drop":78,"minecraft:talked_to_villager":4,"minecraft:play_time":431281,"minecraft:deaths":117,"minecraft:jump":5757,"minecraft:walk_on_water_one_cm":50710,"minecraft:interact_with_furnace":38,"minecraft:interact_with_cartography_table":1,"minecraft:sleep_in_bed":22,"minecraft:waystone_activated":1,"minecraft:damage_dealt":18199,"minecraft:player_kills":4,"minecraft:crouch_one_cm":13829,"minecraft:interact_with_smithing_table":1,"minecraft:mob_kills":55,"minecraft:climb_one_cm":11667,"minecraft:walk_one_cm":1048010,"minecraft:sneak_time":5483,"minecraft:walk_under_water_one_cm":10668,"minecraft:interact_with_blast_furnace":2,"minecraft:total_world_time":431281,"minecraft:time_since_rest":11329,"minecraft:damage_absorbed":80,"minecraft:damage_taken":35948,"minecraft:swim_one_cm":11442,"minecraft:fly_one_cm":943426,"minecraft:open_chest":268,"minecraft:fall_one_cm":139867},"minecraft:broken":{"minecraft:iron_shovel":1,"minecraft:stone_pickaxe":1,"minecraft:stone_shovel":2,"minecraft:wooden_pickaxe":1,"minecraft:iron_axe":1,"minecraft:iron_pickaxe":1},"minecraft:crafted":{"minecraft:oak_planks":116,"minecraft:stone":53,"minecraft:chest":15,"minecraft:crafting_table":8,"minecraft:spruce_planks":344,"minecraft:wooden_pickaxe":2,"minecraft:spruce_door":15,"minecraft:birch_planks":12,"minecraft:campfire":4,"minecraft:iron_chestplate":1,"minecraft:shield":2,"minecraft:stick":84,"minecraft:iron_ingot":41,"minecraft:iron_pickaxe":4,"minecraft:snow_block":96,"minecraft:sandstone":14,"minecraft:stone_shovel":2,"minecraft:furnace":1,"architects_palette:spruce_boards":72,"minecraft:iron_axe":2,"born_in_chaos_v1:fried_maggot":2,"minecraft:spruce_slab":60,"minecraft:iron_hoe":1,"minecraft:stone_pickaxe":1,"minecraft:wheat":90,"minecraft:cooked_beef":11,"minecraft:sandstone_slab":24,"minecraft:bucket":1,"minecraft:stone_axe":2,"minecraft:bread":32,"minecraft:air":0,"minecraft:iron_shovel":4,"minecraft:iron_leggings":2,"minecraft:white_bed":1,"minecraft:torch":76}},"DataVersion":3120}