{"stats":{"minecraft:custom":{"minecraft:interact_with_crafting_table":70,"minecraft:open_barrel":18,"minecraft:leave_game":15,"minecraft:time_since_death":4934,"minecraft:sprint_one_cm":1096502,"minecraft:damage_blocked_by_shield":700,"minecraft:drop":88,"minecraft:talked_to_villager":7,"minecraft:play_time":657120,"minecraft:deaths":149,"minecraft:jump":8425,"minecraft:walk_on_water_one_cm":115154,"minecraft:interact_with_furnace":55,"minecraft:interact_with_cartography_table":1,"minecraft:interact_with_loom":1,"minecraft:sleep_in_bed":33,"minecraft:waystone_activated":2,"minecraft:damage_dealt":24053,"minecraft:player_kills":4,"minecraft:crouch_one_cm":30157,"minecraft:horse_one_cm":273662,"minecraft:interact_with_smithing_table":2,"minecraft:mob_kills":91,"minecraft:damage_dealt_resisted":10,"minecraft:climb_one_cm":11667,"minecraft:walk_one_cm":1450076,"minecraft:sneak_time":11664,"minecraft:walk_under_water_one_cm":80101,"minecraft:interact_with_blast_furnace":2,"minecraft:total_world_time":657120,"minecraft:time_since_rest":1943,"minecraft:damage_absorbed":80,"minecraft:damage_taken":47874,"minecraft:swim_one_cm":81273,"minecraft:fly_one_cm":1444779,"minecraft:open_chest":450,"minecraft:fall_one_cm":190089},"minecraft:killed_by":{"born_in_chaos_v1:nightmare_stalker":4,"minecraft:pillager":2,"born_in_chaos_v1:zombie_bruiser":1,"sanitydim:rotting_stalker":1,"minecraft:vindicator":15,"minecraft:vex":13,"minecraft:player":2,"born_in_chaos_v1:zombie_lumberjack":1,"born_in_chaos_v1:decaying_zombie":1,"born_in_chaos_v1:decrepit_skeleton":1,"minecraft:skeleton":28,"cave_dweller:cave_dweller":1,"born_in_chaos_v1:dread_hound":1},"minecraft:broken":{"minecraft:iron_shovel":2,"minecraft:iron_boots":1,"minecraft:iron_chestplate":1,"minecraft:stone_pickaxe":1,"minecraft:stone_shovel":2,"minecraft:wooden_pickaxe":1,"minecraft:iron_axe":1,"minecraft:iron_pickaxe":3},"minecraft:picked_up":{"minecraft:wooden_axe":1,"minecraft:iron_chestplate":40,"minecraft:wheat":66,"minecraft:smithing_table":7,"minecraft:lead":1,"minecraft:oak_stairs":16,"minecraft:potion":9,"minecraft:enchanted_book":2,"minecraft:stone_brick_stairs":53,"minecraft:brewing_stand":1,"minecraft:amethyst_block":6,"minecraft:lapis_block":1,"minecraft:string":256,"minecraft:raw_copper":286,"alexsmobs:ancient_dart":1,"minecraft:cooked_salmon":11,"minecraft:iron_leggings":18,"minecraft:experience_bottle":55,"minecraft:oak_sign":1,"minecraft:gold_nugget":32,"minecraft:cobbled_deepslate":40,"minecraft:bucket":28,"minecraft:spruce_planks":781,"minecraft:redstone_torch":1,"minecraft:calcite":2,"minecraft:azalea":1,"minecraft:iron_pickaxe":72,"evilcraft:blood_extractor":7,"minecraft:smooth_quartz_stairs":10,"minecraft:furnace":14,"minecraft:iron_boots":53,"minecraft:stick":215,"minecraft:torch":1258,"minecraft:snow_block":154,"minecraft:porkchop":2,"minecraft:dried_kelp":16,"minecraft:diorite":9,"minecraft:cauldron":10,"minecraft:brown_carpet":3,"gobber2:gobber2_foo":18,"tconstruct:sky_slime_crystal":16,"minecraft:stone_sword":1,"born_in_chaos_v1:fried_maggot":2,"minecraft:rotten_flesh":28,"minecraft:polished_basalt":59,"minecraft:iron_block":30,"minecraft:bookshelf":36,"born_in_chaos_v1:cultivated_pumpkin":5,"minecraft:leather_horse_armor":3,"minecraft:iron_bars":30,"minecraft:cod":3,"minecraft:snowball":993,"alexsmobs:lobster_tail":5,"minecraft:cobblestone":1619,"minecraft:nautilus_shell":1,"minecraft:birch_log":14,"minecraft:magma_block":2,"minecraft:leather_chestplate":1,"minecraft:cooked_beef":14,"minecraft:repeater":1,"minecraft:water_bucket":8,"minecraft:andesite":2,"minecraft:smoker":3,"minecraft:potato":333,"alexsmobs:bison_fur":1,"minecraft:flint":97,"minecraft:tuff":1,"evilcraft:flesh_humanoid":90,"minecraft:lapis_lazuli":115,"minecraft:stripped_birch_log":43,"minecraft:dirt":2050,"minecraft:lantern":40,"born_in_chaos_v1:monster_skin":1,"minecraft:bone":119,"minecraft:chipped_anvil":1,"minecraft:acacia_planks":4,"minecraft:bow":1,"gobber2:gobber2_gooey_beef":9,"minecraft:wheat_seeds":32,"aquamirae:wisteria_niveis":1,"minecraft:raw_gold":12,"minecraft:bell":11,"minecraft:grindstone":6,"minecraft:waxed_weathered_cut_copper_slab":1,"biomemakeover:illunite_shard":6,"minecraft:fletching_table":5,"minecraft:mossy_stone_bricks":1,"minecraft:oak_planks":171,"gobber2:gobber2_gooey_bread":14,"minecraft:cooked_porkchop":4,"minecraft:sand":1534,"minecraft:stripped_spruce_log":26,"minecraft:dead_bush":1,"minecraft:spectral_arrow":179,"minecraft:barrel":14,"minecraft:mossy_cobblestone":31,"travelersbackpack:white_sleeping_bag":24,"graveyard:oak_coffin":1,"minecraft:iron_hoe":13,"minecraft:dispenser":1,"born_in_chaos_v1:fire_dust":39,"minecraft:diamond":6,"minecraft:slime_block":10,"minecraft:lever":1,"minecraft:writable_book":7,"minecraft:crossbow":21,"minecraft:bone_meal":11,"tconstruct:tinkers_chest":1,"minecraft:golden_apple":18,"minecraft:chainmail_helmet":5,"minecraft:emerald":205,"minecraft:bread":1109,"born_in_chaos_v1:rotten_fish":5,"minecraft:oak_sapling":10,"minecraft:light_gray_carpet":6,"minecraft:netherrack":1,"minecraft:dark_oak_fence":14,"gobber2:gobber2_goo":22,"minecraft:andesite_slab":1,"tconstruct:crafting_station":2,"minecraft:fishing_rod":1,"minecraft:charcoal":7,"minecraft:coarse_dirt":2,"minecraft:crafting_table":39,"minecraft:sandstone_slab":49,"minecraft:clay_ball":116,"minecraft:leather_leggings":10,"minecraft:wooden_pickaxe":8,"minecraft:shield":27,"minecraft:moss_carpet":3,"minecraft:red_bed":21,"minecraft:iron_axe":69,"minecraft:flint_and_steel":1,"minecraft:iron_shovel":9,"minecraft:cracked_stone_bricks":3,"minecraft:beef":32,"born_in_chaos_v1:gnawed_bones":1,"minecraft:player_head":1,"minecraft:spruce_slab":193,"minecraft:lectern":10,"minecraft:sugar_cane":38,"minecraft:chest":17,"minecraft:spruce_trapdoor":5,"minecraft:egg":1,"minecraft:raw_iron":101,"minecraft:sandstone":356,"minecraft:stone":53,"minecraft:copper_ingot":5,"minecraft:spruce_fence":161,"minecraft:white_dye":1,"born_in_chaos_v1:pieceofdarkmetal":1,"minecraft:carrot":20,"minecraft:redstone":30,"minecraft:dark_oak_planks":6,"minecraft:tnt":4,"minecraft:arrow":163,"minecraft:stone_shovel":18,"architects_palette:spruce_boards":19,"minecraft:beetroot_seeds":4,"born_in_chaos_v1:wood_splitter_axe":1,"tconstruct:tinker_station":1,"minecraft:hay_block":64,"minecraft:totem_of_undying":17,"minecraft:saddle":1,"minecraft:gold_ingot":63,"minecraft:bone_block":2,"minecraft:skeleton_skull":3,"minecraft:white_wool":82,"minecraft:stripped_oak_log":22,"born_in_chaos_v1:corpse_maggot":3,"tconstruct:part_builder":2,"gobber2:gobber2_gooey_beefstew":6,"alexsmobs:cachalot_whale_tooth":1,"minecraft:oak_log":15,"minecraft:waxed_copper_block":2,"minecraft:gunpowder":39,"tconstruct:sky_slime_crystal_block":2,"minecraft:paper":53,"minecraft:white_banner":7,"minecraft:smooth_sandstone":66,"minecraft:red_carpet":3,"minecraft:stone_bricks":2,"minecraft:apple":8,"minecraft:gray_carpet":1,"minecraft:kelp":12,"minecraft:light_gray_glazed_terracotta":10,"minecraft:spruce_wood":12,"minecraft:iron_ingot":106,"minecraft:stone_pickaxe":12,"minecraft:cobweb":6,"minecraft:polished_andesite_slab":2,"minecraft:iron_sword":68,"minecraft:book":141,"minecraft:dark_oak_slab":4,"minecraft:emerald_block":6,"minecraft:pumpkin":19,"minecraft:dripstone_block":4,"minecraft:gravel":157,"minecraft:lava_bucket":1,"minecraft:spruce_sapling":6,"chococraft:gysahl_green_seeds":8,"minecraft:blast_furnace":3,"minecraft:white_bed":1,"minecraft:spruce_log":196,"minecraft:spruce_door":2,"alexsmobs:raw_catfish":2,"minecraft:oak_wood":5,"minecraft:slime_ball":12,"minecraft:stone_axe":13,"evilcraft:dark_gem":9,"minecraft:iron_helmet":33,"tconstruct:seared_melter":1,"minecraft:baked_potato":246,"minecraft:stripped_dark_oak_log":8,"minecraft:smooth_quartz_slab":2,"minecraft:coal":1535},"minecraft:killed":{"alexsmobs:lobster":8,"minecraft:cave_spider":1,"minecraft:spider":1,"minecraft:cod":2,"minecraft:skeleton":10,"born_in_chaos_v1:firelight_not_despawn":3,"minecraft:pig":2,"born_in_chaos_v1:diamond_termite":1,"laendli_transport:crab":4,"minecraft:pillager":2,"minecraft:zombie":4,"born_in_chaos_v1:dread_hound":1,"alexsmobs:terrapin":1,"minecraft:stray":1,"minecraft:evoker":1,"minecraft:vindicator":2,"born_in_chaos_v1:maggot":1,"born_in_chaos_v1:corpse_fish":1,"alexsmobs:bison":2,"minecraft:drowned":1,"laendli_transport:slabcrab":2,"born_in_chaos_v1:baby_skeleton":1,"born_in_chaos_v1:decrepit_skeleton":2,"alexsmobs:catfish":1,"born_in_chaos_v1:bloody_gadfly":1,"alexsmobs:cockroach":1},"minecraft:dropped":{"minecraft:iron_sword":4,"minecraft:birch_planks":5,"minecraft:baked_potato":19,"minecraft:cooked_beef":11,"born_in_chaos_v1:fried_maggot":2,"minecraft:crafting_table":1,"minecraft:crossbow":1,"minecraft:dirt":64,"minecraft:snowball":49,"minecraft:sand":2,"minecraft:iron_pickaxe":4,"minecraft:gravel":8,"minecraft:stone_axe":1,"minecraft:lever":1,"minecraft:polished_andesite_slab":1,"minecraft:andesite_slab":1,"minecraft:rotten_flesh":7,"minecraft:oak_planks":1,"evilcraft:flesh_humanoid":8,"minecraft:leather_chestplate":1,"minecraft:iron_bars":4,"minecraft:bread":32,"minecraft:iron_ingot":12,"born_in_chaos_v1:wood_splitter_axe":1,"minecraft:wheat_seeds":1,"minecraft:mossy_cobblestone":2,"minecraft:iron_helmet":1,"minecraft:cobblestone":47,"evilcraft:dark_gem":1,"minecraft:stick":3,"minecraft:cobweb":6,"minecraft:torch":18,"minecraft:iron_leggings":2,"minecraft:iron_axe":1,"minecraft:string":1,"minecraft:gray_carpet":1,"minecraft:acacia_planks":4,"minecraft:spruce_sapling":1,"minecraft:tuff":1,"minecraft:iron_boots":5,"minecraft:potato":6,"minecraft:spruce_planks":18,"minecraft:spruce_trapdoor":1,"minecraft:iron_chestplate":2,"minecraft:stone_pickaxe":1,"minecraft:wooden_pickaxe":1},"minecraft:used":{"minecraft:iron_shovel":701,"travelersbackpack:lapis":2,"minecraft:spruce_slab":40,"minecraft:chest":31,"minecraft:shield":16,"minecraft:iron_sword":608,"minecraft:bell":3,"minecraft:iron_chestplate":9,"minecraft:carrot":2,"minecraft:snowball":1,"minecraft:lava_bucket":3,"minecraft:spruce_wood":5,"minecraft:lantern":11,"born_in_chaos_v1:mint_candy":2,"minecraft:iron_helmet":9,"minecraft:stone_brick_stairs":3,"minecraft:repeater":1,"minecraft:furnace":11,"minecraft:leather_leggings":1,"minecraft:spruce_door":3,"minecraft:stripped_birch_log":4,"minecraft:stone_pickaxe":192,"architects_palette:spruce_boards":40,"minecraft:oak_planks":32,"minecraft:wooden_pickaxe":66,"minecraft:sandstone":6,"minecraft:golden_apple":2,"minecraft:sand":21,"minecraft:crossbow":11,"born_in_chaos_v1:holiday_candy":4,"minecraft:shears":1,"gobber2:gobber2_gooey_beefstew":1,"minecraft:bread":90,"minecraft:lectern":3,"minecraft:gravel":4,"tconstruct:tinkers_chest":2,"minecraft:grindstone":2,"minecraft:smithing_table":2,"tconstruct:crafting_station":5,"minecraft:iron_bars":2,"minecraft:stone_shovel":257,"minecraft:spruce_planks":31,"tconstruct:seared_ingot_gauge":1,"minecraft:torch":177,"minecraft:brewing_stand":1,"minecraft:dirt":124,"minecraft:iron_axe":314,"tconstruct:tinker_station":2,"minecraft:iron_boots":4,"minecraft:barrel":8,"evilcraft:flesh_humanoid":2,"tconstruct:part_builder":3,"minecraft:cooked_beef":4,"minecraft:iron_leggings":1,"minecraft:water_bucket":3,"tconstruct:modifier_worktable":1,"minecraft:snow_block":3,"minecraft:baked_potato":18,"minecraft:cauldron":2,"minecraft:fletching_table":2,"minecraft:cracked_stone_bricks":1,"minecraft:mossy_cobblestone":4,"minecraft:crafting_table":19,"minecraft:red_bed":14,"minecraft:white_bed":1,"minecraft:campfire":5,"minecraft:spruce_log":1,"minecraft:apple":1,"minecraft:iron_pickaxe":714,"travelersbackpack:white_sleeping_bag":8,"minecraft:stone_axe":26,"minecraft:cobblestone":58,"tconstruct:seared_melter":2,"minecraft:cooked_porkchop":1,"minecraft:bucket":12,"minecraft:sandstone_slab":25},"minecraft:crafted":{"minecraft:oak_planks":116,"tconstruct:puny_smelting":1,"minecraft:stone":53,"minecraft:glass":64,"evilcraft:blood_extractor":1,"tconstruct:seared_brick":31,"minecraft:chest":17,"minecraft:crafting_table":9,"minecraft:spruce_planks":348,"minecraft:baked_potato":32,"minecraft:wooden_pickaxe":2,"minecraft:spruce_door":15,"minecraft:birch_planks":12,"minecraft:campfire":5,"minecraft:iron_chestplate":1,"minecraft:shield":2,"minecraft:stick":132,"minecraft:iron_ingot":50,"minecraft:iron_pickaxe":5,"minecraft:snow_block":96,"minecraft:sandstone":14,"minecraft:shears":1,"evilcraft:dark_spike":16,"tconstruct:pattern":12,"minecraft:stone_shovel":2,"minecraft:furnace":1,"architects_palette:spruce_boards":72,"travelersbackpack:white_sleeping_bag":2,"minecraft:iron_axe":2,"born_in_chaos_v1:fried_maggot":2,"minecraft:spruce_slab":60,"minecraft:iron_hoe":1,"minecraft:stone_pickaxe":1,"minecraft:wheat":90,"minecraft:cooked_beef":11,"minecraft:sandstone_slab":24,"minecraft:bucket":1,"minecraft:stone_axe":2,"minecraft:bread":32,"minecraft:air":0,"tconstruct:crafting_station":3,"minecraft:iron_shovel":5,"minecraft:iron_leggings":2,"minecraft:white_bed":1,"minecraft:torch":220},"minecraft:mined":{"minecraft:dark_oak_planks":1,"minecraft:spruce_planks":7,"minecraft:white_bed":1,"minecraft:mossy_stone_brick_slab":1,"tconstruct:tinker_station":1,"tconstruct:sky_slime_crystal_block":3,"minecraft:brewing_stand":2,"minecraft:spruce_trapdoor":3,"minecraft:grass_block":151,"gobber2:gobber2_lucky_block":13,"minecraft:spawner":6,"minecraft:tall_seagrass":2,"minecraft:magma_block":1,"minecraft:iron_ore":25,"minecraft:barrel":6,"minecraft:fire":28,"tconstruct:seared_melter":1,"minecraft:pumpkin":5,"minecraft:deepslate_lapis_ore":4,"minecraft:fletching_table":2,"tconstruct:tinkers_chest":1,"minecraft:water_cauldron":2,"minecraft:dirt_path":69,"minecraft:iron_bars":11,"minecraft:oak_stairs":6,"minecraft:spruce_wood":4,"minecraft:iron_block":31,"minecraft:spruce_slab":12,"minecraft:deepslate_redstone_ore":2,"minecraft:sandstone_slab":1,"tconstruct:part_builder":2,"minecraft:red_bed":19,"minecraft:kelp_plant":1,"minecraft:smoker":1,"mutationcraft:putrid_vine":1,"minecraft:clay":29,"minecraft:torch":7,"minecraft:blast_furnace":1,"minecraft:calcite":1,"minecraft:chest":17,"minecraft:dead_bush":1,"minecraft:smooth_quartz_slab":2,"minecraft:cobblestone":4,"minecraft:slime_block":12,"minecraft:grindstone":2,"minecraft:oak_planks":35,"minecraft:wall_torch":21,"minecraft:amethyst_block":6,"minecraft:cauldron":1,"minecraft:skeleton_skull":1,"minecraft:seagrass":1,"minecraft:dark_oak_slab":1,"minecraft:light_gray_glazed_terracotta":10,"graveyard:oak_coffin":1,"minecraft:birch_log":7,"minecraft:waxed_copper_block":2,"minecraft:tnt":4,"minecraft:stone_brick_stairs":14,"minecraft:grass":31,"minecraft:oak_log":15,"mutationcraft:putrid_block":9,"tconstruct:crafting_station":2,"minecraft:sand":282,"minecraft:dirt":215,"minecraft:dispenser":1,"minecraft:netherrack":1,"minecraft:oak_leaves":10,"minecraft:deepslate":14,"minecraft:emerald_block":6,"minecraft:tuff":1,"minecraft:red_carpet":3,"minecraft:mossy_cobblestone":15,"minecraft:candle":1,"minecraft:stripped_birch_log":4,"born_in_chaos_v1:infected_diamond_ore":2,"minecraft:lever":1,"minecraft:dark_oak_fence":2,"minecraft:spruce_fence":17,"travelersbackpack:white_sleeping_bag":7,"minecraft:polished_andesite_slab":3,"minecraft:spruce_leaves":30,"minecraft:sandstone":62,"tconstruct:sky_slime_crystal_cluster":2,"minecraft:large_fern":1,"minecraft:hay_block":26,"minecraft:furnace":9,"minecraft:polished_basalt":19,"minecraft:snow":18,"minecraft:andesite":1,"minecraft:stripped_spruce_log":28,"evilcraft:dark_ore":1,"minecraft:bell":1,"minecraft:bookshelf":26,"minecraft:deepslate_iron_ore":2,"minecraft:lantern":2,"minecraft:stripped_oak_log":12,"minecraft:packed_ice":8,"minecraft:smooth_quartz_stairs":10,"tconstruct:medium_sky_slime_crystal_bud":1,"minecraft:stone":246,"minecraft:redstone_wall_torch":1,"minecraft:smithing_table":2,"minecraft:glass_pane":3,"minecraft:snow_block":120,"minecraft:brown_carpet":3,"minecraft:spruce_door":2,"minecraft:smooth_sandstone":20,"minecraft:crafting_table":14,"minecraft:oak_wood":5,"minecraft:andesite_slab":1,"minecraft:lectern":3,"minecraft:campfire":2,"minecraft:copper_ore":50,"minecraft:tall_grass":1,"minecraft:lapis_ore":2,"minecraft:deepslate_gold_ore":4,"minecraft:diorite":5,"minecraft:prismarine_bricks":1,"minecraft:waxed_weathered_cut_copper_slab":2,"minecraft:ice":5,"minecraft:spruce_log":78,"gobber2:gobber2_lucky_block_deepslate":4,"minecraft:coal_ore":243,"minecraft:gravel":128,"minecraft:dripstone_block":5,"minecraft:cobweb":3,"minecraft:cracked_stone_bricks":4,"minecraft:stone_bricks":3,"minecraft:mossy_stone_bricks":2,"minecraft:chipped_anvil":1,"minecraft:fern":2}},"DataVersion":3120}