{"stats":{"minecraft:picked_up":{"iceandfire:shiny_scales":4},"minecraft:custom":{"minecraft:jump":196,"minecraft:open_chest":1,"minecraft:time_since_rest":8567,"minecraft:damage_taken":70,"minecraft:leave_game":1,"minecraft:play_time":8567,"minecraft:sprint_one_cm":16284,"minecraft:time_since_death":8567,"minecraft:walk_on_water_one_cm":2514,"minecraft:walk_one_cm":12808,"minecraft:total_world_time":8567,"minecraft:walk_under_water_one_cm":3433,"minecraft:swim_one_cm":7630,"minecraft:fall_one_cm":4482,"minecraft:fly_one_cm":151934}},"DataVersion":3120}