{"stats":{"minecraft:killed":{"minecraft:witch":2,"born_in_chaos_v1:restless_spirit":2,"minecraft:spider":12,"born_in_chaos_v1:siamese_skeletonsright":1,"minecraft:skeleton":14,"minecraft:silverfish":1,"minecraft:creeper":1,"laendli_transport:crab":22,"born_in_chaos_v1:zombie_fisherman":1,"minecraft:pillager":8,"minecraft:zombie":36,"born_in_chaos_v1:dread_hound":2,"born_in_chaos_v1:corpse_fly":14,"minecraft:stray":1,"minecraft:glow_squid":2,"born_in_chaos_v1:siamese_skeletonsleft":1,"graveyard:nightmare":1,"graveyard:revenant":3,"minecraft:vindicator":1,"born_in_chaos_v1:zombie_bruiser":3,"born_in_chaos_v1:maggot":15,"minecraft:drowned":2,"alexsmobs:flying_fish":4,"rottencreatures:undead_miner":4,"laendli_transport:slabcrab":27,"graveyard:ghoul":5,"born_in_chaos_v1:baby_skeleton":2,"born_in_chaos_v1:swarmer":1,"born_in_chaos_v1:decrepit_skeleton":3,"born_in_chaos_v1:nightmare_stalker":1},"minecraft:dropped":{"minecraft:iron_sword":2,"minecraft:cooked_beef":12,"minecraft:baked_potato":226,"minecraft:leather":44,"minecraft:mossy_stone_brick_stairs":1,"alexsmobs:flying_fish_boots":1,"minecraft:large_fern":1,"minecraft:cracked_deepslate_tiles":2,"minecraft:chain":1,"minecraft:bone_meal":6,"minecraft:iron_pickaxe":2,"minecraft:bone":179,"minecraft:iron_nugget":5,"minecraft:wheat":5,"minecraft:rotten_flesh":7,"evilcraft:flesh_humanoid":1,"minecraft:chainmail_chestplate":1,"minecraft:gunpowder":25,"born_in_chaos_v1:corpse_maggot":2,"minecraft:leather_boots":1,"minecraft:chainmail_boots":1,"minecraft:iron_bars":2,"minecraft:spruce_slab":4,"minecraft:white_dye":2,"minecraft:arrow":62,"minecraft:bread":20,"minecraft:iron_ingot":15,"minecraft:water_bucket":1,"minecraft:golden_helmet":2,"minecraft:mossy_cobblestone":10,"minecraft:iron_helmet":4,"minecraft:cobblestone":1,"minecraft:book":23,"minecraft:coal":39,"evilcraft:blood_extractor":3,"minecraft:torch":147,"minecraft:potion":1,"minecraft:iron_leggings":1,"minecraft:dried_kelp":5,"minecraft:iron_shovel":3,"minecraft:string":87,"minecraft:coarse_dirt":3,"minecraft:tuff":1,"minecraft:iron_boots":2,"minecraft:smoker":1,"minecraft:name_tag":2,"minecraft:diamond_sword":3,"minecraft:shield":3,"minecraft:spruce_planks":53,"minecraft:iron_chestplate":5,"iceandfire:silver_ingot":11,"minecraft:stone_pressure_plate":2,"minecraft:stone_bricks":1,"minecraft:spruce_log":37,"minecraft:cracked_deepslate_bricks":12,"minecraft:nautilus_shell":3},"minecraft:custom":{"minecraft:interact_with_crafting_table":43,"minecraft:open_barrel":15,"minecraft:bell_ring":1,"minecraft:leave_game":4,"minecraft:time_since_death":15824,"minecraft:damage_resisted":4,"minecraft:sprint_one_cm":1177061,"minecraft:damage_blocked_by_shield":910,"minecraft:drop":178,"minecraft:talked_to_villager":14,"minecraft:play_time":855296,"minecraft:deaths":17,"minecraft:jump":9531,"minecraft:interact_with_brewingstand":1,"minecraft:walk_on_water_one_cm":85983,"minecraft:enchant_item":2,"minecraft:interact_with_furnace":63,"minecraft:interact_with_cartography_table":3,"minecraft:interact_with_loom":1,"minecraft:sleep_in_bed":33,"minecraft:damage_dealt":35984,"minecraft:player_kills":1,"minecraft:crouch_one_cm":72839,"minecraft:interact_with_smoker":20,"minecraft:interact_with_smithing_table":5,"minecraft:interact_with_anvil":3,"minecraft:mob_kills":197,"minecraft:damage_dealt_resisted":637,"minecraft:climb_one_cm":67659,"minecraft:walk_one_cm":2692870,"minecraft:sneak_time":26979,"minecraft:walk_under_water_one_cm":58976,"minecraft:interact_with_blast_furnace":82,"minecraft:total_world_time":855296,"minecraft:interact_with_grindstone":1,"minecraft:interact_with_stonecutter":11,"minecraft:time_since_rest":15872,"minecraft:damage_taken":12466,"minecraft:swim_one_cm":75905,"minecraft:fly_one_cm":1966994,"minecraft:open_chest":681,"minecraft:fall_one_cm":148424},"minecraft:killed_by":{"minecraft:creeper":2,"born_in_chaos_v1:zombie_bruiser":3,"minecraft:vindicator":2,"graveyard:revenant":2,"minecraft:player":2,"minecraft:iron_golem":1,"laendli_transport:slabcrab":1,"minecraft:skeleton":2,"cave_dweller:cave_dweller":2},"minecraft:broken":{"minecraft:iron_shovel":5,"minecraft:iron_chestplate":1,"minecraft:iron_leggings":1,"minecraft:stone_pickaxe":1,"minecraft:stone_axe":1,"minecraft:iron_sword":2,"minecraft:stone_shovel":1,"minecraft:leather_boots":1,"minecraft:iron_pickaxe":7,"minecraft:wooden_hoe":2},"minecraft:mined":{"minecraft:stone_pressure_plate":4,"minecraft:spruce_planks":6,"minecraft:farmland":1,"minecraft:cobbled_deepslate_stairs":5,"minecraft:obsidian":16,"minecraft:spruce_trapdoor":57,"minecraft:granite":19,"minecraft:grass_block":892,"gobber2:gobber2_lucky_block":2,"minecraft:deepslate_bricks":150,"minecraft:deepslate_tile_stairs":10,"minecraft:spawner":29,"minecraft:chiseled_stone_bricks":1,"minecraft:tall_seagrass":1,"tconstruct:seared_ingot_gauge":1,"minecraft:magma_block":4,"minecraft:glowstone":2,"minecraft:iron_ore":51,"minecraft:cobbled_deepslate":116,"minecraft:barrel":2,"minecraft:fletching_table":4,"minecraft:moss_carpet":1,"minecraft:deepslate_lapis_ore":19,"minecraft:anvil":2,"minecraft:cave_vines":2,"minecraft:water_cauldron":1,"minecraft:dirt_path":55,"minecraft:iron_bars":10,"minecraft:oak_stairs":4,"minecraft:deepslate_brick_stairs":32,"minecraft:spruce_slab":4,"minecraft:deepslate_redstone_ore":23,"minecraft:brown_mushroom":1,"minecraft:quartz_block":18,"minecraft:red_bed":13,"minecraft:deepslate_brick_wall":19,"minecraft:smoker":3,"minecraft:deepslate_tile_slab":32,"minecraft:clay":33,"minecraft:torch":24,"minecraft:blast_furnace":8,"minecraft:chest":40,"minecraft:white_stained_glass_pane":6,"minecraft:glass":14,"minecraft:cobblestone":22,"minecraft:oak_planks":3,"minecraft:grindstone":3,"minecraft:sugar_cane":40,"minecraft:wall_torch":8,"minecraft:seagrass":2,"minecraft:white_terracotta":4,"minecraft:light_blue_terracotta":3,"evilcraft:dark_ore_deepslate":4,"minecraft:wheat":80,"minecraft:stone_brick_stairs":4,"minecraft:black_bed":1,"graveyard:skull_pile":1,"minecraft:grass":31,"minecraft:cracked_deepslate_tiles":6,"minecraft:sand":101,"minecraft:dirt":264,"minecraft:stonecutter":1,"minecraft:deepslate":473,"minecraft:deepslate_tiles":8,"minecraft:diamond_ore":1,"minecraft:crying_obsidian":1,"minecraft:tuff":2,"iceandfire:silver_ore":11,"minecraft:mossy_cobblestone":10,"minecraft:deepslate_diamond_ore":11,"minecraft:cobbled_deepslate_slab":14,"minecraft:spruce_fence":53,"iceandfire:deepslate_silver_ore":2,"minecraft:spruce_leaves":66,"minecraft:moss_block":2,"minecraft:cartography_table":1,"minecraft:deepslate_brick_slab":16,"minecraft:furnace":2,"minecraft:acacia_wood":3,"minecraft:andesite":16,"minecraft:stripped_spruce_log":3,"minecraft:bell":1,"minecraft:mossy_stone_brick_stairs":1,"minecraft:bookshelf":25,"minecraft:potatoes":238,"minecraft:deepslate_iron_ore":78,"minecraft:lantern":15,"tconstruct:seared_glass":3,"minecraft:stone":522,"minecraft:pink_terracotta":36,"minecraft:smithing_table":2,"minecraft:podzol":105,"minecraft:scaffolding":23,"minecraft:glass_pane":1,"minecraft:crafting_table":8,"minecraft:campfire":1,"minecraft:copper_ore":23,"minecraft:tall_grass":9,"minecraft:deepslate_coal_ore":12,"minecraft:deepslate_gold_ore":58,"minecraft:lapis_ore":20,"minecraft:cracked_deepslate_bricks":70,"minecraft:diorite":24,"minecraft:spruce_stairs":40,"minecraft:red_terracotta":19,"minecraft:coarse_dirt":15,"minecraft:sweet_berry_bush":4,"minecraft:ice":1,"minecraft:spruce_log":195,"iceandfire:silver_pile":1,"minecraft:coal_ore":193,"minecraft:dripstone_block":1,"minecraft:gravel":126,"graveyard:leaning_skeleton":1,"minecraft:cobweb":4,"minecraft:cracked_stone_bricks":4,"minecraft:stone_bricks":4,"minecraft:mossy_stone_bricks":4,"minecraft:gold_ore":9,"minecraft:fern":21,"minecraft:infested_stone":1},"minecraft:used":{"minecraft:iron_shovel":1392,"minecraft:spruce_slab":123,"travelersbackpack:lapis":5,"minecraft:chest":44,"minecraft:shield":22,"minecraft:iron_sword":658,"minecraft:bell":1,"minecraft:iron_chestplate":1,"minecraft:deepslate_brick_slab":26,"minecraft:deepslate_tile_slab":572,"minecraft:glass":69,"born_in_chaos_v1:corpse_maggot":2,"minecraft:lantern":38,"minecraft:iron_helmet":2,"tconstruct:seared_faucet":1,"minecraft:stone_bricks":14,"minecraft:bow":30,"minecraft:sweet_berries":42,"minecraft:written_book":2,"minecraft:scaffolding":29,"minecraft:furnace":2,"tconstruct:smeltery_controller":1,"minecraft:potato":386,"minecraft:deepslate_brick_wall":4,"minecraft:diorite":7,"minecraft:spruce_door":4,"minecraft:stone_pickaxe":131,"minecraft:wooden_pickaxe":6,"minecraft:composter":1,"minecraft:sugar_cane":85,"minecraft:glow_berries":1,"minecraft:sand":4,"minecraft:blast_furnace":4,"minecraft:deepslate_brick_stairs":7,"minecraft:deepslate_tiles":2,"minecraft:bread":32,"minecraft:diamond_sword":10,"born_in_chaos_v1:rotten_fish":1,"minecraft:grindstone":2,"minecraft:smithing_table":2,"tconstruct:crafting_station":3,"minecraft:coarse_dirt":4,"minecraft:bone_meal":188,"minecraft:iron_bars":4,"minecraft:enchanting_table":1,"minecraft:cracked_deepslate_bricks":2,"minecraft:stone_shovel":193,"tconstruct:seared_ingot_gauge":2,"minecraft:torch":161,"minecraft:dirt":471,"minecraft:anvil":1,"tconstruct:seared_ladder":10,"minecraft:spruce_fence":106,"minecraft:iron_hoe":49,"minecraft:iron_axe":278,"minecraft:iron_boots":2,"minecraft:barrel":4,"minecraft:stone_pressure_plate":1,"minecraft:cooked_beef":1,"minecraft:cobbled_deepslate":25,"minecraft:iron_leggings":2,"minecraft:wheat_seeds":133,"minecraft:cooked_mutton":2,"minecraft:water_bucket":23,"minecraft:baked_potato":128,"minecraft:cartography_table":1,"minecraft:fletching_table":4,"minecraft:stonecutter":2,"minecraft:spruce_fence_gate":8,"minecraft:leather_boots":1,"minecraft:deepslate_bricks":27,"minecraft:crafting_table":8,"minecraft:red_bed":13,"tconstruct:seared_basin":1,"minecraft:smoker":2,"minecraft:wooden_hoe":130,"minecraft:diamond_pickaxe":17,"minecraft:iron_pickaxe":2175,"minecraft:spruce_trapdoor":63,"minecraft:spruce_sapling":31,"minecraft:stone_axe":244,"minecraft:cobblestone":341,"tconstruct:seared_melter":1,"evilcraft:dark_tank":1,"minecraft:bucket":28,"tconstruct:clear_item_frame":16,"tconstruct:seared_glass":41},"minecraft:crafted":{"travelersbackpack:crafting_upgrade":1,"minecraft:stone":3,"minecraft:glass":230,"evilcraft:blood_extractor":2,"travelersbackpack:gray_sleeping_bag":1,"tconstruct:seared_brick":288,"minecraft:chest":2,"minecraft:crafting_table":5,"travelersbackpack:lapis":3,"minecraft:spruce_planks":356,"travelersbackpack:standard":1,"minecraft:wooden_pickaxe":1,"minecraft:baked_potato":252,"minecraft:spruce_door":3,"minecraft:wooden_hoe":3,"minecraft:diamond_pickaxe":1,"minecraft:shield":1,"minecraft:stick":268,"minecraft:iron_ingot":89,"minecraft:iron_pickaxe":5,"tconstruct:clear_item_frame":20,"tconstruct:seared_bricks":7,"minecraft:composter":1,"minecraft:spruce_fence_gate":8,"evilcraft:dark_spike":16,"tconstruct:pattern":3,"minecraft:stone_shovel":2,"minecraft:iron_nugget":72,"minecraft:furnace":1,"tconstruct:seared_basin":1,"minecraft:bone_meal":249,"minecraft:spruce_fence":117,"minecraft:glass_pane":80,"minecraft:lantern":9,"minecraft:deepslate_brick_wall":4,"minecraft:iron_axe":1,"minecraft:spruce_slab":124,"minecraft:stone_pickaxe":1,"alexsmobs:flying_fish_boots":2,"minecraft:diamond_sword":1,"iceandfire:silver_ingot":11,"minecraft:enchanting_table":1,"travelersbackpack:backpack_tank":3,"minecraft:iron_sword":2,"minecraft:stone_axe":2,"minecraft:air":0,"tconstruct:seared_ingot_gauge":1,"tconstruct:crafting_station":3,"tconstruct:seared_faucet":3,"minecraft:iron_shovel":5,"minecraft:iron_leggings":1,"minecraft:stonecutter":1,"minecraft:torch":140},"minecraft:picked_up":{"minecraft:iron_chestplate":20,"minecraft:wheat":94,"minecraft:chainmail_boots":2,"minecraft:anvil":5,"minecraft:smithing_table":4,"minecraft:diamond_sword":2,"minecraft:brown_bed":1,"minecraft:oak_stairs":7,"minecraft:potion":1,"minecraft:stone_brick_stairs":3,"minecraft:amethyst_block":8,"minecraft:string":128,"minecraft:raw_copper":102,"minecraft:iron_leggings":12,"minecraft:deepslate_tiles":14,"minecraft:cobbled_deepslate":1209,"minecraft:bucket":1,"minecraft:spruce_planks":220,"minecraft:written_book":1,"minecraft:azalea":2,"minecraft:iron_pickaxe":16,"evilcraft:blood_extractor":6,"minecraft:iron_boots":15,"minecraft:furnace":2,"minecraft:golden_helmet":2,"minecraft:stick":62,"minecraft:deepslate_brick_wall":19,"minecraft:big_dripleaf":8,"minecraft:torch":374,"minecraft:spruce_stairs":78,"iceandfire:silver_ore":18,"minecraft:dried_kelp":18,"minecraft:pointed_dripstone":1,"minecraft:diorite":31,"born_in_chaos_v1:nightmare_claw":3,"minecraft:deepslate_tile_stairs":10,"minecraft:pink_terracotta":72,"minecraft:cauldron":2,"gobber2:gobber2_foo":1,"minecraft:quartz_block":25,"minecraft:rotten_flesh":136,"alexsmobs:flying_fish_boots":3,"minecraft:white_terracotta":5,"evilcraft:condensed_blood":87,"minecraft:deepslate_brick_stairs":37,"minecraft:obsidian":16,"minecraft:iron_bars":10,"minecraft:cod":10,"alexsmobs:flying_fish":4,"minecraft:cobblestone":642,"minecraft:nautilus_shell":20,"minecraft:magma_block":10,"minecraft:cooked_beef":34,"minecraft:water_bucket":15,"minecraft:andesite":31,"minecraft:brown_wool":9,"minecraft:smoker":4,"minecraft:potato":893,"minecraft:flint":17,"minecraft:tuff":3,"evilcraft:flesh_humanoid":1,"minecraft:lapis_lazuli":303,"minecraft:dirt":1599,"minecraft:lantern":22,"minecraft:name_tag":2,"born_in_chaos_v1:monster_skin":3,"minecraft:leather_boots":6,"minecraft:bone":338,"minecraft:stonecutter":1,"minecraft:bow":9,"minecraft:wheat_seeds":245,"minecraft:deepslate_brick_slab":13,"minecraft:raw_gold":85,"minecraft:cobbled_deepslate_slab":7,"minecraft:bell":1,"minecraft:grindstone":2,"minecraft:mossy_stone_bricks":4,"minecraft:fletching_table":7,"minecraft:glowstone_dust":5,"minecraft:moss_block":1,"minecraft:mossy_stone_brick_stairs":2,"minecraft:oak_planks":6,"minecraft:cooked_porkchop":2,"tconstruct:seared_ingot_gauge":1,"minecraft:poisonous_potato":8,"iceandfire:shiny_scales":8,"minecraft:sand":132,"minecraft:stripped_spruce_log":3,"minecraft:red_terracotta":19,"alexsmobs:animal_dictionary":1,"minecraft:barrel":4,"minecraft:mossy_cobblestone":25,"minecraft:iron_hoe":2,"minecraft:light_blue_terracotta":1,"minecraft:diamond":12,"minecraft:granite":35,"minecraft:bone_meal":17,"minecraft:golden_apple":2,"minecraft:emerald":27,"minecraft:spruce_sign":3,"minecraft:bread":120,"born_in_chaos_v1:rotten_fish":3,"iceandfire:silver_nugget":12,"gobber2:gobber2_goo":1,"minecraft:coarse_dirt":19,"minecraft:charcoal":2,"minecraft:crafting_table":8,"minecraft:allium":6,"born_in_chaos_v1:river_mint":1,"minecraft:clay_ball":164,"tconstruct:materials_and_you":1,"minecraft:brown_mushroom":26,"minecraft:wooden_pickaxe":2,"minecraft:chain":3,"minecraft:shield":15,"minecraft:red_bed":13,"minecraft:moss_carpet":2,"minecraft:large_fern":5,"minecraft:iron_axe":15,"tconstruct:seared_glass":3,"minecraft:iron_shovel":16,"graveyard:corruption":4,"minecraft:cracked_stone_bricks":5,"minecraft:cartography_table":2,"minecraft:beef":3,"minecraft:iron_nugget":29,"minecraft:spruce_slab":10,"minecraft:sugar_cane":85,"minecraft:chest":47,"minecraft:spruce_trapdoor":45,"minecraft:raw_iron":147,"minecraft:copper_ingot":2,"evilcraft:origins_of_darkness":4,"minecraft:spruce_fence":61,"minecraft:white_dye":10,"born_in_chaos_v1:pieceofdarkmetal":5,"minecraft:redstone":168,"minecraft:stone_pressure_plate":7,"minecraft:tnt":7,"minecraft:arrow":178,"minecraft:stone_shovel":3,"minecraft:pumpkin_pie":1,"minecraft:shears":3,"minecraft:deepslate_bricks":199,"minecraft:cracked_deepslate_bricks":85,"iceandfire:deepslate_silver_ore":4,"minecraft:glow_berries":1,"minecraft:mutton":2,"minecraft:white_wool":2,"born_in_chaos_v1:fused_bone":3,"minecraft:cracked_deepslate_tiles":7,"born_in_chaos_v1:corpse_maggot":21,"born_in_chaos_v1:monster_flesh":4,"minecraft:glow_ink_sac":4,"minecraft:yellow_dye":1,"minecraft:leather":48,"minecraft:fern":11,"minecraft:red_mushroom":8,"minecraft:acacia_wood":3,"minecraft:oak_log":6,"minecraft:chainmail_chestplate":2,"minecraft:cobbled_deepslate_stairs":2,"minecraft:gunpowder":37,"minecraft:wooden_hoe":1,"minecraft:deepslate_tile_slab":52,"tconstruct:seared_brick":5,"minecraft:cooked_mutton":4,"minecraft:apple":29,"minecraft:stone_bricks":156,"minecraft:iron_ingot":16,"minecraft:iron_sword":19,"minecraft:book":122,"minecraft:scaffolding":42,"minecraft:sweet_berries":194,"minecraft:chiseled_stone_bricks":2,"born_in_chaos_v1:ethereal_spirit":6,"minecraft:dripstone_block":1,"minecraft:gravel":250,"minecraft:spruce_sapling":115,"chococraft:gysahl_green_seeds":1,"minecraft:blast_furnace":10,"minecraft:spruce_log":349,"minecraft:crying_obsidian":1,"minecraft:spruce_door":3,"minecraft:spider_eye":10,"minecraft:leather_helmet":2,"minecraft:pumpkin_seeds":74,"minecraft:slime_ball":4,"minecraft:stone_axe":2,"minecraft:iron_helmet":18,"evilcraft:dark_gem":18,"minecraft:gray_wool":15,"minecraft:baked_potato":729,"minecraft:black_wool":2,"minecraft:coal":299}},"DataVersion":3120}