{"stats":{"minecraft:killed_by":{"minecraft:creeper":1,"born_in_chaos_v1:zombie_bruiser":3,"graveyard:revenant":2,"minecraft:player":2,"cave_dweller:cave_dweller":2},"minecraft:custom":{"minecraft:interact_with_crafting_table":41,"minecraft:open_barrel":4,"minecraft:bell_ring":1,"minecraft:leave_game":3,"minecraft:time_since_death":46062,"minecraft:damage_resisted":4,"minecraft:sprint_one_cm":586800,"minecraft:damage_blocked_by_shield":490,"minecraft:drop":39,"minecraft:talked_to_villager":2,"minecraft:play_time":488964,"minecraft:deaths":10,"minecraft:jump":5344,"minecraft:walk_on_water_one_cm":23000,"minecraft:interact_with_furnace":44,"minecraft:interact_with_cartography_table":2,"minecraft:sleep_in_bed":22,"minecraft:damage_dealt":13067,"minecraft:player_kills":1,"minecraft:crouch_one_cm":48324,"minecraft:interact_with_smoker":17,"minecraft:interact_with_smithing_table":1,"minecraft:mob_kills":58,"minecraft:interact_with_anvil":1,"minecraft:damage_dealt_resisted":617,"minecraft:climb_one_cm":59327,"minecraft:walk_one_cm":1372061,"minecraft:sneak_time":18163,"minecraft:walk_under_water_one_cm":11185,"minecraft:interact_with_blast_furnace":50,"minecraft:total_world_time":488964,"minecraft:interact_with_grindstone":1,"minecraft:interact_with_stonecutter":3,"minecraft:time_since_rest":3145,"minecraft:damage_taken":5548,"minecraft:swim_one_cm":15832,"minecraft:fly_one_cm":1229855,"minecraft:open_chest":353,"minecraft:fall_one_cm":94180},"minecraft:used":{"minecraft:iron_shovel":92,"minecraft:spruce_slab":123,"minecraft:chest":44,"minecraft:shield":12,"minecraft:iron_sword":254,"minecraft:bell":1,"minecraft:iron_chestplate":1,"minecraft:deepslate_brick_slab":26,"minecraft:glass":69,"minecraft:lantern":38,"minecraft:iron_helmet":2,"tconstruct:seared_faucet":1,"minecraft:sweet_berries":8,"minecraft:scaffolding":29,"minecraft:furnace":2,"tconstruct:smeltery_controller":1,"minecraft:potato":385,"minecraft:deepslate_brick_wall":4,"minecraft:spruce_door":3,"minecraft:stone_pickaxe":131,"minecraft:wooden_pickaxe":6,"minecraft:sugar_cane":69,"minecraft:glow_berries":1,"minecraft:blast_furnace":4,"minecraft:deepslate_brick_stairs":1,"minecraft:bread":29,"minecraft:grindstone":2,"minecraft:smithing_table":2,"tconstruct:crafting_station":3,"minecraft:coarse_dirt":4,"minecraft:cracked_deepslate_bricks":1,"minecraft:stone_shovel":193,"tconstruct:seared_ingot_gauge":2,"minecraft:torch":75,"minecraft:dirt":41,"tconstruct:seared_ladder":10,"minecraft:spruce_fence":53,"minecraft:iron_hoe":8,"minecraft:iron_axe":79,"minecraft:iron_boots":1,"minecraft:barrel":4,"minecraft:cooked_beef":1,"minecraft:iron_leggings":1,"minecraft:wheat_seeds":1,"minecraft:cooked_mutton":2,"minecraft:water_bucket":12,"minecraft:baked_potato":38,"minecraft:cartography_table":1,"minecraft:fletching_table":4,"minecraft:stonecutter":2,"minecraft:leather_boots":1,"minecraft:deepslate_bricks":19,"minecraft:crafting_table":7,"minecraft:red_bed":13,"tconstruct:seared_basin":1,"minecraft:smoker":2,"minecraft:wooden_hoe":130,"minecraft:diamond_pickaxe":7,"minecraft:iron_pickaxe":956,"minecraft:spruce_trapdoor":58,"minecraft:stone_axe":244,"minecraft:cobblestone":16,"tconstruct:seared_melter":1,"minecraft:bucket":12,"tconstruct:clear_item_frame":16,"tconstruct:seared_glass":30},"minecraft:broken":{"minecraft:stone_pickaxe":1,"minecraft:stone_axe":1,"minecraft:iron_sword":1,"minecraft:stone_shovel":1,"minecraft:leather_boots":1,"minecraft:iron_pickaxe":3,"minecraft:wooden_hoe":2},"minecraft:mined":{"minecraft:spruce_planks":6,"minecraft:farmland":1,"minecraft:obsidian":7,"minecraft:spruce_trapdoor":57,"minecraft:granite":18,"minecraft:grass_block":63,"minecraft:deepslate_bricks":150,"minecraft:deepslate_tile_stairs":10,"tconstruct:seared_ingot_gauge":1,"minecraft:magma_block":4,"minecraft:iron_ore":13,"minecraft:barrel":2,"minecraft:cobbled_deepslate":22,"minecraft:fletching_table":4,"minecraft:moss_carpet":1,"minecraft:deepslate_lapis_ore":7,"minecraft:anvil":2,"minecraft:cave_vines":1,"minecraft:water_cauldron":1,"minecraft:dirt_path":5,"minecraft:oak_stairs":2,"minecraft:deepslate_brick_stairs":11,"minecraft:spruce_slab":4,"minecraft:deepslate_redstone_ore":23,"minecraft:red_bed":13,"minecraft:deepslate_brick_wall":19,"minecraft:smoker":3,"minecraft:clay":9,"minecraft:torch":15,"minecraft:blast_furnace":8,"minecraft:chest":40,"minecraft:white_stained_glass_pane":6,"minecraft:glass":14,"minecraft:cobblestone":16,"minecraft:sugar_cane":37,"minecraft:grindstone":3,"minecraft:oak_planks":2,"minecraft:wall_torch":6,"minecraft:seagrass":1,"evilcraft:dark_ore_deepslate":4,"minecraft:wheat":1,"minecraft:black_bed":1,"minecraft:grass":8,"minecraft:cracked_deepslate_tiles":5,"minecraft:sand":80,"minecraft:dirt":45,"minecraft:stonecutter":1,"minecraft:deepslate":194,"minecraft:deepslate_tiles":6,"minecraft:tuff":1,"iceandfire:silver_ore":11,"minecraft:mossy_cobblestone":10,"minecraft:deepslate_diamond_ore":4,"minecraft:spruce_fence":51,"minecraft:spruce_leaves":12,"minecraft:cartography_table":1,"minecraft:moss_block":1,"minecraft:deepslate_brick_slab":2,"minecraft:furnace":2,"minecraft:acacia_wood":3,"minecraft:andesite":15,"minecraft:stripped_spruce_log":3,"minecraft:bell":1,"minecraft:bookshelf":25,"minecraft:potatoes":186,"minecraft:deepslate_iron_ore":25,"minecraft:lantern":15,"minecraft:stone":126,"minecraft:pink_terracotta":36,"minecraft:podzol":20,"minecraft:smithing_table":2,"minecraft:scaffolding":23,"minecraft:glass_pane":1,"minecraft:crafting_table":8,"minecraft:campfire":1,"minecraft:tall_grass":8,"minecraft:copper_ore":16,"minecraft:deepslate_coal_ore":12,"minecraft:lapis_ore":3,"minecraft:deepslate_gold_ore":56,"minecraft:cracked_deepslate_bricks":69,"minecraft:spruce_stairs":40,"minecraft:red_terracotta":19,"minecraft:coarse_dirt":12,"minecraft:spruce_log":43,"minecraft:coal_ore":112,"minecraft:gravel":49,"minecraft:cobweb":1,"minecraft:gold_ore":4,"minecraft:fern":6,"minecraft:infested_stone":1},"minecraft:killed":{"minecraft:witch":1,"minecraft:spider":2,"minecraft:skeleton":3,"minecraft:silverfish":1,"laendli_transport:crab":3,"minecraft:zombie":13,"born_in_chaos_v1:dread_hound":1,"born_in_chaos_v1:corpse_fly":2,"graveyard:revenant":3,"born_in_chaos_v1:zombie_bruiser":3,"born_in_chaos_v1:maggot":4,"minecraft:drowned":1,"rottencreatures:undead_miner":2,"laendli_transport:slabcrab":8,"graveyard:ghoul":5,"born_in_chaos_v1:baby_skeleton":2,"born_in_chaos_v1:swarmer":1,"born_in_chaos_v1:nightmare_stalker":1},"minecraft:dropped":{"minecraft:cooked_beef":4,"minecraft:baked_potato":72,"minecraft:large_fern":1,"minecraft:iron_nugget":5,"minecraft:wheat":5,"minecraft:spruce_slab":2,"minecraft:iron_ingot":10,"minecraft:mossy_cobblestone":10,"minecraft:iron_helmet":2,"minecraft:cobblestone":1,"minecraft:torch":35,"minecraft:iron_shovel":3,"minecraft:coarse_dirt":3,"minecraft:iron_boots":1,"minecraft:smoker":1,"minecraft:shield":1,"minecraft:spruce_planks":53,"minecraft:iron_chestplate":3,"iceandfire:silver_ingot":11,"minecraft:spruce_log":24,"minecraft:cracked_deepslate_bricks":12},"minecraft:picked_up":{"minecraft:iron_chestplate":11,"minecraft:wheat":15,"minecraft:anvil":5,"minecraft:smithing_table":4,"minecraft:oak_stairs":2,"minecraft:amethyst_block":8,"minecraft:string":10,"minecraft:raw_copper":82,"minecraft:iron_leggings":4,"minecraft:deepslate_tiles":12,"minecraft:cobbled_deepslate":277,"minecraft:bucket":1,"minecraft:spruce_planks":216,"minecraft:azalea":2,"minecraft:iron_pickaxe":7,"minecraft:iron_boots":10,"minecraft:furnace":2,"minecraft:stick":30,"minecraft:deepslate_brick_wall":19,"minecraft:big_dripleaf":8,"minecraft:torch":141,"iceandfire:silver_ore":18,"minecraft:spruce_stairs":78,"minecraft:dried_kelp":1,"born_in_chaos_v1:nightmare_claw":3,"minecraft:deepslate_tile_stairs":10,"minecraft:cauldron":2,"minecraft:pink_terracotta":72,"minecraft:rotten_flesh":77,"evilcraft:condensed_blood":87,"minecraft:deepslate_brick_stairs":11,"minecraft:obsidian":7,"minecraft:cod":2,"minecraft:cobblestone":236,"minecraft:nautilus_shell":5,"minecraft:magma_block":10,"minecraft:cooked_beef":4,"minecraft:water_bucket":10,"minecraft:andesite":30,"minecraft:brown_wool":9,"minecraft:smoker":4,"minecraft:potato":710,"minecraft:flint":9,"minecraft:tuff":1,"minecraft:lapis_lazuli":133,"minecraft:dirt":150,"minecraft:lantern":22,"born_in_chaos_v1:monster_skin":3,"minecraft:leather_boots":4,"minecraft:bone":18,"minecraft:stonecutter":1,"minecraft:bow":3,"minecraft:wheat_seeds":11,"minecraft:deepslate_brick_slab":2,"minecraft:raw_gold":78,"minecraft:bell":1,"minecraft:grindstone":2,"minecraft:fletching_table":7,"minecraft:oak_planks":2,"minecraft:cooked_porkchop":2,"tconstruct:seared_ingot_gauge":1,"minecraft:poisonous_potato":7,"iceandfire:shiny_scales":8,"minecraft:sand":96,"minecraft:stripped_spruce_log":3,"minecraft:red_terracotta":19,"minecraft:barrel":4,"alexsmobs:animal_dictionary":1,"minecraft:mossy_cobblestone":25,"minecraft:iron_hoe":2,"minecraft:diamond":4,"minecraft:granite":34,"minecraft:bone_meal":2,"minecraft:bread":95,"minecraft:spruce_sign":3,"minecraft:emerald":27,"minecraft:charcoal":2,"minecraft:crafting_table":8,"minecraft:coarse_dirt":13,"minecraft:allium":6,"minecraft:clay_ball":72,"tconstruct:materials_and_you":1,"minecraft:wooden_pickaxe":2,"minecraft:shield":5,"minecraft:red_bed":13,"minecraft:moss_carpet":2,"minecraft:large_fern":5,"minecraft:iron_axe":6,"minecraft:iron_shovel":10,"graveyard:corruption":2,"minecraft:cartography_table":2,"minecraft:beef":3,"minecraft:iron_nugget":15,"minecraft:spruce_slab":8,"minecraft:sugar_cane":69,"minecraft:chest":47,"minecraft:spruce_trapdoor":44,"minecraft:raw_iron":55,"minecraft:copper_ingot":2,"evilcraft:origins_of_darkness":4,"minecraft:spruce_fence":57,"born_in_chaos_v1:pieceofdarkmetal":1,"minecraft:redstone":168,"minecraft:arrow":21,"minecraft:stone_shovel":2,"minecraft:pumpkin_pie":1,"minecraft:shears":3,"minecraft:deepslate_bricks":171,"minecraft:cracked_deepslate_bricks":84,"minecraft:glow_berries":1,"minecraft:mutton":2,"minecraft:white_wool":2,"minecraft:cracked_deepslate_tiles":5,"born_in_chaos_v1:corpse_maggot":6,"born_in_chaos_v1:monster_flesh":3,"minecraft:fern":11,"minecraft:yellow_dye":1,"minecraft:acacia_wood":3,"minecraft:oak_log":6,"minecraft:gunpowder":4,"minecraft:wooden_hoe":1,"minecraft:cooked_mutton":4,"minecraft:stone_bricks":1,"minecraft:iron_ingot":7,"minecraft:iron_sword":10,"minecraft:book":75,"minecraft:scaffolding":42,"minecraft:sweet_berries":120,"born_in_chaos_v1:ethereal_spirit":5,"minecraft:gravel":178,"minecraft:spruce_sapling":55,"minecraft:blast_furnace":10,"minecraft:spruce_log":110,"minecraft:spruce_door":2,"minecraft:spider_eye":3,"minecraft:leather_helmet":2,"minecraft:pumpkin_seeds":66,"minecraft:slime_ball":4,"minecraft:stone_axe":2,"evilcraft:dark_gem":18,"minecraft:iron_helmet":12,"minecraft:gray_wool":15,"minecraft:baked_potato":273,"minecraft:black_wool":2,"minecraft:coal":150},"minecraft:crafted":{"minecraft:stone":3,"minecraft:glass":174,"tconstruct:seared_brick":200,"minecraft:crafting_table":3,"minecraft:spruce_planks":180,"minecraft:wooden_pickaxe":1,"minecraft:baked_potato":188,"minecraft:spruce_door":3,"minecraft:wooden_hoe":3,"minecraft:diamond_pickaxe":1,"minecraft:shield":1,"minecraft:stick":120,"minecraft:iron_ingot":43,"minecraft:iron_pickaxe":3,"tconstruct:clear_item_frame":20,"tconstruct:seared_bricks":7,"tconstruct:pattern":3,"minecraft:stone_shovel":2,"minecraft:iron_nugget":72,"minecraft:furnace":1,"tconstruct:seared_basin":1,"minecraft:spruce_fence":21,"minecraft:glass_pane":80,"minecraft:lantern":9,"minecraft:deepslate_brick_wall":4,"minecraft:iron_axe":1,"minecraft:spruce_slab":124,"minecraft:stone_pickaxe":1,"iceandfire:silver_ingot":11,"minecraft:iron_sword":2,"minecraft:stone_axe":2,"minecraft:air":0,"tconstruct:seared_ingot_gauge":1,"tconstruct:crafting_station":3,"tconstruct:seared_faucet":3,"minecraft:iron_shovel":1,"minecraft:iron_leggings":1,"minecraft:stonecutter":1,"minecraft:torch":132}},"DataVersion":3120}