{"stats":{"minecraft:killed":{"minecraft:cave_spider":1,"minecraft:witch":2,"born_in_chaos_v1:zombie_lumberjack":1,"born_in_chaos_v1:restless_spirit":2,"minecraft:spider":18,"born_in_chaos_v1:siamese_skeletonsright":1,"born_in_chaos_v1:baby_skeleton_minion":1,"minecraft:skeleton":18,"born_in_chaos_v1:skeleton_thrasher":1,"minecraft:silverfish":3,"born_in_chaos_v1:bonescaller":1,"minecraft:creeper":3,"laendli_transport:crab":22,"born_in_chaos_v1:zombie_fisherman":1,"minecraft:pillager":8,"minecraft:zombie":47,"born_in_chaos_v1:dread_hound":4,"born_in_chaos_v1:corpse_fly":16,"minecraft:stray":14,"minecraft:glow_squid":2,"born_in_chaos_v1:door_knight":2,"born_in_chaos_v1:siamese_skeletonsleft":1,"graveyard:nightmare":1,"graveyard:revenant":3,"minecraft:vindicator":1,"born_in_chaos_v1:zombie_bruiser":3,"born_in_chaos_v1:maggot":28,"minecraft:drowned":2,"alexsmobs:flying_fish":4,"rottencreatures:undead_miner":8,"laendli_transport:slabcrab":28,"graveyard:ghoul":5,"born_in_chaos_v1:baby_skeleton":2,"born_in_chaos_v1:swarmer":1,"born_in_chaos_v1:decrepit_skeleton":5,"born_in_chaos_v1:dark_vortex":1,"born_in_chaos_v1:nightmare_stalker":1,"minecraft:wither_skeleton":5,"minecraft:enderman":7},"minecraft:dropped":{"minecraft:iron_sword":5,"minecraft:cooked_beef":14,"minecraft:baked_potato":361,"minecraft:lantern":2,"minecraft:leather":44,"minecraft:mossy_stone_brick_stairs":1,"minecraft:cracked_stone_bricks":2,"minecraft:saddle":1,"alexsmobs:flying_fish_boots":1,"minecraft:large_fern":1,"minecraft:cracked_deepslate_tiles":2,"minecraft:chain":1,"minecraft:bone_meal":6,"minecraft:phantom_membrane":22,"minecraft:iron_pickaxe":6,"minecraft:bone":190,"minecraft:iron_nugget":5,"minecraft:wheat":5,"minecraft:rotten_flesh":9,"evilcraft:flesh_humanoid":3,"minecraft:chainmail_chestplate":2,"minecraft:leather_chestplate":1,"tconstruct:sledge_hammer":1,"minecraft:gunpowder":25,"born_in_chaos_v1:corpse_maggot":5,"minecraft:leather_boots":1,"minecraft:chainmail_boots":4,"minecraft:white_dye":2,"minecraft:spruce_slab":4,"minecraft:iron_bars":6,"minecraft:arrow":89,"minecraft:water_bucket":1,"minecraft:iron_ingot":15,"minecraft:bread":20,"minecraft:golden_helmet":2,"minecraft:mossy_cobblestone":10,"minecraft:iron_helmet":7,"minecraft:cobblestone":1,"minecraft:book":23,"minecraft:coal":77,"evilcraft:blood_extractor":3,"minecraft:torch":172,"travelersbackpack:melon":1,"minecraft:potion":1,"minecraft:iron_leggings":2,"minecraft:dried_kelp":5,"minecraft:iron_shovel":3,"minecraft:string":89,"minecraft:sweet_berries":4,"minecraft:coarse_dirt":3,"minecraft:tuff":1,"minecraft:iron_boots":4,"minecraft:smoker":1,"minecraft:name_tag":2,"minecraft:diamond_sword":3,"minecraft:spruce_boat":1,"minecraft:shield":6,"minecraft:spruce_planks":53,"minecraft:diamond_pickaxe":1,"minecraft:iron_chestplate":8,"iceandfire:silver_ingot":11,"minecraft:stone_pressure_plate":2,"minecraft:stone_bricks":50,"minecraft:stone_pickaxe":2,"minecraft:spruce_log":37,"minecraft:bow":3,"minecraft:cracked_deepslate_bricks":12,"minecraft:nautilus_shell":3},"minecraft:custom":{"minecraft:interact_with_crafting_table":43,"minecraft:open_barrel":41,"minecraft:bell_ring":1,"minecraft:leave_game":4,"minecraft:time_since_death":34261,"minecraft:damage_resisted":4,"minecraft:sprint_one_cm":1552576,"minecraft:damage_blocked_by_shield":1435,"minecraft:drop":265,"minecraft:talked_to_villager":14,"minecraft:play_time":1177175,"minecraft:deaths":32,"minecraft:jump":12093,"minecraft:interact_with_brewingstand":1,"minecraft:walk_on_water_one_cm":127590,"minecraft:enchant_item":2,"minecraft:interact_with_furnace":103,"minecraft:interact_with_cartography_table":3,"minecraft:interact_with_loom":1,"minecraft:sleep_in_bed":40,"minecraft:damage_dealt":50600,"minecraft:player_kills":3,"minecraft:crouch_one_cm":139445,"minecraft:interact_with_smoker":29,"minecraft:interact_with_smithing_table":5,"minecraft:interact_with_anvil":7,"minecraft:mob_kills":289,"minecraft:damage_dealt_resisted":4764,"minecraft:climb_one_cm":191370,"minecraft:walk_one_cm":3567461,"minecraft:sneak_time":48994,"minecraft:walk_under_water_one_cm":80829,"minecraft:boat_one_cm":44221,"minecraft:interact_with_blast_furnace":97,"minecraft:total_world_time":1177175,"minecraft:interact_with_grindstone":1,"minecraft:interact_with_stonecutter":21,"minecraft:time_since_rest":8412,"minecraft:damage_taken":21354,"minecraft:swim_one_cm":97164,"minecraft:fly_one_cm":2209316,"minecraft:open_chest":919,"minecraft:fall_one_cm":184454},"minecraft:killed_by":{"minecraft:creeper":3,"born_in_chaos_v1:zombie_bruiser":3,"minecraft:vindicator":2,"minecraft:zombie":3,"graveyard:revenant":2,"minecraft:player":2,"minecraft:stray":6,"minecraft:enderman":1,"minecraft:iron_golem":1,"laendli_transport:slabcrab":1,"minecraft:skeleton":4,"iceandfire:ghost":1,"cave_dweller:cave_dweller":2},"minecraft:broken":{"minecraft:iron_shovel":5,"minecraft:iron_chestplate":1,"minecraft:iron_leggings":2,"minecraft:stone_pickaxe":1,"minecraft:chainmail_chestplate":1,"minecraft:stone_axe":1,"minecraft:iron_sword":2,"minecraft:stone_shovel":1,"minecraft:leather_boots":1,"minecraft:iron_pickaxe":7,"minecraft:iron_helmet":2,"minecraft:wooden_hoe":2},"minecraft:mined":{"minecraft:spruce_planks":8,"minecraft:stone_pressure_plate":4,"minecraft:farmland":1,"minecraft:cobbled_deepslate_stairs":5,"minecraft:mossy_stone_brick_slab":1,"tconstruct:tinker_station":3,"tconstruct:seared_drain":2,"tconstruct:seared_bricks":9,"minecraft:obsidian":16,"minecraft:spruce_trapdoor":75,"minecraft:granite":19,"minecraft:grass_block":895,"gobber2:gobber2_lucky_block":2,"minecraft:deepslate_bricks":178,"tconstruct:part_chest":1,"minecraft:deepslate_tile_stairs":10,"minecraft:chiseled_stone_bricks":1,"minecraft:spawner":47,"tconstruct:seared_table":1,"minecraft:tall_seagrass":1,"tconstruct:seared_ingot_gauge":2,"minecraft:magma_block":4,"minecraft:mossy_cobblestone_slab":3,"minecraft:glowstone":2,"minecraft:iron_ore":57,"minecraft:barrel":6,"minecraft:fire":1,"minecraft:cobbled_deepslate":125,"tconstruct:seared_melter":1,"minecraft:anvil":4,"minecraft:moss_carpet":1,"minecraft:deepslate_lapis_ore":19,"minecraft:fletching_table":4,"tconstruct:tinkers_chest":1,"minecraft:cave_vines":2,"minecraft:water_cauldron":1,"minecraft:dirt_path":56,"minecraft:oak_stairs":4,"minecraft:iron_bars":16,"minecraft:deepslate_brick_stairs":47,"minecraft:spruce_slab":6,"minecraft:deepslate_redstone_ore":26,"tconstruct:part_builder":3,"minecraft:brown_mushroom":1,"minecraft:quartz_block":24,"minecraft:red_bed":13,"minecraft:deepslate_brick_wall":24,"minecraft:smoker":3,"minecraft:deepslate_tile_slab":32,"minecraft:clay":33,"minecraft:torch":27,"minecraft:blast_furnace":8,"minecraft:chest":40,"minecraft:white_stained_glass_pane":6,"minecraft:glass":69,"minecraft:cobblestone":25,"minecraft:oak_planks":3,"minecraft:sugar_cane":40,"minecraft:grindstone":3,"minecraft:wall_torch":9,"minecraft:seagrass":2,"minecraft:light_blue_terracotta":3,"minecraft:white_terracotta":4,"tconstruct:seared_ladder":10,"tconstruct:seared_faucet":2,"evilcraft:dark_ore_deepslate":13,"minecraft:wheat":80,"graveyard:skull_pile":1,"minecraft:stone_brick_stairs":5,"minecraft:black_bed":1,"minecraft:grass":32,"minecraft:cracked_deepslate_tiles":6,"minecraft:oak_log":6,"minecraft:sand":354,"minecraft:dirt":264,"tconstruct:crafting_station":2,"minecraft:stonecutter":1,"minecraft:deepslate":1787,"minecraft:deepslate_tiles":8,"minecraft:diamond_ore":1,"minecraft:crying_obsidian":1,"minecraft:tuff":169,"iceandfire:silver_ore":11,"minecraft:mossy_cobblestone":15,"minecraft:deepslate_diamond_ore":22,"evilcraft:dark_tank":1,"minecraft:cobbled_deepslate_slab":14,"minecraft:spruce_fence":59,"iceandfire:deepslate_silver_ore":2,"minecraft:spruce_leaves":69,"minecraft:moss_block":5,"minecraft:cartography_table":1,"minecraft:deepslate_brick_slab":19,"minecraft:furnace":2,"minecraft:acacia_wood":3,"minecraft:andesite":24,"minecraft:stripped_spruce_log":3,"architects_palette:spruce_boards":4,"minecraft:bell":1,"minecraft:mossy_stone_brick_stairs":1,"minecraft:bookshelf":26,"minecraft:potatoes":238,"minecraft:deepslate_iron_ore":80,"minecraft:vine":94,"minecraft:lantern":19,"tconstruct:seared_glass":53,"minecraft:bamboo":2,"minecraft:stone":605,"minecraft:pink_terracotta":36,"minecraft:podzol":112,"minecraft:smithing_table":2,"minecraft:scaffolding":28,"minecraft:glass_pane":1,"minecraft:stone_brick_slab":8,"minecraft:crafting_table":8,"tconstruct:seared_basin":3,"minecraft:campfire":4,"minecraft:copper_ore":26,"minecraft:tall_grass":9,"minecraft:deepslate_coal_ore":12,"minecraft:lapis_ore":20,"minecraft:deepslate_gold_ore":74,"minecraft:cracked_deepslate_bricks":74,"minecraft:diorite":45,"minecraft:spruce_stairs":40,"minecraft:red_terracotta":19,"minecraft:coarse_dirt":62,"tconstruct:smeltery_controller":1,"minecraft:sweet_berry_bush":12,"minecraft:ice":1,"minecraft:spruce_log":209,"iceandfire:silver_pile":1,"minecraft:coal_ore":193,"minecraft:gravel":195,"graveyard:leaning_skeleton":1,"minecraft:dripstone_block":1,"minecraft:cobweb":4,"minecraft:cracked_stone_bricks":6,"minecraft:stone_bricks":9,"minecraft:mossy_stone_bricks":6,"minecraft:gold_ore":9,"minecraft:infested_stone":1,"minecraft:fern":24},"minecraft:used":{"minecraft:iron_shovel":1439,"travelersbackpack:lapis":5,"minecraft:spruce_slab":123,"minecraft:shield":36,"minecraft:chest":44,"minecraft:iron_sword":663,"minecraft:bell":1,"minecraft:iron_chestplate":5,"minecraft:deepslate_tile_slab":662,"minecraft:deepslate_brick_slab":91,"minecraft:tuff":34,"minecraft:spruce_boat":9,"minecraft:glass":288,"born_in_chaos_v1:corpse_maggot":2,"minecraft:lantern":55,"tconstruct:seared_faucet":4,"minecraft:iron_helmet":5,"minecraft:stone_bricks":60,"tconstruct:tinkers_anvil":1,"minecraft:bow":73,"minecraft:scaffolding":42,"minecraft:sweet_berries":85,"minecraft:written_book":2,"minecraft:furnace":2,"tconstruct:smeltery_controller":2,"minecraft:potato":386,"minecraft:deepslate_brick_wall":48,"minecraft:diorite":7,"minecraft:diamond_boots":1,"minecraft:spruce_door":5,"architects_palette:spruce_boards":239,"minecraft:stone_pickaxe":131,"minecraft:wooden_pickaxe":6,"minecraft:composter":1,"minecraft:sugar_cane":85,"minecraft:glow_berries":1,"minecraft:sand":4,"minecraft:blast_furnace":4,"minecraft:deepslate_brick_stairs":7,"minecraft:deepslate_tiles":2,"minecraft:bread":50,"tconstruct:tinkers_chest":2,"born_in_chaos_v1:rotten_fish":1,"minecraft:diamond_sword":295,"minecraft:chainmail_boots":1,"minecraft:grindstone":2,"minecraft:smithing_table":2,"tconstruct:crafting_station":5,"minecraft:coarse_dirt":4,"minecraft:bone_meal":195,"minecraft:iron_bars":5,"minecraft:cracked_deepslate_bricks":2,"minecraft:enchanting_table":1,"iceandfire:silver_sword":2,"minecraft:stone_shovel":193,"minecraft:torch":222,"tconstruct:seared_drain":4,"tconstruct:seared_ingot_gauge":3,"minecraft:dirt":471,"minecraft:anvil":3,"minecraft:chainmail_chestplate":1,"tconstruct:seared_bricks":18,"tconstruct:seared_ladder":19,"minecraft:spruce_fence":114,"minecraft:iron_hoe":49,"minecraft:stone_brick_slab":56,"minecraft:light_gray_stained_glass":45,"minecraft:iron_axe":350,"tconstruct:tinker_station":3,"minecraft:iron_boots":4,"minecraft:bamboo":20,"minecraft:barrel":8,"minecraft:stone_pressure_plate":1,"minecraft:cooked_beef":15,"tconstruct:part_builder":4,"minecraft:cobbled_deepslate":25,"minecraft:iron_leggings":2,"minecraft:wheat_seeds":133,"minecraft:cooked_mutton":2,"minecraft:water_bucket":27,"minecraft:cartography_table":1,"minecraft:baked_potato":152,"minecraft:fletching_table":4,"minecraft:stonecutter":2,"minecraft:spruce_fence_gate":8,"minecraft:leather_boots":1,"minecraft:deepslate_bricks":59,"minecraft:cracked_stone_bricks":1,"minecraft:crafting_table":8,"minecraft:red_bed":13,"tconstruct:seared_basin":4,"minecraft:smoker":2,"minecraft:diamond_shovel":383,"minecraft:wooden_hoe":130,"minecraft:diamond_pickaxe":17,"minecraft:apple":3,"tconstruct:seared_table":2,"tconstruct:part_chest":2,"minecraft:iron_pickaxe":2460,"minecraft:spruce_trapdoor":69,"minecraft:spruce_sapling":31,"minecraft:stone_axe":244,"tconstruct:seared_melter":1,"evilcraft:dark_tank":2,"minecraft:cobblestone":345,"minecraft:bucket":32,"tconstruct:clear_item_frame":16,"tconstruct:seared_glass":85},"minecraft:crafted":{"minecraft:black_dye":7,"travelersbackpack:crafting_upgrade":1,"minecraft:stone":3,"minecraft:glass":432,"evilcraft:blood_extractor":2,"travelersbackpack:gray_sleeping_bag":1,"tconstruct:tinkers_chest":1,"tconstruct:seared_brick":341,"minecraft:chest":4,"tconstruct:tough_handle":1,"minecraft:crafting_table":5,"travelersbackpack:lapis":3,"minecraft:spruce_planks":472,"travelersbackpack:standard":1,"minecraft:wooden_pickaxe":1,"minecraft:baked_potato":274,"minecraft:spruce_door":3,"minecraft:spruce_trapdoor":2,"minecraft:wooden_hoe":3,"minecraft:diamond_pickaxe":1,"minecraft:shield":1,"minecraft:stick":268,"minecraft:iron_ingot":89,"minecraft:iron_pickaxe":5,"tconstruct:seared_bricks":8,"minecraft:light_gray_dye":28,"tconstruct:clear_item_frame":20,"minecraft:composter":1,"minecraft:spruce_fence_gate":8,"tconstruct:large_plate":1,"evilcraft:dark_spike":16,"tconstruct:pattern":12,"minecraft:stone_shovel":2,"tconstruct:part_builder":1,"minecraft:iron_nugget":117,"minecraft:furnace":1,"minecraft:gray_dye":14,"tconstruct:seared_basin":1,"minecraft:bone_meal":249,"minecraft:spruce_fence":117,"minecraft:glass_pane":80,"tconstruct:tinker_station":1,"minecraft:lantern":15,"architects_palette:spruce_boards":90,"minecraft:deepslate_brick_wall":4,"minecraft:iron_axe":1,"minecraft:spruce_slab":124,"minecraft:stone_pickaxe":1,"minecraft:spruce_boat":2,"alexsmobs:flying_fish_boots":2,"minecraft:diamond_sword":1,"iceandfire:silver_ingot":11,"minecraft:enchanting_table":1,"travelersbackpack:backpack_tank":3,"tconstruct:part_chest":1,"minecraft:iron_sword":2,"tconstruct:hammer_head":1,"minecraft:stone_axe":2,"tconstruct:seared_drain":2,"minecraft:air":0,"tconstruct:seared_ingot_gauge":1,"minecraft:white_dye":19,"tconstruct:crafting_station":3,"minecraft:iron_shovel":5,"tconstruct:seared_faucet":3,"minecraft:iron_leggings":1,"minecraft:stonecutter":1,"minecraft:torch":140,"tconstruct:sledge_hammer":4},"minecraft:picked_up":{"tconstruct:seared_drain":2,"minecraft:iron_chestplate":37,"minecraft:wheat":94,"minecraft:chainmail_boots":9,"minecraft:anvil":7,"minecraft:smithing_table":4,"minecraft:diamond_sword":20,"minecraft:oak_stairs":7,"minecraft:brown_bed":1,"minecraft:potion":1,"minecraft:golden_shovel":1,"minecraft:stone_brick_stairs":4,"minecraft:amethyst_block":8,"evilcraft:ender_tear":1,"minecraft:string":145,"tconstruct:smeltery_controller":1,"minecraft:raw_copper":267,"minecraft:iron_leggings":24,"minecraft:deepslate_tiles":14,"minecraft:cobbled_deepslate":2650,"minecraft:bucket":3,"minecraft:spruce_planks":223,"minecraft:written_book":1,"minecraft:azalea":2,"minecraft:iron_pickaxe":41,"tconstruct:seared_ladder":11,"evilcraft:blood_extractor":6,"minecraft:iron_boots":23,"minecraft:furnace":2,"minecraft:tipped_arrow":36,"minecraft:golden_helmet":2,"minecraft:stick":63,"born_in_chaos_v1:shattered_skull":1,"minecraft:deepslate_brick_wall":29,"minecraft:big_dripleaf":8,"minecraft:torch":893,"minecraft:spruce_stairs":78,"iceandfire:silver_ore":18,"minecraft:dried_kelp":18,"tconstruct:seared_faucet":4,"minecraft:pointed_dripstone":1,"minecraft:diorite":73,"born_in_chaos_v1:nightmare_claw":3,"minecraft:deepslate_tile_stairs":10,"minecraft:pink_terracotta":72,"minecraft:cauldron":2,"gobber2:gobber2_foo":1,"minecraft:quartz_block":33,"minecraft:rotten_flesh":169,"alexsmobs:flying_fish_boots":3,"minecraft:white_terracotta":5,"evilcraft:condensed_blood":95,"minecraft:deepslate_brick_stairs":52,"minecraft:obsidian":16,"minecraft:iron_bars":22,"minecraft:cod":11,"alexsmobs:flying_fish":4,"minecraft:cobblestone":816,"minecraft:nautilus_shell":21,"tconstruct:seared_bricks":8,"minecraft:magma_block":10,"minecraft:mossy_cobblestone_slab":2,"minecraft:leather_chestplate":3,"minecraft:cooked_beef":137,"minecraft:water_bucket":25,"minecraft:andesite":59,"minecraft:brown_wool":9,"minecraft:copper_block":1,"minecraft:smoker":4,"minecraft:potato":893,"minecraft:flint":26,"minecraft:tuff":189,"minecraft:light_gray_dye":22,"evilcraft:flesh_humanoid":5,"minecraft:lapis_lazuli":303,"minecraft:dirt":1610,"minecraft:lantern":48,"minecraft:name_tag":2,"born_in_chaos_v1:monster_skin":7,"minecraft:leather_boots":6,"minecraft:glass":87,"minecraft:bone":391,"minecraft:stonecutter":1,"minecraft:bow":22,"minecraft:wheat_seeds":245,"minecraft:deepslate_brick_slab":30,"minecraft:raw_gold":175,"minecraft:cobbled_deepslate_slab":7,"minecraft:bell":1,"minecraft:grindstone":2,"tconstruct:seared_table":1,"minecraft:mossy_stone_bricks":5,"minecraft:fletching_table":7,"minecraft:bamboo":17,"minecraft:glowstone_dust":5,"minecraft:moss_block":7,"tconstruct:sky_slime_sapling":1,"minecraft:oak_planks":6,"minecraft:mossy_stone_brick_stairs":2,"minecraft:cooked_porkchop":2,"tconstruct:seared_ingot_gauge":2,"minecraft:poisonous_potato":8,"iceandfire:shiny_scales":8,"minecraft:sand":382,"minecraft:stripped_spruce_log":3,"minecraft:red_terracotta":19,"minecraft:barrel":8,"alexsmobs:animal_dictionary":1,"minecraft:mossy_cobblestone":30,"minecraft:iron_hoe":2,"tconstruct:seared_basin":3,"minecraft:light_blue_terracotta":1,"minecraft:diamond":27,"minecraft:spruce_boat":9,"minecraft:granite":35,"minecraft:bone_meal":17,"tconstruct:tinkers_chest":1,"minecraft:golden_apple":2,"minecraft:spruce_sign":3,"minecraft:emerald":27,"minecraft:bread":208,"born_in_chaos_v1:rotten_fish":3,"iceandfire:silver_nugget":12,"gobber2:gobber2_goo":1,"minecraft:diamond_pickaxe":3,"minecraft:charcoal":6,"minecraft:coarse_dirt":66,"tconstruct:crafting_station":2,"minecraft:crafting_table":8,"minecraft:allium":6,"born_in_chaos_v1:river_mint":1,"minecraft:clay_ball":164,"born_in_chaos_v1:seedof_chaos":1,"minecraft:brown_mushroom":26,"tconstruct:materials_and_you":1,"minecraft:wooden_pickaxe":2,"minecraft:diamond_horse_armor":2,"minecraft:chain":3,"minecraft:shield":30,"minecraft:red_bed":13,"minecraft:moss_carpet":2,"minecraft:iron_axe":21,"minecraft:large_fern":5,"tconstruct:seared_glass":59,"minecraft:iron_shovel":23,"graveyard:corruption":4,"minecraft:cracked_stone_bricks":13,"minecraft:cartography_table":2,"minecraft:beef":3,"minecraft:iron_nugget":29,"minecraft:spruce_slab":11,"minecraft:sugar_cane":85,"minecraft:chest":47,"minecraft:phantom_membrane":22,"minecraft:spruce_trapdoor":60,"minecraft:raw_iron":165,"minecraft:copper_ingot":17,"evilcraft:origins_of_darkness":4,"minecraft:spruce_fence":67,"minecraft:white_dye":17,"born_in_chaos_v1:pieceofdarkmetal":12,"minecraft:carrot":2,"minecraft:redstone":168,"minecraft:stone_pressure_plate":7,"minecraft:tnt":17,"minecraft:arrow":472,"minecraft:stone_shovel":3,"architects_palette:spruce_boards":43,"minecraft:pumpkin_pie":1,"minecraft:deepslate_bricks":298,"minecraft:shears":3,"minecraft:diamond_boots":8,"tconstruct:tinker_station":3,"minecraft:cracked_deepslate_bricks":93,"tconstruct:part_chest":1,"minecraft:gold_ingot":24,"architects_palette:withered_bone":2,"iceandfire:deepslate_silver_ore":4,"minecraft:glow_berries":1,"minecraft:mutton":2,"minecraft:white_wool":2,"born_in_chaos_v1:fused_bone":3,"minecraft:cracked_deepslate_tiles":7,"born_in_chaos_v1:corpse_maggot":32,"born_in_chaos_v1:monster_flesh":10,"travelersbackpack:melon":1,"minecraft:glow_ink_sac":4,"tconstruct:part_builder":3,"minecraft:leather":48,"minecraft:fern":11,"minecraft:yellow_dye":1,"minecraft:red_mushroom":8,"minecraft:acacia_wood":3,"minecraft:oak_log":14,"minecraft:chainmail_chestplate":7,"minecraft:cobbled_deepslate_stairs":2,"minecraft:gunpowder":43,"minecraft:wooden_hoe":1,"minecraft:deepslate_tile_slab":52,"tconstruct:seared_brick":8,"minecraft:cooked_mutton":4,"minecraft:apple":29,"minecraft:stone_bricks":1846,"tconstruct:sledge_hammer":1,"minecraft:stone_pickaxe":2,"tconstruct:sky_slime_grass_seeds":4,"minecraft:iron_ingot":16,"minecraft:iron_sword":24,"minecraft:book":125,"minecraft:scaffolding":52,"minecraft:light_gray_stained_glass":3,"minecraft:sweet_berries":410,"minecraft:chiseled_stone_bricks":2,"minecraft:stone_brick_slab":8,"born_in_chaos_v1:ethereal_spirit":8,"minecraft:dripstone_block":1,"born_in_chaos_v1:dark_rod":4,"minecraft:gravel":328,"chococraft:gysahl_green_seeds":1,"minecraft:spruce_sapling":117,"minecraft:blast_furnace":10,"minecraft:spruce_log":362,"minecraft:crying_obsidian":1,"minecraft:spider_eye":14,"minecraft:mossy_stone_brick_slab":1,"minecraft:spruce_door":4,"minecraft:leather_helmet":2,"evilcraft:dark_tank":1,"minecraft:diamond_shovel":2,"minecraft:pumpkin_seeds":74,"minecraft:slime_ball":7,"minecraft:stone_axe":2,"iceandfire:silver_sword":3,"evilcraft:dark_gem":56,"minecraft:iron_helmet":30,"tconstruct:seared_melter":1,"minecraft:gray_wool":15,"minecraft:baked_potato":938,"minecraft:black_wool":2,"minecraft:coal":342,"minecraft:ender_pearl":10}},"DataVersion":3120}