{"stats":{"minecraft:custom":{"minecraft:jump":147,"minecraft:time_since_rest":14761,"minecraft:damage_dealt":10,"minecraft:damage_taken":313,"minecraft:crouch_one_cm":203,"minecraft:leave_game":4,"minecraft:play_time":30250,"minecraft:sprint_one_cm":13295,"minecraft:time_since_death":13759,"minecraft:walk_one_cm":20191,"minecraft:deaths":1,"minecraft:sneak_time":35,"minecraft:total_world_time":30250,"minecraft:fall_one_cm":3415,"minecraft:fly_one_cm":17768},"minecraft:killed_by":{"born_in_chaos_v1:dread_hound":1},"minecraft:mined":{"minecraft:grass":1}},"DataVersion":3120}