{"stats":{"minecraft:killed":{"minecraft:cave_spider":1,"born_in_chaos_v1:restless_spirit":2,"born_in_chaos_v1:zombie_lumberjack":1,"born_in_chaos_v1:siamese_skeletonsright":2,"born_in_chaos_v1:baby_skeleton_minion":1,"minecraft:skeleton":23,"born_in_chaos_v1:skeleton_thrasher":1,"laendli_transport:crab":22,"minecraft:pillager":8,"minecraft:zombie":58,"born_in_chaos_v1:corpse_fly":16,"minecraft:glow_squid":2,"born_in_chaos_v1:door_knight":2,"graveyard:nightmare":1,"minecraft:vindicator":1,"rottencreatures:undead_miner":8,"graveyard:ghoul":5,"born_in_chaos_v1:decrepit_skeleton":7,"born_in_chaos_v1:dark_vortex":1,"minecraft:enderman":7,"minecraft:witch":2,"minecraft:spider":19,"minecraft:silverfish":6,"born_in_chaos_v1:firelight_not_despawn":3,"born_in_chaos_v1:bonescaller":1,"born_in_chaos_v1:glutton_fish":1,"minecraft:creeper":6,"born_in_chaos_v1:zombie_fisherman":1,"born_in_chaos_v1:dread_hound":4,"minecraft:stray":14,"born_in_chaos_v1:siamese_skeletonsleft":2,"graveyard:revenant":3,"born_in_chaos_v1:zombie_bruiser":3,"born_in_chaos_v1:maggot":30,"minecraft:drowned":2,"born_in_chaos_v1:corpse_fish":2,"alexsmobs:flying_fish":4,"born_in_chaos_v1:fallen_chaos_knight":1,"laendli_transport:slabcrab":28,"born_in_chaos_v1:baby_skeleton":3,"born_in_chaos_v1:swarmer":1,"born_in_chaos_v1:nightmare_stalker":1,"minecraft:wither_skeleton":5},"minecraft:dropped":{"minecraft:iron_sword":5,"minecraft:cooked_beef":14,"minecraft:mossy_stone_brick_stairs":1,"minecraft:cracked_stone_bricks":2,"minecraft:saddle":1,"alexsmobs:flying_fish_boots":1,"minecraft:large_fern":1,"minecraft:cracked_deepslate_tiles":2,"minecraft:chain":1,"minecraft:bone_meal":6,"minecraft:phantom_membrane":22,"minecraft:iron_pickaxe":6,"born_in_chaos_v1:fired_black_argillite":1,"minecraft:bone":190,"minecraft:iron_nugget":5,"minecraft:wheat":5,"minecraft:rotten_flesh":11,"evilcraft:flesh_humanoid":3,"tconstruct:sledge_hammer":1,"minecraft:leather_boots":1,"minecraft:spruce_slab":4,"minecraft:white_dye":2,"minecraft:iron_ingot":15,"minecraft:cobblestone":1,"minecraft:iron_helmet":7,"minecraft:book":23,"minecraft:coal":77,"born_in_chaos_v1:black_argillite":1,"travelersbackpack:melon":1,"minecraft:potion":1,"minecraft:dried_kelp":5,"minecraft:iron_shovel":3,"minecraft:string":89,"minecraft:iron_boots":4,"minecraft:name_tag":2,"minecraft:diamond_sword":3,"minecraft:spruce_boat":1,"minecraft:spruce_planks":53,"minecraft:diamond_pickaxe":1,"iceandfire:silver_ingot":11,"minecraft:stone_pressure_plate":2,"minecraft:stone_bricks":50,"minecraft:bow":3,"minecraft:baked_potato":361,"minecraft:lantern":2,"minecraft:leather":44,"born_in_chaos_v1:black_argillite_brick":2,"minecraft:chainmail_chestplate":2,"minecraft:leather_chestplate":1,"minecraft:gunpowder":25,"born_in_chaos_v1:corpse_maggot":5,"minecraft:chainmail_boots":4,"minecraft:arrow":89,"minecraft:iron_bars":6,"minecraft:water_bucket":1,"minecraft:bread":20,"minecraft:golden_helmet":2,"minecraft:mossy_cobblestone":10,"evilcraft:dark_gem":1,"evilcraft:vengeance_pickaxe":2,"evilcraft:blood_extractor":4,"minecraft:torch":172,"minecraft:iron_leggings":2,"minecraft:sweet_berries":4,"born_in_chaos_v1:black_argillite_brick_stairs":2,"minecraft:coarse_dirt":12,"minecraft:tuff":1,"minecraft:smoker":1,"minecraft:shield":6,"minecraft:iron_chestplate":8,"minecraft:spruce_log":37,"minecraft:stone_pickaxe":2,"minecraft:cracked_deepslate_bricks":12,"minecraft:nautilus_shell":3},"minecraft:custom":{"minecraft:interact_with_crafting_table":44,"minecraft:open_barrel":75,"minecraft:bell_ring":1,"minecraft:leave_game":4,"minecraft:time_since_death":85217,"minecraft:damage_blocked_by_shield":2575,"minecraft:play_time":1351175,"minecraft:deaths":37,"minecraft:jump":14031,"minecraft:enchant_item":2,"minecraft:interact_with_furnace":104,"minecraft:interact_with_cartography_table":3,"minecraft:sleep_in_bed":43,"minecraft:damage_dealt":58576,"minecraft:interact_with_smoker":29,"minecraft:interact_with_smithing_table":5,"minecraft:interact_with_anvil":9,"minecraft:sneak_time":53520,"minecraft:interact_with_blast_furnace":98,"minecraft:total_world_time":1351175,"minecraft:interact_with_stonecutter":25,"minecraft:time_since_rest":65774,"minecraft:swim_one_cm":125611,"minecraft:fly_one_cm":2985211,"minecraft:open_chest":994,"minecraft:fall_one_cm":211233,"minecraft:damage_resisted":4,"minecraft:sprint_one_cm":1863295,"minecraft:drop":277,"minecraft:talked_to_villager":25,"minecraft:interact_with_brewingstand":3,"minecraft:walk_on_water_one_cm":249979,"minecraft:interact_with_loom":1,"minecraft:player_kills":3,"minecraft:crouch_one_cm":149688,"minecraft:mob_kills":329,"minecraft:damage_dealt_resisted":4764,"minecraft:climb_one_cm":217052,"minecraft:walk_one_cm":4002015,"minecraft:walk_under_water_one_cm":97174,"minecraft:boat_one_cm":44221,"minecraft:interact_with_grindstone":1,"minecraft:damage_taken":24881},"minecraft:broken":{"minecraft:iron_chestplate":1,"minecraft:iron_leggings":2,"minecraft:iron_sword":2,"minecraft:iron_pickaxe":7,"minecraft:iron_helmet":2,"minecraft:wooden_hoe":2,"minecraft:iron_shovel":5,"minecraft:stone_pickaxe":1,"minecraft:chainmail_chestplate":1,"minecraft:stone_axe":1,"minecraft:stone_shovel":1,"minecraft:leather_boots":1},"minecraft:killed_by":{"iceandfire:siren":4,"minecraft:vindicator":2,"minecraft:zombie":3,"graveyard:revenant":2,"minecraft:stray":6,"iceandfire:ghost":1,"cave_dweller:cave_dweller":2,"minecraft:creeper":3,"born_in_chaos_v1:zombie_bruiser":3,"iceandfire:sea_serpent":1,"minecraft:player":2,"minecraft:enderman":1,"minecraft:iron_golem":1,"laendli_transport:slabcrab":1,"minecraft:skeleton":4},"minecraft:mined":{"tconstruct:seared_drain":2,"minecraft:obsidian":24,"minecraft:granite":19,"born_in_chaos_v1:dark_metal_deposit":1,"minecraft:deepslate_bricks":182,"minecraft:deepslate_tile_stairs":10,"tconstruct:part_chest":1,"minecraft:chiseled_stone_bricks":2,"minecraft:spawner":47,"minecraft:tall_seagrass":1,"minecraft:magma_block":4,"minecraft:cobbled_deepslate":126,"minecraft:fire":4,"minecraft:barrel":6,"minecraft:moss_carpet":1,"tconstruct:seared_melter":1,"minecraft:fletching_table":4,"minecraft:deepslate_lapis_ore":19,"minecraft:cave_vines":2,"minecraft:polished_deepslate_slab":5,"minecraft:water_cauldron":1,"minecraft:dirt_path":56,"minecraft:oak_stairs":4,"minecraft:deepslate_brick_stairs":59,"tconstruct:part_builder":3,"minecraft:brown_mushroom":1,"minecraft:red_bed":13,"minecraft:deepslate_brick_wall":28,"minecraft:smoker":3,"minecraft:deepslate_tile_slab":33,"minecraft:torch":28,"minecraft:blast_furnace":8,"minecraft:white_stained_glass_pane":6,"minecraft:dead_bush":2,"minecraft:glass":69,"minecraft:sugar_cane":40,"minecraft:white_terracotta":4,"tconstruct:seared_ladder":10,"minecraft:chain":2,"tconstruct:seared_faucet":2,"minecraft:wheat":80,"minecraft:black_bed":1,"born_in_chaos_v1:black_argillite_brick":2,"minecraft:stone_brick_stairs":5,"minecraft:grass":44,"minecraft:stonecutter":1,"minecraft:deepslate":3661,"evilcraft:hardened_blood":7,"minecraft:deepslate_tiles":8,"iceandfire:silver_ore":11,"minecraft:mossy_cobblestone":69,"evilcraft:dark_tank":1,"minecraft:dark_oak_log":109,"minecraft:cobbled_deepslate_slab":14,"minecraft:spruce_fence":67,"born_in_chaos_v1:black_argillite":1,"iceandfire:deepslate_silver_ore":2,"minecraft:moss_block":5,"minecraft:cartography_table":1,"minecraft:acacia_wood":3,"minecraft:andesite":24,"architects_palette:spruce_boards":4,"minecraft:mossy_stone_brick_stairs":1,"minecraft:potatoes":238,"minecraft:vine":94,"minecraft:bamboo":2,"tconstruct:earth_congealed_slime":20,"minecraft:smithing_table":2,"minecraft:glass_pane":1,"minecraft:stone_brick_slab":8,"minecraft:campfire":4,"minecraft:tall_grass":10,"minecraft:copper_ore":26,"minecraft:deepslate_gold_ore":106,"minecraft:cracked_deepslate_bricks":74,"minecraft:diorite":45,"tconstruct:smeltery_controller":1,"minecraft:red_terracotta":19,"minecraft:coarse_dirt":71,"minecraft:spruce_log":222,"iceandfire:silver_pile":1,"minecraft:gravel":195,"minecraft:dripstone_block":1,"minecraft:cobweb":4,"minecraft:stone_bricks":9,"minecraft:gold_ore":9,"minecraft:fern":41,"minecraft:infested_stone":4,"minecraft:stone_pressure_plate":4,"minecraft:spruce_planks":8,"minecraft:farmland":1,"minecraft:mossy_stone_brick_slab":1,"minecraft:cobbled_deepslate_stairs":5,"tconstruct:tinker_station":3,"tconstruct:seared_bricks":9,"minecraft:spruce_trapdoor":104,"minecraft:grass_block":921,"gobber2:gobber2_lucky_block":2,"tconstruct:seared_table":1,"tconstruct:seared_ingot_gauge":2,"minecraft:mossy_cobblestone_slab":3,"minecraft:glowstone":2,"minecraft:iron_ore":57,"born_in_chaos_v1:black_argillite_brick_stairs":2,"minecraft:anvil":4,"tconstruct:tinkers_chest":1,"minecraft:iron_bars":16,"minecraft:spruce_slab":7,"minecraft:deepslate_redstone_ore":38,"minecraft:quartz_block":24,"minecraft:clay":33,"minecraft:chest":40,"minecraft:cobblestone":25,"minecraft:grindstone":3,"minecraft:oak_planks":3,"minecraft:wall_torch":9,"minecraft:seagrass":2,"minecraft:light_blue_terracotta":3,"evilcraft:dark_ore_deepslate":24,"born_in_chaos_v1:fired_black_argillite":1,"graveyard:skull_pile":1,"minecraft:cracked_deepslate_tiles":6,"minecraft:oak_log":6,"minecraft:sand":360,"minecraft:dirt":295,"tconstruct:crafting_station":2,"minecraft:diamond_ore":1,"minecraft:crying_obsidian":1,"minecraft:tuff":407,"minecraft:dark_oak_leaves":1,"minecraft:deepslate_diamond_ore":27,"minecraft:spruce_leaves":79,"minecraft:sandstone":1,"minecraft:deepslate_brick_slab":19,"minecraft:furnace":2,"minecraft:stripped_spruce_log":3,"minecraft:bell":1,"minecraft:bookshelf":26,"minecraft:deepslate_iron_ore":89,"minecraft:lantern":19,"tconstruct:seared_glass":53,"minecraft:stone":606,"minecraft:pink_terracotta":36,"minecraft:podzol":151,"minecraft:scaffolding":28,"minecraft:crafting_table":8,"tconstruct:seared_basin":3,"minecraft:deepslate_coal_ore":12,"minecraft:lapis_ore":20,"minecraft:spruce_stairs":40,"minecraft:sweet_berry_bush":12,"minecraft:ice":1,"minecraft:coal_ore":213,"evilcraft:undead_log":14,"graveyard:leaning_skeleton":1,"minecraft:cracked_stone_bricks":6,"minecraft:mossy_stone_bricks":6},"minecraft:used":{"minecraft:spruce_slab":123,"evilcraft:blood_chest":1,"minecraft:chest":44,"minecraft:deepslate_brick_slab":91,"minecraft:spruce_boat":9,"evilcraft:bucket_blood":8,"tconstruct:seared_faucet":4,"tconstruct:tinkers_anvil":1,"minecraft:bow":77,"minecraft:sweet_berries":154,"minecraft:furnace":2,"player_companions:samurai_default":2,"minecraft:potato":386,"minecraft:deepslate_brick_wall":48,"minecraft:diorite":7,"minecraft:spruce_door":5,"alexsmobs:flying_fish_boots":1,"minecraft:wooden_pickaxe":6,"minecraft:composter":1,"minecraft:glow_berries":1,"minecraft:sand":10,"evilcraft:undead_sapling":4,"minecraft:blast_furnace":4,"minecraft:deepslate_brick_stairs":7,"minecraft:deepslate_tiles":2,"minecraft:diamond_sword":427,"minecraft:smithing_table":2,"minecraft:enchanting_table":1,"minecraft:iron_bars":5,"iceandfire:silver_sword":2,"evilcraft:vengeance_pickaxe":17,"minecraft:torch":248,"tconstruct:seared_drain":4,"minecraft:anvil":3,"minecraft:chainmail_chestplate":1,"tconstruct:seared_ladder":19,"minecraft:iron_axe":526,"minecraft:barrel":8,"minecraft:bamboo":20,"minecraft:cobbled_deepslate":25,"minecraft:wheat_seeds":133,"minecraft:water_bucket":32,"minecraft:cartography_table":1,"minecraft:fletching_table":4,"minecraft:spruce_fence_gate":8,"minecraft:leather_boots":1,"minecraft:deepslate_bricks":59,"minecraft:cracked_stone_bricks":1,"minecraft:polished_deepslate_slab":125,"minecraft:mossy_cobblestone":65,"minecraft:crafting_table":8,"minecraft:red_bed":13,"minecraft:diamond_pickaxe":25,"minecraft:diamond_shovel":517,"tconstruct:seared_table":2,"minecraft:iron_pickaxe":2591,"tconstruct:part_chest":2,"minecraft:spruce_trapdoor":69,"minecraft:spruce_sapling":31,"minecraft:chiseled_stone_bricks":5,"minecraft:cobblestone":378,"tconstruct:seared_melter":1,"evilcraft:dark_tank":2,"tconstruct:clear_item_frame":16,"minecraft:iron_shovel":1439,"travelersbackpack:lapis":5,"minecraft:shield":63,"minecraft:iron_sword":663,"minecraft:bell":1,"minecraft:iron_chestplate":6,"minecraft:deepslate_tile_slab":808,"minecraft:tuff":34,"minecraft:obsidian":20,"born_in_chaos_v1:corpse_maggot":2,"minecraft:glass":288,"minecraft:lantern":55,"minecraft:iron_helmet":5,"minecraft:stone_bricks":60,"minecraft:written_book":2,"minecraft:scaffolding":42,"tconstruct:smeltery_controller":2,"player_companions:welsh_corgi_default":3,"minecraft:diamond_boots":3,"architects_palette:spruce_boards":239,"minecraft:stone_pickaxe":131,"minecraft:sandstone":1,"minecraft:sugar_cane":85,"minecraft:shears":1,"minecraft:bread":72,"tconstruct:tinkers_chest":2,"born_in_chaos_v1:rotten_fish":1,"minecraft:chainmail_boots":1,"minecraft:grindstone":2,"tconstruct:crafting_station":5,"minecraft:coarse_dirt":4,"minecraft:bone_meal":200,"minecraft:flint_and_steel":1,"minecraft:cracked_deepslate_bricks":2,"minecraft:stone_shovel":193,"tconstruct:seared_ingot_gauge":3,"minecraft:dirt":637,"tconstruct:seared_bricks":18,"minecraft:spruce_fence":123,"evilcraft:undead_log":3,"minecraft:iron_hoe":49,"minecraft:stone_brick_slab":56,"minecraft:light_gray_stained_glass":45,"tconstruct:tinker_station":3,"minecraft:iron_boots":4,"minecraft:stone_pressure_plate":1,"minecraft:cooked_beef":15,"tconstruct:part_builder":4,"minecraft:iron_leggings":3,"minecraft:cooked_mutton":2,"minecraft:baked_potato":152,"evilcraft:blood_infuser":1,"minecraft:stonecutter":2,"tconstruct:seared_basin":4,"minecraft:smoker":2,"minecraft:wooden_hoe":130,"minecraft:apple":3,"minecraft:stone_axe":244,"minecraft:bucket":52,"tconstruct:seared_glass":85},"minecraft:crafted":{"minecraft:black_dye":7,"travelersbackpack:crafting_upgrade":1,"minecraft:glass":432,"evilcraft:blood_extractor":5,"tconstruct:tough_handle":1,"evilcraft:undead_planks":44,"travelersbackpack:lapis":3,"travelersbackpack:standard":1,"minecraft:spruce_door":3,"minecraft:wooden_hoe":3,"minecraft:iron_pickaxe":5,"minecraft:light_gray_dye":28,"minecraft:composter":1,"minecraft:spruce_fence_gate":8,"tconstruct:large_plate":1,"minecraft:stone_shovel":2,"tconstruct:part_builder":1,"minecraft:iron_nugget":117,"tconstruct:seared_basin":1,"minecraft:bone_meal":249,"minecraft:spruce_fence":117,"tconstruct:tinker_station":1,"minecraft:lantern":15,"architects_palette:spruce_boards":90,"minecraft:deepslate_brick_wall":4,"minecraft:spruce_slab":124,"minecraft:stone_pickaxe":1,"minecraft:spruce_boat":2,"minecraft:lead":10,"minecraft:enchanting_table":1,"tconstruct:part_chest":1,"tconstruct:hammer_head":1,"evilcraft:blood_infuser":1,"minecraft:iron_shovel":5,"minecraft:iron_leggings":1,"player_companions:tame_apple":5,"minecraft:oak_planks":32,"minecraft:stone":3,"evilcraft:promise_tier_1":1,"travelersbackpack:gray_sleeping_bag":1,"tconstruct:tinkers_chest":1,"tconstruct:seared_brick":341,"minecraft:chest":4,"minecraft:crafting_table":5,"minecraft:spruce_planks":472,"minecraft:baked_potato":274,"minecraft:wooden_pickaxe":1,"evilcraft:bowl_of_promises_empty":1,"player_companions:tame_bone":6,"minecraft:spruce_trapdoor":2,"minecraft:diamond_pickaxe":1,"minecraft:shield":1,"minecraft:stick":268,"minecraft:iron_ingot":107,"tconstruct:clear_item_frame":20,"tconstruct:seared_bricks":8,"evilcraft:vengeance_pickaxe":1,"minecraft:shears":1,"evilcraft:dark_spike":48,"tconstruct:pattern":12,"evilcraft:bowl_of_promises_dusted":1,"evilcraft:blood_chest":1,"minecraft:furnace":1,"minecraft:gray_dye":14,"minecraft:glass_pane":80,"minecraft:flint_and_steel":1,"minecraft:iron_axe":1,"alexsmobs:flying_fish_boots":2,"minecraft:diamond_sword":1,"iceandfire:silver_ingot":11,"evilcraft:blood_infusion_core":2,"travelersbackpack:backpack_tank":3,"minecraft:iron_sword":2,"minecraft:stone_axe":2,"tconstruct:seared_drain":2,"minecraft:air":0,"tconstruct:seared_ingot_gauge":1,"minecraft:white_dye":19,"tconstruct:crafting_station":3,"tconstruct:seared_faucet":3,"minecraft:stonecutter":1,"minecraft:torch":140,"tconstruct:sledge_hammer":6},"minecraft:picked_up":{"minecraft:iron_chestplate":39,"minecraft:chainmail_boots":9,"minecraft:anvil":7,"minecraft:prismarine_shard":6,"minecraft:smithing_table":4,"minecraft:diamond_sword":24,"minecraft:oak_stairs":7,"minecraft:brown_bed":1,"minecraft:golden_shovel":1,"minecraft:amethyst_block":8,"minecraft:string":145,"tconstruct:smeltery_controller":1,"minecraft:cobbled_deepslate":4525,"minecraft:spruce_planks":223,"minecraft:written_book":1,"tconstruct:seared_ladder":11,"minecraft:golden_helmet":3,"born_in_chaos_v1:shattered_skull":1,"minecraft:big_dripleaf":8,"iceandfire:silver_ore":18,"tconstruct:seared_faucet":4,"born_in_chaos_v1:black_argillite_brick_stairs":2,"minecraft:deepslate_tile_stairs":10,"minecraft:cauldron":2,"minecraft:pink_terracotta":72,"alexsmobs:flying_fish_boots":5,"minecraft:white_terracotta":5,"minecraft:iron_bars":22,"alexsmobs:flying_fish":5,"evilcraft:vengeance_pickaxe":2,"minecraft:magma_block":10,"minecraft:mossy_cobblestone_slab":2,"minecraft:cooked_beef":137,"minecraft:water_bucket":28,"minecraft:brown_wool":9,"minecraft:copper_block":1,"minecraft:smoker":4,"minecraft:flint":26,"minecraft:lantern":48,"minecraft:stonecutter":1,"tconstruct:seared_table":1,"minecraft:glowstone_dust":5,"minecraft:moss_block":7,"tconstruct:sky_slime_sapling":1,"tconstruct:seared_ingot_gauge":2,"iceandfire:shiny_scales":8,"minecraft:stripped_spruce_log":3,"alexsmobs:animal_dictionary":1,"minecraft:dark_oak_log":107,"minecraft:red_terracotta":19,"minecraft:barrel":8,"minecraft:iron_hoe":2,"minecraft:granite":35,"minecraft:chainmail_helmet":1,"minecraft:bread":208,"born_in_chaos_v1:rotten_fish":23,"minecraft:diamond_pickaxe":3,"minecraft:crafting_table":8,"minecraft:coarse_dirt":75,"minecraft:clay_ball":164,"born_in_chaos_v1:seedof_chaos":1,"tconstruct:materials_and_you":1,"born_in_chaos_v1:fired_black_argillite":1,"minecraft:red_bed":13,"minecraft:iron_shovel":25,"born_in_chaos_v1:black_argillite_brick":2,"minecraft:cracked_stone_bricks":13,"minecraft:cartography_table":2,"minecraft:beef":3,"minecraft:iron_nugget":29,"minecraft:spruce_slab":12,"minecraft:chest":47,"minecraft:sandstone":1,"minecraft:polished_deepslate_slab":5,"minecraft:spruce_fence":75,"minecraft:white_dye":17,"born_in_chaos_v1:pieceofdarkmetal":14,"minecraft:carrot":2,"minecraft:redstone":219,"minecraft:tnt":17,"minecraft:stone_shovel":3,"architects_palette:spruce_boards":43,"minecraft:diamond_boots":11,"minecraft:shears":3,"minecraft:deepslate_bricks":302,"minecraft:cracked_deepslate_bricks":93,"architects_palette:withered_bone":2,"minecraft:gold_ingot":24,"tconstruct:part_chest":1,"minecraft:glow_berries":1,"minecraft:mutton":2,"minecraft:white_wool":2,"born_in_chaos_v1:monster_flesh":10,"minecraft:yellow_dye":1,"minecraft:fern":11,"minecraft:red_mushroom":8,"minecraft:acacia_wood":3,"minecraft:oak_log":14,"tconstruct:seared_brick":8,"minecraft:apple":29,"minecraft:stone_bricks":1846,"minecraft:kelp":18,"minecraft:stone_pickaxe":2,"minecraft:iron_sword":24,"minecraft:light_gray_stained_glass":3,"minecraft:sweet_berries":662,"born_in_chaos_v1:ethereal_spirit":8,"minecraft:gravel":328,"minecraft:spruce_sapling":120,"minecraft:spruce_log":374,"minecraft:crying_obsidian":1,"minecraft:leather_helmet":2,"minecraft:diamond_shovel":5,"minecraft:slime_ball":87,"iceandfire:silver_sword":3,"minecraft:stone_axe":2,"minecraft:gray_wool":15,"tconstruct:seared_melter":1,"minecraft:baked_potato":938,"minecraft:ender_pearl":10,"tconstruct:seared_drain":2,"minecraft:wheat":94,"minecraft:potion":1,"minecraft:stone_brick_stairs":4,"born_in_chaos_v1:black_argillite":1,"evilcraft:ender_tear":1,"minecraft:raw_copper":267,"minecraft:iron_leggings":26,"minecraft:deepslate_tiles":14,"minecraft:bucket":3,"minecraft:azalea":2,"minecraft:iron_pickaxe":43,"evilcraft:blood_extractor":8,"minecraft:iron_boots":24,"minecraft:furnace":2,"minecraft:tipped_arrow":38,"minecraft:stick":74,"minecraft:deepslate_brick_wall":33,"minecraft:torch":894,"minecraft:spruce_stairs":78,"minecraft:dried_kelp":18,"minecraft:pointed_dripstone":1,"minecraft:diorite":73,"born_in_chaos_v1:nightmare_claw":3,"gobber2:gobber2_foo":1,"minecraft:quartz_block":33,"minecraft:rotten_flesh":180,"born_in_chaos_v1:sea_terror_eye":4,"evilcraft:condensed_blood":95,"minecraft:deepslate_brick_stairs":64,"minecraft:obsidian":24,"minecraft:cod":11,"minecraft:cobblestone":921,"minecraft:nautilus_shell":21,"tconstruct:seared_bricks":8,"minecraft:leather_chestplate":3,"minecraft:andesite":59,"minecraft:potato":893,"minecraft:tuff":425,"minecraft:light_gray_dye":22,"evilcraft:flesh_humanoid":5,"minecraft:lapis_lazuli":303,"minecraft:dirt":1703,"minecraft:name_tag":2,"born_in_chaos_v1:monster_skin":7,"minecraft:leather_boots":6,"minecraft:glass":87,"minecraft:bone":402,"minecraft:bow":25,"minecraft:wheat_seeds":247,"minecraft:deepslate_brick_slab":30,"minecraft:raw_gold":207,"minecraft:cobbled_deepslate_slab":7,"minecraft:bell":1,"minecraft:grindstone":2,"minecraft:mossy_stone_bricks":5,"minecraft:fletching_table":7,"minecraft:bamboo":17,"minecraft:mossy_stone_brick_stairs":2,"minecraft:oak_planks":6,"minecraft:cooked_porkchop":2,"minecraft:poisonous_potato":8,"evilcraft:dark_gem_crushed":47,"minecraft:sand":388,"minecraft:dead_bush":4,"minecraft:mossy_cobblestone":84,"born_in_chaos_v1:fire_dust":3,"minecraft:spruce_boat":9,"minecraft:diamond":40,"minecraft:light_blue_terracotta":1,"tconstruct:seared_basin":3,"minecraft:bone_meal":22,"minecraft:golden_apple":2,"tconstruct:tinkers_chest":1,"minecraft:spruce_sign":3,"minecraft:emerald":28,"iceandfire:silver_nugget":12,"born_in_chaos_v1:sea_terror_stomach":2,"gobber2:gobber2_goo":1,"minecraft:fishing_rod":1,"minecraft:charcoal":6,"tconstruct:crafting_station":2,"minecraft:allium":6,"born_in_chaos_v1:river_mint":1,"evilcraft:dark_power_gem":1,"minecraft:brown_mushroom":26,"minecraft:wooden_pickaxe":2,"minecraft:diamond_horse_armor":2,"minecraft:chain":5,"minecraft:shield":33,"minecraft:moss_carpet":2,"minecraft:iron_axe":24,"minecraft:large_fern":5,"tconstruct:seared_glass":59,"graveyard:corruption":4,"evilcraft:hardened_blood_shard":28,"minecraft:sugar_cane":85,"minecraft:spruce_trapdoor":88,"minecraft:phantom_membrane":22,"minecraft:dark_oak_sapling":2,"minecraft:raw_iron":174,"minecraft:copper_ingot":17,"evilcraft:origins_of_darkness":4,"minecraft:stone_pressure_plate":7,"minecraft:arrow":522,"minecraft:pumpkin_pie":1,"tconstruct:tinker_station":3,"iceandfire:deepslate_silver_ore":4,"minecraft:cracked_deepslate_tiles":7,"born_in_chaos_v1:fused_bone":5,"born_in_chaos_v1:corpse_maggot":33,"travelersbackpack:melon":1,"minecraft:glow_ink_sac":4,"tconstruct:part_builder":3,"minecraft:leather":48,"minecraft:chainmail_chestplate":7,"minecraft:cobbled_deepslate_stairs":2,"minecraft:gunpowder":44,"minecraft:deepslate_tile_slab":53,"minecraft:wooden_hoe":1,"minecraft:cooked_mutton":4,"tconstruct:sledge_hammer":1,"tconstruct:sky_slime_grass_seeds":4,"minecraft:iron_ingot":16,"minecraft:book":125,"minecraft:scaffolding":52,"evilcraft:undead_log":14,"minecraft:chiseled_stone_bricks":3,"minecraft:stone_brick_slab":8,"minecraft:dripstone_block":1,"born_in_chaos_v1:dark_rod":4,"chococraft:gysahl_green_seeds":1,"minecraft:blast_furnace":10,"minecraft:spruce_door":4,"minecraft:mossy_stone_brick_slab":1,"minecraft:spider_eye":14,"evilcraft:dark_tank":1,"minecraft:pumpkin_seeds":74,"evilcraft:dark_gem":135,"minecraft:iron_helmet":32,"minecraft:black_wool":2,"minecraft:coal":390}},"DataVersion":3120}