{"stats":{"minecraft:killed":{"minecraft:zombie":1,"minecraft:drowned":1},"minecraft:mined":{"minecraft:deepslate_tiles":6,"minecraft:smithing_table":2,"minecraft:spruce_planks":5,"minecraft:scaffolding":5,"minecraft:farmland":1,"minecraft:red_bed":2,"minecraft:smoker":1,"minecraft:spruce_trapdoor":20,"minecraft:crafting_table":3,"minecraft:blast_furnace":4,"minecraft:grass_block":58,"minecraft:spruce_fence":6,"minecraft:chest":18,"minecraft:white_stained_glass_pane":5,"minecraft:campfire":1,"minecraft:deepslate_bricks":5,"minecraft:deepslate_tile_stairs":10,"minecraft:sugar_cane":12,"minecraft:spruce_leaves":7,"minecraft:grindstone":2,"minecraft:cartography_table":1,"minecraft:cracked_deepslate_bricks":1,"minecraft:spruce_stairs":40,"minecraft:seagrass":1,"minecraft:red_terracotta":10,"minecraft:coarse_dirt":3,"minecraft:magma_block":4,"minecraft:furnace":1,"minecraft:barrel":2,"minecraft:spruce_log":31,"minecraft:stripped_spruce_log":3,"minecraft:anvil":2,"minecraft:fletching_table":2,"minecraft:grass":4,"minecraft:cracked_deepslate_tiles":5,"minecraft:deepslate_brick_stairs":2,"minecraft:sand":80,"minecraft:dirt":18,"minecraft:stone":12,"minecraft:spruce_slab":4,"minecraft:pink_terracotta":36,"minecraft:fern":3},"minecraft:custom":{"minecraft:interact_with_smithing_table":1,"minecraft:interact_with_furnace":2,"minecraft:mob_kills":2,"minecraft:interact_with_anvil":1,"minecraft:interact_with_crafting_table":15,"minecraft:open_barrel":1,"minecraft:bell_ring":1,"minecraft:leave_game":1,"minecraft:time_since_death":86567,"minecraft:sleep_in_bed":5,"minecraft:climb_one_cm":938,"minecraft:time_since_rest":1636,"minecraft:sprint_one_cm":114411,"minecraft:damage_taken":424,"minecraft:walk_one_cm":263714,"minecraft:drop":3,"minecraft:damage_dealt":265,"minecraft:swim_one_cm":7630,"minecraft:fly_one_cm":607039,"minecraft:open_chest":47,"minecraft:crouch_one_cm":3760,"minecraft:play_time":86567,"minecraft:sneak_time":1509,"minecraft:walk_under_water_one_cm":5064,"minecraft:jump":941,"minecraft:walk_on_water_one_cm":10602,"minecraft:interact_with_smoker":1,"minecraft:total_world_time":86567,"minecraft:fall_one_cm":16676},"minecraft:picked_up":{"minecraft:charcoal":2,"minecraft:allium":6,"minecraft:magma_block":6,"minecraft:crafting_table":3,"minecraft:coarse_dirt":3,"minecraft:wheat":4,"minecraft:anvil":3,"minecraft:water_bucket":2,"minecraft:smithing_table":2,"minecraft:brown_wool":6,"minecraft:fern":3,"minecraft:smoker":2,"minecraft:potato":25,"minecraft:dirt":77,"minecraft:red_bed":2,"minecraft:lantern":1,"minecraft:large_fern":1,"minecraft:leather_boots":1,"minecraft:deepslate_tiles":6,"minecraft:wheat_seeds":3,"minecraft:cartography_table":1,"minecraft:spruce_planks":5,"minecraft:iron_ingot":6,"minecraft:grindstone":1,"minecraft:spruce_slab":4,"minecraft:iron_nugget":9,"minecraft:fletching_table":3,"minecraft:sugar_cane":21,"minecraft:chest":18,"minecraft:spruce_trapdoor":20,"minecraft:furnace":1,"minecraft:scaffolding":6,"minecraft:stick":5,"minecraft:sweet_berries":22,"minecraft:copper_ingot":1,"evilcraft:origins_of_darkness":2,"minecraft:spruce_stairs":32,"minecraft:spruce_fence":6,"minecraft:sand":80,"iceandfire:shiny_scales":4,"minecraft:stripped_spruce_log":3,"minecraft:spruce_sapling":21,"minecraft:blast_furnace":6,"minecraft:spruce_log":49,"minecraft:deepslate_tile_stairs":10,"minecraft:red_terracotta":9,"minecraft:spruce_door":2,"minecraft:barrel":2,"minecraft:pink_terracotta":35,"minecraft:leather_helmet":1,"minecraft:pumpkin_seeds":29,"minecraft:rotten_flesh":1,"minecraft:shears":2,"minecraft:deepslate_bricks":5,"minecraft:iron_helmet":1,"minecraft:cracked_deepslate_bricks":1,"minecraft:gray_wool":9,"minecraft:spruce_sign":2,"minecraft:emerald":8,"minecraft:bread":25,"evilcraft:condensed_blood":58,"minecraft:deepslate_brick_stairs":2,"minecraft:black_wool":1,"minecraft:cobblestone":21,"minecraft:cracked_deepslate_tiles":5},"minecraft:crafted":{"minecraft:stone_shovel":2,"minecraft:crafting_table":1,"minecraft:spruce_planks":84,"minecraft:wooden_pickaxe":1,"minecraft:stone_axe":2,"minecraft:wooden_hoe":3,"minecraft:stick":16},"minecraft:broken":{"minecraft:stone_axe":1,"minecraft:wooden_hoe":2,"minecraft:stone_shovel":1},"minecraft:used":{"minecraft:spruce_door":1,"minecraft:stone_shovel":143,"minecraft:chest":11,"minecraft:wooden_pickaxe":6,"minecraft:sugar_cane":21,"minecraft:dirt":32,"minecraft:crafting_table":4,"minecraft:red_bed":2,"minecraft:deepslate_brick_stairs":1,"minecraft:wooden_hoe":128,"minecraft:bread":12,"minecraft:iron_pickaxe":105,"minecraft:spruce_trapdoor":12,"minecraft:stone_axe":150,"minecraft:scaffolding":5,"minecraft:potato":92},"minecraft:dropped":{"minecraft:iron_nugget":5,"minecraft:coarse_dirt":3,"minecraft:smoker":1}},"DataVersion":3120}