{"stats":{"minecraft:killed":{"alexsmobs:bison":1,"born_in_chaos_v1:firelight_not_despawn":3,"born_in_chaos_v1:decrepit_skeleton":1,"mutationcraft:human_stage_3":1},"minecraft:custom":{"minecraft:mob_kills":7,"minecraft:interact_with_crafting_table":27,"minecraft:open_barrel":3,"minecraft:leave_game":4,"minecraft:time_since_death":15918,"minecraft:sprint_one_cm":197073,"minecraft:walk_one_cm":230998,"minecraft:drop":22,"minecraft:talked_to_villager":1,"minecraft:play_time":141498,"minecraft:deaths":27,"minecraft:sneak_time":1813,"minecraft:walk_under_water_one_cm":4046,"minecraft:jump":2137,"minecraft:walk_on_water_one_cm":20706,"minecraft:total_world_time":141498,"minecraft:interact_with_furnace":7,"minecraft:sleep_in_bed":1,"minecraft:time_since_rest":372,"minecraft:waystone_activated":1,"minecraft:damage_taken":7662,"minecraft:damage_absorbed":40,"minecraft:damage_dealt":3030,"minecraft:swim_one_cm":3278,"minecraft:fly_one_cm":291953,"minecraft:player_kills":2,"minecraft:open_chest":28,"minecraft:crouch_one_cm":4420,"minecraft:fall_one_cm":75554},"minecraft:killed_by":{"mutationcraft:assimilated_spider":3,"sanitydim:rotting_stalker":1,"born_in_chaos_v1:decaying_zombie":1,"mutationcraft:assimilated_human":1,"born_in_chaos_v1:decrepit_skeleton":1,"mutationcraft:necroptor":8,"mutationcraft:carnivorae":1,"mutationcraft:assimilated_roamer":4,"mutationcraft:assimilated_pillager":1,"mutationcraft:assimilated_enderman":2,"born_in_chaos_v1:dread_hound":1},"minecraft:dropped":{"born_in_chaos_v1:wood_splitter_axe":1,"minecraft:cooked_beef":11,"minecraft:cobblestone":46,"minecraft:cobweb":6,"minecraft:torch":5,"minecraft:string":1,"minecraft:gray_carpet":1,"minecraft:acacia_planks":4,"minecraft:stone_axe":1,"minecraft:polished_andesite_slab":1,"minecraft:andesite_slab":1,"minecraft:rotten_flesh":1,"evilcraft:flesh_humanoid":1,"minecraft:spruce_trapdoor":1,"minecraft:spruce_planks":17,"minecraft:stone_pickaxe":1,"minecraft:wooden_pickaxe":1},"minecraft:crafted":{"minecraft:oak_planks":20,"minecraft:stone_shovel":1,"minecraft:furnace":1,"minecraft:stone_pickaxe":1,"minecraft:chest":1,"minecraft:wheat":54,"minecraft:cooked_beef":8,"minecraft:crafting_table":6,"minecraft:spruce_planks":100,"minecraft:wooden_pickaxe":2,"minecraft:spruce_door":3,"minecraft:campfire":4,"minecraft:stone_axe":2,"minecraft:bread":18,"minecraft:stick":52,"minecraft:torch":44},"minecraft:used":{"minecraft:stone_shovel":112,"minecraft:spruce_planks":15,"minecraft:chest":2,"minecraft:iron_sword":52,"minecraft:torch":33,"minecraft:dirt":68,"born_in_chaos_v1:mint_candy":2,"evilcraft:flesh_humanoid":1,"minecraft:furnace":3,"minecraft:cooked_beef":2,"minecraft:spruce_door":1,"minecraft:stone_pickaxe":192,"minecraft:wooden_pickaxe":66,"minecraft:golden_apple":1,"minecraft:mossy_cobblestone":4,"minecraft:sand":17,"minecraft:crafting_table":10,"minecraft:campfire":4,"born_in_chaos_v1:holiday_candy":4,"minecraft:bread":1,"minecraft:gravel":4,"minecraft:stone_axe":26,"minecraft:cobblestone":11},"minecraft:broken":{"minecraft:wooden_pickaxe":1,"minecraft:stone_pickaxe":1},"minecraft:picked_up":{"minecraft:charcoal":7,"minecraft:crafting_table":6,"minecraft:coarse_dirt":2,"minecraft:lead":1,"minecraft:wooden_pickaxe":2,"minecraft:potion":1,"minecraft:string":1,"minecraft:raw_copper":8,"alexsmobs:ancient_dart":1,"minecraft:gold_nugget":32,"minecraft:spruce_planks":124,"minecraft:beef":8,"minecraft:spruce_slab":4,"minecraft:chest":1,"minecraft:spruce_trapdoor":2,"minecraft:furnace":2,"minecraft:stick":142,"minecraft:sandstone":36,"minecraft:torch":27,"minecraft:spruce_fence":1,"mutationcraft:putrid_claw":2,"minecraft:brown_carpet":3,"minecraft:rotten_flesh":11,"minecraft:stone_shovel":12,"born_in_chaos_v1:wood_splitter_axe":1,"minecraft:hay_block":12,"minecraft:gold_ingot":15,"born_in_chaos_v1:cultivated_pumpkin":5,"minecraft:bone_block":1,"minecraft:skeleton_skull":3,"minecraft:snowball":18,"minecraft:cobblestone":393,"minecraft:birch_log":14,"minecraft:cooked_beef":10,"minecraft:flint":2,"evilcraft:flesh_humanoid":7,"minecraft:paper":51,"minecraft:dirt":115,"minecraft:chipped_anvil":1,"minecraft:red_carpet":3,"minecraft:bone":65,"minecraft:acacia_planks":4,"minecraft:gray_carpet":1,"minecraft:stone_pickaxe":12,"minecraft:waxed_weathered_cut_copper_slab":1,"minecraft:cobweb":6,"minecraft:polished_andesite_slab":1,"minecraft:oak_planks":15,"minecraft:iron_sword":7,"minecraft:book":9,"minecraft:pumpkin":16,"minecraft:dripstone_block":4,"minecraft:gravel":4,"minecraft:sand":815,"chococraft:gysahl_green_seeds":8,"minecraft:stripped_spruce_log":13,"minecraft:spruce_sapling":4,"minecraft:spruce_log":42,"minecraft:spruce_door":2,"minecraft:mossy_cobblestone":8,"graveyard:oak_coffin":1,"minecraft:oak_wood":5,"born_in_chaos_v1:fire_dust":39,"minecraft:stone_axe":10,"minecraft:light_gray_carpet":6,"minecraft:andesite_slab":1,"minecraft:coal":261},"minecraft:mined":{"minecraft:red_carpet":3,"minecraft:mossy_cobblestone":4,"minecraft:candle":1,"minecraft:brewing_stand":1,"minecraft:spruce_trapdoor":2,"minecraft:grass_block":26,"minecraft:spruce_fence":1,"minecraft:polished_andesite_slab":1,"minecraft:spruce_leaves":23,"minecraft:sandstone":14,"minecraft:hay_block":6,"minecraft:furnace":2,"minecraft:fire":3,"minecraft:snow":1,"minecraft:stripped_spruce_log":15,"minecraft:pumpkin":2,"minecraft:bookshelf":3,"minecraft:stone":103,"minecraft:spruce_slab":4,"minecraft:brown_carpet":3,"minecraft:crafting_table":4,"minecraft:torch":1,"minecraft:oak_wood":5,"minecraft:chest":1,"minecraft:andesite_slab":1,"minecraft:campfire":2,"minecraft:copper_ore":2,"minecraft:oak_planks":1,"minecraft:wall_torch":4,"minecraft:skeleton_skull":1,"graveyard:oak_coffin":1,"minecraft:waxed_weathered_cut_copper_slab":2,"minecraft:birch_log":7,"minecraft:spruce_log":27,"minecraft:grass":6,"minecraft:coal_ore":86,"minecraft:dirt":23,"minecraft:sand":78,"minecraft:gravel":6,"minecraft:dripstone_block":5,"minecraft:chipped_anvil":1,"minecraft:oak_leaves":2,"minecraft:fern":2}},"DataVersion":3120}