{"stats":{"minecraft:killed":{"minecraft:witch":1,"minecraft:silverfish":1,"minecraft:drowned":1,"laendli_transport:slabcrab":6,"laendli_transport:crab":3,"minecraft:zombie":1},"minecraft:killed_by":{"minecraft:player":1,"cave_dweller:cave_dweller":1},"minecraft:mined":{"minecraft:deepslate_tiles":6,"minecraft:tuff":1,"minecraft:spruce_planks":5,"minecraft:farmland":1,"minecraft:mossy_cobblestone":5,"minecraft:spruce_trapdoor":38,"minecraft:granite":11,"minecraft:grass_block":62,"minecraft:spruce_fence":51,"minecraft:deepslate_bricks":130,"minecraft:spruce_leaves":12,"minecraft:deepslate_tile_stairs":10,"minecraft:moss_block":1,"minecraft:cartography_table":1,"minecraft:magma_block":4,"minecraft:furnace":2,"minecraft:iron_ore":13,"minecraft:cobbled_deepslate":22,"minecraft:barrel":2,"minecraft:andesite":15,"minecraft:stripped_spruce_log":3,"minecraft:anvil":2,"minecraft:moss_carpet":1,"minecraft:deepslate_lapis_ore":1,"minecraft:fletching_table":4,"minecraft:bell":1,"minecraft:dirt_path":5,"minecraft:water_cauldron":1,"minecraft:cave_vines":1,"minecraft:deepslate_iron_ore":9,"minecraft:lantern":11,"minecraft:deepslate_brick_stairs":10,"minecraft:stone":69,"minecraft:spruce_slab":4,"minecraft:pink_terracotta":36,"minecraft:smithing_table":2,"minecraft:podzol":12,"minecraft:scaffolding":21,"minecraft:red_bed":9,"minecraft:deepslate_brick_wall":11,"minecraft:smoker":2,"minecraft:clay":9,"minecraft:crafting_table":6,"minecraft:torch":1,"minecraft:blast_furnace":8,"minecraft:chest":40,"minecraft:white_stained_glass_pane":6,"minecraft:campfire":1,"minecraft:copper_ore":4,"minecraft:tall_grass":2,"minecraft:deepslate_coal_ore":12,"minecraft:deepslate_gold_ore":4,"minecraft:lapis_ore":3,"minecraft:grindstone":3,"minecraft:sugar_cane":12,"minecraft:cracked_deepslate_bricks":61,"minecraft:wall_torch":1,"minecraft:spruce_stairs":40,"minecraft:seagrass":1,"minecraft:red_terracotta":19,"minecraft:coarse_dirt":4,"minecraft:spruce_log":36,"minecraft:grass":7,"minecraft:cracked_deepslate_tiles":5,"minecraft:coal_ore":15,"minecraft:sand":80,"minecraft:dirt":34,"minecraft:stonecutter":1,"minecraft:gold_ore":4,"minecraft:deepslate":140,"minecraft:infested_stone":1,"minecraft:fern":6},"minecraft:picked_up":{"minecraft:coarse_dirt":5,"minecraft:charcoal":2,"minecraft:crafting_table":6,"minecraft:wheat":14,"minecraft:allium":6,"minecraft:clay_ball":72,"minecraft:anvil":5,"tconstruct:materials_and_you":1,"minecraft:smithing_table":4,"minecraft:wooden_pickaxe":2,"minecraft:shield":2,"minecraft:amethyst_block":8,"minecraft:red_bed":9,"minecraft:moss_carpet":2,"minecraft:raw_copper":38,"minecraft:large_fern":5,"minecraft:deepslate_tiles":12,"minecraft:cartography_table":2,"minecraft:cobbled_deepslate":217,"minecraft:spruce_planks":115,"minecraft:beef":3,"minecraft:azalea":2,"minecraft:iron_nugget":15,"minecraft:spruce_slab":8,"minecraft:iron_pickaxe":1,"minecraft:sugar_cane":21,"minecraft:chest":47,"minecraft:spruce_trapdoor":29,"minecraft:furnace":2,"minecraft:stick":28,"minecraft:raw_iron":36,"minecraft:deepslate_brick_wall":11,"minecraft:copper_ingot":2,"minecraft:big_dripleaf":8,"minecraft:torch":9,"evilcraft:origins_of_darkness":4,"minecraft:spruce_stairs":78,"minecraft:spruce_fence":57,"minecraft:dried_kelp":1,"minecraft:deepslate_tile_stairs":10,"minecraft:pink_terracotta":72,"minecraft:cauldron":2,"minecraft:stone_shovel":2,"minecraft:rotten_flesh":2,"minecraft:pumpkin_pie":1,"minecraft:shears":3,"minecraft:deepslate_bricks":128,"minecraft:cracked_deepslate_bricks":73,"evilcraft:condensed_blood":87,"minecraft:deepslate_brick_stairs":10,"minecraft:glow_berries":1,"minecraft:cod":1,"minecraft:cracked_deepslate_tiles":5,"minecraft:cobblestone":135,"minecraft:nautilus_shell":3,"minecraft:magma_block":10,"minecraft:water_bucket":4,"minecraft:andesite":30,"minecraft:yellow_dye":1,"minecraft:brown_wool":9,"minecraft:fern":11,"minecraft:smoker":3,"minecraft:potato":29,"minecraft:tuff":1,"minecraft:gunpowder":4,"minecraft:lapis_lazuli":62,"minecraft:wooden_hoe":1,"minecraft:dirt":119,"minecraft:lantern":16,"minecraft:cooked_mutton":4,"minecraft:leather_boots":3,"minecraft:stone_bricks":1,"minecraft:stonecutter":1,"minecraft:wheat_seeds":8,"minecraft:raw_gold":15,"minecraft:bell":1,"minecraft:grindstone":2,"minecraft:iron_ingot":6,"minecraft:fletching_table":7,"minecraft:iron_sword":2,"minecraft:scaffolding":34,"minecraft:cooked_porkchop":2,"minecraft:sweet_berries":41,"iceandfire:shiny_scales":8,"minecraft:sand":96,"minecraft:stripped_spruce_log":3,"minecraft:spruce_sapling":55,"minecraft:blast_furnace":10,"minecraft:spruce_log":97,"minecraft:mossy_cobblestone":20,"alexsmobs:animal_dictionary":1,"minecraft:red_terracotta":19,"minecraft:spruce_door":2,"minecraft:barrel":4,"minecraft:leather_helmet":2,"minecraft:pumpkin_seeds":66,"minecraft:stone_axe":2,"minecraft:iron_helmet":3,"minecraft:granite":21,"minecraft:bone_meal":2,"minecraft:gray_wool":15,"minecraft:emerald":27,"minecraft:spruce_sign":3,"minecraft:bread":95,"minecraft:black_wool":2,"minecraft:coal":50},"minecraft:custom":{"minecraft:interact_with_smithing_table":1,"minecraft:interact_with_anvil":1,"minecraft:mob_kills":13,"minecraft:interact_with_crafting_table":37,"minecraft:open_barrel":3,"minecraft:bell_ring":1,"minecraft:leave_game":2,"minecraft:time_since_death":75300,"minecraft:climb_one_cm":19166,"minecraft:sprint_one_cm":227059,"minecraft:walk_one_cm":655293,"minecraft:damage_blocked_by_shield":240,"minecraft:drop":14,"minecraft:play_time":250012,"minecraft:sneak_time":6815,"minecraft:deaths":2,"minecraft:walk_under_water_one_cm":5064,"minecraft:jump":1868,"minecraft:interact_with_blast_furnace":11,"minecraft:walk_on_water_one_cm":12410,"minecraft:total_world_time":250012,"minecraft:interact_with_furnace":12,"minecraft:interact_with_cartography_table":1,"minecraft:interact_with_grindstone":1,"minecraft:interact_with_stonecutter":3,"minecraft:sleep_in_bed":9,"minecraft:time_since_rest":75477,"minecraft:damage_taken":1324,"minecraft:damage_dealt":2724,"minecraft:swim_one_cm":7630,"minecraft:fly_one_cm":720456,"minecraft:open_chest":131,"minecraft:crouch_one_cm":16476,"minecraft:interact_with_smoker":5,"minecraft:fall_one_cm":28372},"minecraft:crafted":{"minecraft:stone_shovel":2,"minecraft:iron_nugget":72,"minecraft:stone":3,"minecraft:spruce_fence":21,"minecraft:lantern":9,"minecraft:deepslate_brick_wall":4,"minecraft:iron_axe":1,"minecraft:spruce_slab":124,"minecraft:stone_pickaxe":1,"minecraft:crafting_table":1,"minecraft:spruce_planks":180,"minecraft:wooden_pickaxe":1,"minecraft:iron_sword":1,"minecraft:spruce_door":3,"minecraft:stone_axe":2,"minecraft:air":0,"minecraft:wooden_hoe":3,"minecraft:shield":1,"minecraft:stick":96,"minecraft:iron_ingot":25,"minecraft:iron_pickaxe":2,"minecraft:iron_shovel":1,"minecraft:iron_leggings":1,"minecraft:stonecutter":1,"minecraft:torch":56},"minecraft:broken":{"minecraft:stone_pickaxe":1,"minecraft:stone_axe":1,"minecraft:iron_pickaxe":2,"minecraft:wooden_hoe":2,"minecraft:stone_shovel":1},"minecraft:used":{"minecraft:cracked_deepslate_bricks":1,"minecraft:stone_shovel":193,"minecraft:spruce_slab":123,"minecraft:chest":40,"minecraft:shield":6,"minecraft:iron_sword":53,"minecraft:torch":5,"minecraft:dirt":41,"minecraft:deepslate_brick_slab":22,"minecraft:spruce_fence":53,"minecraft:lantern":25,"minecraft:iron_axe":1,"minecraft:scaffolding":29,"minecraft:furnace":1,"minecraft:cooked_beef":1,"minecraft:potato":92,"minecraft:deepslate_brick_wall":4,"minecraft:wheat_seeds":1,"minecraft:spruce_door":3,"minecraft:stone_pickaxe":131,"minecraft:cartography_table":1,"minecraft:wooden_pickaxe":6,"minecraft:stonecutter":2,"minecraft:fletching_table":4,"minecraft:sugar_cane":21,"minecraft:deepslate_bricks":17,"minecraft:glow_berries":1,"minecraft:crafting_table":6,"minecraft:red_bed":8,"minecraft:blast_furnace":4,"minecraft:deepslate_brick_stairs":1,"minecraft:smoker":1,"minecraft:wooden_hoe":130,"minecraft:bread":17,"minecraft:iron_pickaxe":541,"minecraft:spruce_trapdoor":22,"minecraft:stone_axe":244,"minecraft:grindstone":2,"minecraft:smithing_table":2},"minecraft:dropped":{"minecraft:mossy_cobblestone":10,"minecraft:cobblestone":1,"minecraft:large_fern":1,"minecraft:iron_nugget":5,"minecraft:coarse_dirt":3,"minecraft:wheat":5,"minecraft:smoker":1,"minecraft:spruce_planks":1,"minecraft:spruce_slab":2,"minecraft:spruce_log":24,"minecraft:cracked_deepslate_bricks":12}},"DataVersion":3120}