{"stats":{"minecraft:mined":{"minecraft:blast_furnace":2,"minecraft:grass_block":1,"minecraft:magma_block":2,"minecraft:smoker":1,"minecraft:crafting_table":1},"minecraft:picked_up":{"minecraft:magma_block":2,"minecraft:crafting_table":1,"minecraft:wheat_seeds":1,"minecraft:smoker":1,"iceandfire:shiny_scales":4,"minecraft:blast_furnace":2,"minecraft:dirt":1},"minecraft:custom":{"minecraft:time_since_rest":12832,"minecraft:open_chest":12,"minecraft:sprint_one_cm":29515,"minecraft:crouch_one_cm":487,"minecraft:interact_with_furnace":1,"minecraft:play_time":32567,"minecraft:damage_taken":260,"minecraft:walk_one_cm":35736,"minecraft:sneak_time":78,"minecraft:walk_under_water_one_cm":5064,"minecraft:jump":326,"minecraft:damage_dealt":18,"minecraft:leave_game":1,"minecraft:walk_on_water_one_cm":3131,"minecraft:time_since_death":32567,"minecraft:sleep_in_bed":1,"minecraft:interact_with_smoker":1,"minecraft:total_world_time":32567,"minecraft:swim_one_cm":7630,"minecraft:interact_with_crafting_table":4,"minecraft:fall_one_cm":8007,"minecraft:fly_one_cm":520153},"minecraft:crafted":{"minecraft:crafting_table":1,"minecraft:spruce_planks":28,"minecraft:stick":4,"minecraft:wooden_pickaxe":1},"minecraft:used":{"minecraft:crafting_table":1,"minecraft:bread":3,"minecraft:wooden_pickaxe":5}},"DataVersion":3120}