{"stats":{"minecraft:picked_up":{"minecraft:wooden_axe":1,"minecraft:iron_chestplate":45,"minecraft:wheat":83,"minecraft:prismarine_shard":9,"minecraft:smithing_table":7,"minecraft:lead":1,"minecraft:oak_stairs":16,"minecraft:potion":9,"minecraft:enchanted_book":2,"architects_palette:lapis_ore_brick_slab":25,"minecraft:stone_brick_stairs":53,"minecraft:brewing_stand":1,"minecraft:amethyst_block":91,"born_in_chaos_v1:black_argillite":81,"minecraft:lapis_block":1,"minecraft:string":258,"minecraft:raw_copper":286,"alexsmobs:ancient_dart":1,"minecraft:cooked_salmon":21,"minecraft:iron_leggings":23,"minecraft:experience_bottle":55,"minecraft:oak_sign":1,"minecraft:gold_nugget":32,"minecraft:cobbled_deepslate":285,"minecraft:bucket":30,"minecraft:spruce_planks":785,"minecraft:redstone_torch":1,"minecraft:calcite":17,"minecraft:azalea":1,"minecraft:iron_pickaxe":81,"minecraft:coal_block":1,"evilcraft:blood_extractor":7,"minecraft:smooth_quartz_stairs":10,"minecraft:iron_boots":58,"minecraft:furnace":14,"minecraft:stick":222,"minecraft:torch":1495,"minecraft:snow_block":154,"minecraft:porkchop":2,"minecraft:dried_kelp":27,"minecraft:diorite":9,"minecraft:cauldron":10,"minecraft:brown_carpet":3,"gobber2:gobber2_foo":18,"tconstruct:sky_slime_crystal":16,"minecraft:stone_sword":1,"born_in_chaos_v1:fried_maggot":2,"minecraft:rotten_flesh":66,"minecraft:polished_basalt":59,"minecraft:iron_block":30,"minecraft:bookshelf":36,"born_in_chaos_v1:cultivated_pumpkin":5,"minecraft:leather_horse_armor":3,"minecraft:obsidian":11,"minecraft:iron_bars":36,"minecraft:cod":9,"minecraft:snowball":993,"alexsmobs:lobster_tail":5,"minecraft:cobblestone":1874,"minecraft:nautilus_shell":8,"minecraft:birch_log":14,"minecraft:magma_block":2,"minecraft:leather_chestplate":1,"minecraft:cooked_beef":17,"minecraft:repeater":1,"minecraft:water_bucket":9,"minecraft:andesite":6,"minecraft:smoker":3,"minecraft:potato":363,"alexsmobs:bison_fur":1,"minecraft:flint":101,"minecraft:tuff":3,"evilcraft:flesh_humanoid":91,"minecraft:dirt":2121,"minecraft:lapis_lazuli":149,"minecraft:stripped_birch_log":43,"minecraft:lantern":40,"born_in_chaos_v1:monster_skin":1,"minecraft:bone":135,"minecraft:chipped_anvil":1,"minecraft:acacia_planks":4,"minecraft:bow":6,"gobber2:gobber2_gooey_beef":15,"minecraft:wheat_seeds":85,"aquamirae:wisteria_niveis":1,"minecraft:raw_gold":19,"minecraft:bell":11,"minecraft:grindstone":6,"minecraft:waxed_weathered_cut_copper_slab":1,"biomemakeover:illunite_shard":6,"tconstruct:seared_table":1,"minecraft:mossy_stone_bricks":7,"minecraft:fletching_table":5,"minecraft:oak_planks":337,"gobber2:gobber2_gooey_bread":14,"minecraft:cooked_porkchop":4,"minecraft:sand":1536,"minecraft:stripped_spruce_log":26,"minecraft:dead_bush":1,"minecraft:spectral_arrow":179,"minecraft:barrel":14,"minecraft:mossy_cobblestone":64,"travelersbackpack:white_sleeping_bag":25,"graveyard:oak_coffin":1,"minecraft:iron_hoe":13,"minecraft:dispenser":1,"born_in_chaos_v1:fire_dust":39,"minecraft:diamond":6,"minecraft:slime_block":10,"minecraft:lever":1,"minecraft:writable_book":7,"minecraft:crossbow":21,"minecraft:bone_meal":24,"tconstruct:tinkers_chest":1,"minecraft:golden_apple":18,"minecraft:chainmail_helmet":6,"minecraft:emerald":205,"minecraft:bread":1115,"minecraft:oak_sapling":17,"born_in_chaos_v1:rotten_fish":7,"minecraft:light_gray_carpet":6,"minecraft:netherrack":1,"minecraft:dark_oak_fence":14,"minecraft:andesite_slab":1,"gobber2:gobber2_goo":22,"minecraft:diamond_pickaxe":1,"minecraft:charcoal":7,"minecraft:coarse_dirt":2,"tconstruct:crafting_station":2,"minecraft:fishing_rod":1,"minecraft:crafting_table":40,"minecraft:sandstone_slab":138,"minecraft:clay_ball":120,"tconstruct:seared_channel":2,"minecraft:leather_leggings":12,"minecraft:wooden_pickaxe":8,"tconstruct:sword":4,"minecraft:shield":29,"minecraft:red_bed":26,"minecraft:moss_carpet":3,"minecraft:iron_axe":73,"evilcraft:poison_sac":1,"minecraft:flint_and_steel":1,"minecraft:iron_shovel":13,"minecraft:cracked_stone_bricks":3,"minecraft:beef":32,"born_in_chaos_v1:gnawed_bones":1,"minecraft:player_head":1,"minecraft:spruce_slab":241,"minecraft:lectern":10,"minecraft:sugar_cane":38,"minecraft:chest":18,"minecraft:spruce_trapdoor":5,"tconstruct:modifier_worktable":1,"minecraft:egg":4,"minecraft:raw_iron":203,"minecraft:sandstone":358,"minecraft:stone":53,"minecraft:copper_ingot":5,"minecraft:spruce_fence":161,"minecraft:white_dye":9,"born_in_chaos_v1:pieceofdarkmetal":1,"minecraft:carrot":20,"minecraft:redstone":175,"minecraft:prismarine_crystals":3,"minecraft:dark_oak_planks":6,"minecraft:tnt":4,"minecraft:arrow":299,"minecraft:stone_shovel":18,"architects_palette:spruce_boards":43,"minecraft:beetroot_seeds":4,"born_in_chaos_v1:wood_splitter_axe":1,"tconstruct:tinker_station":1,"minecraft:hay_block":64,"minecraft:gold_ingot":63,"minecraft:saddle":1,"architects_palette:withered_bone":6,"minecraft:totem_of_undying":17,"architects_palette:spruce_board_stairs":7,"minecraft:skeleton_skull":3,"minecraft:white_wool":82,"minecraft:bone_block":2,"minecraft:stripped_oak_log":22,"born_in_chaos_v1:corpse_maggot":7,"tconstruct:part_builder":2,"gobber2:gobber2_gooey_beefstew":6,"alexsmobs:cachalot_whale_tooth":1,"minecraft:oak_log":107,"minecraft:waxed_copper_block":2,"minecraft:nether_wart_block":31,"minecraft:gunpowder":39,"minecraft:deepslate_tile_slab":7,"tconstruct:sky_slime_crystal_block":2,"minecraft:paper":53,"minecraft:white_banner":8,"minecraft:smooth_sandstone":66,"minecraft:red_carpet":3,"minecraft:stone_bricks":3,"minecraft:apple":9,"minecraft:gray_carpet":1,"minecraft:kelp":12,"minecraft:light_gray_glazed_terracotta":10,"minecraft:spruce_wood":12,"minecraft:iron_ingot":111,"minecraft:stone_pickaxe":12,"minecraft:cobweb":6,"minecraft:polished_andesite_slab":2,"minecraft:iron_sword":68,"minecraft:soul_sand":2,"minecraft:book":141,"minecraft:smooth_basalt":5,"minecraft:dark_oak_slab":4,"minecraft:emerald_block":6,"minecraft:pumpkin":19,"minecraft:dripstone_block":4,"minecraft:gravel":169,"minecraft:lava_bucket":2,"minecraft:amethyst_shard":6,"chococraft:gysahl_green_seeds":8,"minecraft:spruce_sapling":22,"minecraft:blast_furnace":3,"minecraft:white_bed":1,"minecraft:spruce_log":312,"minecraft:spruce_door":2,"minecraft:oak_wood":5,"alexsmobs:raw_catfish":3,"minecraft:slime_ball":12,"minecraft:stone_axe":14,"evilcraft:dark_gem":59,"minecraft:iron_helmet":36,"tconstruct:seared_melter":1,"minecraft:baked_potato":259,"minecraft:stripped_dark_oak_log":8,"minecraft:smooth_quartz_slab":2,"minecraft:coal":1595},"minecraft:mined":{"minecraft:dark_oak_planks":1,"minecraft:large_amethyst_bud":4,"minecraft:spruce_planks":11,"minecraft:white_bed":1,"minecraft:mossy_stone_brick_slab":1,"tconstruct:tinker_station":1,"tconstruct:sky_slime_crystal_block":3,"minecraft:brewing_stand":2,"minecraft:obsidian":12,"minecraft:spruce_trapdoor":3,"minecraft:budding_amethyst":11,"minecraft:grass_block":196,"tconstruct:seared_channel":2,"gobber2:gobber2_lucky_block":13,"minecraft:coal_block":1,"minecraft:spawner":7,"tconstruct:seared_table":1,"minecraft:tall_seagrass":3,"architects_palette:lapis_ore_brick_slab":22,"minecraft:magma_block":1,"minecraft:iron_ore":70,"minecraft:barrel":6,"minecraft:fire":28,"minecraft:cobbled_deepslate":2,"tconstruct:seared_melter":1,"minecraft:pumpkin":5,"minecraft:deepslate_lapis_ore":10,"minecraft:fletching_table":2,"tconstruct:tinkers_chest":1,"minecraft:water_cauldron":2,"minecraft:dirt_path":85,"minecraft:iron_bars":11,"minecraft:small_amethyst_bud":1,"minecraft:oak_stairs":6,"architects_palette:spruce_board_stairs":7,"minecraft:spruce_wood":4,"minecraft:iron_block":31,"minecraft:spruce_slab":33,"minecraft:deepslate_redstone_ore":28,"minecraft:sandstone_slab":91,"tconstruct:part_builder":2,"minecraft:red_bed":24,"minecraft:kelp_plant":1,"minecraft:medium_amethyst_bud":1,"mutationcraft:putrid_vine":1,"minecraft:smoker":1,"minecraft:deepslate_tile_slab":11,"minecraft:amethyst_cluster":1,"minecraft:clay":29,"minecraft:torch":12,"minecraft:blast_furnace":1,"minecraft:calcite":16,"minecraft:chest":19,"minecraft:dead_bush":1,"minecraft:glass":2,"minecraft:smooth_quartz_slab":2,"minecraft:cobblestone":7,"minecraft:slime_block":12,"minecraft:grindstone":2,"minecraft:oak_planks":35,"minecraft:wall_torch":23,"minecraft:amethyst_block":99,"minecraft:cauldron":1,"minecraft:skeleton_skull":1,"minecraft:seagrass":1,"minecraft:light_gray_glazed_terracotta":10,"graveyard:oak_coffin":1,"minecraft:dark_oak_slab":1,"evilcraft:dark_ore_deepslate":4,"minecraft:birch_log":7,"minecraft:wheat":17,"minecraft:waxed_copper_block":2,"minecraft:tnt":4,"minecraft:stone_brick_stairs":14,"minecraft:grass":45,"minecraft:oak_log":107,"mutationcraft:putrid_block":9,"minecraft:dirt":229,"minecraft:sand":283,"tconstruct:crafting_station":2,"minecraft:smooth_basalt":5,"minecraft:dispenser":1,"minecraft:netherrack":1,"minecraft:oak_leaves":23,"minecraft:deepslate":142,"minecraft:emerald_block":6,"minecraft:tuff":2,"minecraft:red_carpet":3,"minecraft:mossy_cobblestone":48,"minecraft:candle":1,"minecraft:stripped_birch_log":4,"born_in_chaos_v1:infected_diamond_ore":2,"tconstruct:modifier_worktable":1,"minecraft:lever":1,"minecraft:dark_oak_fence":2,"minecraft:spruce_fence":17,"born_in_chaos_v1:black_argillite":40,"travelersbackpack:white_sleeping_bag":7,"minecraft:polished_andesite_slab":3,"minecraft:spruce_leaves":68,"minecraft:sandstone":62,"tconstruct:sky_slime_crystal_cluster":2,"minecraft:large_fern":2,"minecraft:hay_block":26,"minecraft:furnace":9,"minecraft:polished_basalt":19,"minecraft:snow":18,"minecraft:andesite":3,"minecraft:stripped_spruce_log":28,"evilcraft:dark_ore":3,"minecraft:bell":1,"architects_palette:spruce_boards":26,"minecraft:bookshelf":26,"minecraft:potatoes":9,"minecraft:deepslate_iron_ore":7,"minecraft:vine":1,"minecraft:lantern":2,"minecraft:stripped_oak_log":12,"minecraft:packed_ice":8,"minecraft:smooth_quartz_stairs":10,"tconstruct:medium_sky_slime_crystal_bud":1,"minecraft:stone":294,"minecraft:redstone_wall_torch":1,"minecraft:smithing_table":2,"minecraft:redstone_block":1,"minecraft:glass_pane":3,"minecraft:soul_sand":2,"minecraft:snow_block":120,"minecraft:brown_carpet":3,"minecraft:spruce_door":2,"minecraft:smooth_sandstone":20,"minecraft:crafting_table":15,"minecraft:oak_wood":5,"minecraft:andesite_slab":1,"minecraft:campfire":2,"minecraft:lectern":3,"minecraft:copper_ore":50,"minecraft:tall_grass":10,"minecraft:deepslate_coal_ore":1,"minecraft:lapis_ore":2,"minecraft:deepslate_gold_ore":6,"minecraft:diorite":5,"minecraft:prismarine_bricks":1,"minecraft:waxed_weathered_cut_copper_slab":2,"minecraft:ice":5,"minecraft:spruce_log":195,"gobber2:gobber2_lucky_block_deepslate":4,"minecraft:white_wall_banner":1,"minecraft:coal_ore":276,"minecraft:gravel":130,"minecraft:dripstone_block":5,"minecraft:cobweb":3,"minecraft:cracked_stone_bricks":4,"minecraft:stone_bricks":3,"minecraft:mossy_stone_bricks":5,"minecraft:gold_ore":5,"minecraft:chipped_anvil":1,"minecraft:fern":2},"minecraft:broken":{"minecraft:iron_shovel":2,"minecraft:iron_boots":1,"minecraft:iron_chestplate":1,"minecraft:stone_pickaxe":1,"minecraft:stone_shovel":2,"minecraft:chainmail_helmet":1,"minecraft:wooden_pickaxe":1,"minecraft:iron_axe":2,"minecraft:iron_pickaxe":5},"minecraft:killed":{"alexsmobs:lobster":8,"minecraft:cave_spider":1,"rottencreatures:burned":1,"minecraft:spider":1,"minecraft:cod":2,"minecraft:skeleton":21,"born_in_chaos_v1:firelight_not_despawn":3,"minecraft:pig":2,"born_in_chaos_v1:diamond_termite":1,"laendli_transport:crab":24,"minecraft:pillager":2,"minecraft:zombie":14,"born_in_chaos_v1:dread_hound":1,"alexsmobs:terrapin":1,"minecraft:stray":1,"minecraft:evoker":1,"minecraft:vindicator":2,"born_in_chaos_v1:maggot":2,"alexsmobs:bison":2,"minecraft:drowned":2,"born_in_chaos_v1:corpse_fish":5,"born_in_chaos_v1:barrel_zombie":1,"laendli_transport:slabcrab":13,"born_in_chaos_v1:baby_skeleton":1,"born_in_chaos_v1:decrepit_skeleton":2,"alexsmobs:catfish":2,"born_in_chaos_v1:bloody_gadfly":1,"evilcraft:poisonous_libelle":1,"alexsmobs:cockroach":1,"minecraft:wither_skeleton":2},"minecraft:used":{"minecraft:iron_shovel":778,"travelersbackpack:lapis":2,"minecraft:spruce_slab":249,"gobber2:gobber2_gooey_bread":5,"architects_palette:spruce_board_stairs":11,"minecraft:shield":56,"minecraft:chest":36,"minecraft:iron_sword":608,"minecraft:bell":3,"minecraft:iron_chestplate":9,"tconstruct:sword":210,"minecraft:carrot":2,"minecraft:deepslate_tile_slab":53,"minecraft:snowball":1,"minecraft:glass":64,"born_in_chaos_v1:corpse_maggot":1,"minecraft:lava_bucket":3,"minecraft:spruce_wood":5,"minecraft:lantern":11,"born_in_chaos_v1:mint_candy":2,"minecraft:iron_helmet":9,"tconstruct:seared_faucet":2,"minecraft:stone_brick_stairs":3,"minecraft:repeater":1,"minecraft:bow":25,"minecraft:oak_sapling":7,"minecraft:furnace":11,"minecraft:egg":3,"minecraft:potato":41,"minecraft:leather_leggings":1,"minecraft:oak_planks":32,"minecraft:spruce_door":3,"minecraft:stone_pickaxe":192,"minecraft:stripped_birch_log":4,"architects_palette:spruce_boards":225,"minecraft:wooden_pickaxe":66,"minecraft:sandstone":6,"minecraft:golden_apple":2,"minecraft:sand":21,"minecraft:crossbow":11,"born_in_chaos_v1:holiday_candy":4,"minecraft:shears":1,"gobber2:gobber2_gooey_beefstew":3,"architects_palette:lapis_ore_brick_slab":182,"minecraft:bread":104,"minecraft:lectern":3,"minecraft:gravel":4,"tconstruct:tinkers_chest":2,"minecraft:grindstone":2,"minecraft:smithing_table":2,"tconstruct:crafting_station":6,"minecraft:bone_meal":2,"minecraft:iron_bars":2,"minecraft:stone_shovel":257,"minecraft:spruce_planks":35,"minecraft:cooked_salmon":11,"tconstruct:seared_ingot_gauge":1,"minecraft:torch":306,"minecraft:brewing_stand":1,"minecraft:dirt":344,"minecraft:iron_hoe":85,"minecraft:iron_axe":638,"tconstruct:tinker_station":2,"minecraft:iron_boots":4,"minecraft:barrel":8,"evilcraft:flesh_humanoid":2,"tconstruct:part_builder":3,"minecraft:cooked_beef":9,"minecraft:cobbled_deepslate":6,"minecraft:iron_leggings":1,"minecraft:wheat_seeds":65,"minecraft:water_bucket":11,"tconstruct:modifier_worktable":2,"minecraft:snow_block":3,"minecraft:baked_potato":32,"minecraft:cauldron":2,"minecraft:fletching_table":2,"minecraft:cracked_stone_bricks":1,"minecraft:mossy_cobblestone":4,"minecraft:crafting_table":20,"minecraft:red_bed":19,"minecraft:white_bed":1,"minecraft:campfire":5,"tconstruct:seared_basin":1,"minecraft:spruce_log":1,"minecraft:diamond_pickaxe":30,"minecraft:apple":4,"tconstruct:seared_table":2,"minecraft:iron_pickaxe":1361,"travelersbackpack:white_sleeping_bag":8,"tconstruct:seared_channel":2,"minecraft:spruce_sapling":15,"minecraft:stone_axe":26,"evilcraft:dark_tank":1,"minecraft:cobblestone":64,"tconstruct:seared_melter":2,"minecraft:white_banner":2,"minecraft:cooked_porkchop":1,"minecraft:bucket":24,"minecraft:sandstone_slab":233,"minecraft:glass_pane":10},"minecraft:killed_by":{"born_in_chaos_v1:nightmare_stalker":4,"minecraft:pillager":2,"born_in_chaos_v1:zombie_bruiser":1,"sanitydim:rotting_stalker":1,"minecraft:vindicator":15,"sanitydim:sneaking_terror":1,"minecraft:vex":13,"minecraft:player":2,"graveyard:nightmare":1,"born_in_chaos_v1:zombie_lumberjack":1,"born_in_chaos_v1:decaying_zombie":1,"born_in_chaos_v1:decrepit_skeleton":1,"alexsmobs:centipede_head":1,"minecraft:skeleton":28,"cave_dweller:cave_dweller":1,"born_in_chaos_v1:dread_hound":1},"minecraft:custom":{"minecraft:interact_with_crafting_table":83,"minecraft:open_barrel":28,"minecraft:leave_game":16,"minecraft:time_since_death":35737,"minecraft:sprint_one_cm":1423890,"minecraft:damage_blocked_by_shield":2510,"minecraft:drop":114,"minecraft:talked_to_villager":7,"minecraft:play_time":993767,"minecraft:deaths":153,"minecraft:jump":11428,"minecraft:interact_with_brewingstand":1,"minecraft:walk_on_water_one_cm":144695,"minecraft:interact_with_furnace":83,"minecraft:interact_with_cartography_table":1,"minecraft:interact_with_loom":1,"minecraft:sleep_in_bed":48,"minecraft:waystone_activated":2,"minecraft:damage_dealt":34977,"minecraft:player_kills":4,"minecraft:crouch_one_cm":125895,"minecraft:interact_with_smithing_table":2,"minecraft:horse_one_cm":340646,"minecraft:mob_kills":157,"minecraft:damage_dealt_resisted":10,"minecraft:climb_one_cm":11667,"minecraft:walk_one_cm":2071402,"minecraft:sneak_time":42242,"minecraft:walk_under_water_one_cm":116095,"minecraft:interact_with_blast_furnace":2,"minecraft:total_world_time":993767,"minecraft:time_since_rest":8264,"minecraft:damage_absorbed":80,"minecraft:damage_taken":52001,"minecraft:swim_one_cm":96944,"minecraft:fly_one_cm":1967151,"minecraft:open_chest":596,"minecraft:fall_one_cm":243801},"minecraft:crafted":{"minecraft:oak_planks":116,"tconstruct:puny_smelting":1,"minecraft:stone":147,"minecraft:glass":128,"evilcraft:blood_extractor":2,"architects_palette:spruce_board_stairs":4,"tconstruct:seared_brick":63,"minecraft:chest":21,"tconstruct:small_blade":2,"minecraft:crafting_table":10,"minecraft:spruce_planks":568,"minecraft:wooden_pickaxe":2,"minecraft:baked_potato":32,"minecraft:spruce_door":15,"tconstruct:tool_handle":4,"minecraft:birch_planks":12,"minecraft:campfire":5,"tconstruct:sword":2,"minecraft:iron_chestplate":1,"minecraft:shield":3,"minecraft:stick":160,"minecraft:iron_ingot":50,"minecraft:iron_pickaxe":7,"minecraft:snow_block":96,"minecraft:sandstone":14,"minecraft:shears":1,"evilcraft:dark_spike":16,"tconstruct:pattern":15,"tconstruct:bow_limb":1,"minecraft:coal":9,"minecraft:stone_shovel":2,"minecraft:furnace":1,"minecraft:glass_pane":16,"architects_palette:spruce_boards":279,"travelersbackpack:white_sleeping_bag":2,"minecraft:iron_axe":2,"born_in_chaos_v1:fried_maggot":2,"minecraft:spruce_slab":60,"minecraft:iron_hoe":1,"tconstruct:seared_table":1,"minecraft:stone_pickaxe":1,"minecraft:wheat":90,"minecraft:cooked_beef":17,"minecraft:sandstone_slab":24,"minecraft:bucket":2,"minecraft:stone_axe":2,"minecraft:air":0,"minecraft:bread":37,"tconstruct:crafting_station":4,"minecraft:iron_leggings":2,"minecraft:iron_shovel":5,"minecraft:white_bed":1,"minecraft:torch":260},"minecraft:dropped":{"minecraft:iron_sword":4,"minecraft:birch_planks":5,"minecraft:cooked_beef":11,"minecraft:baked_potato":19,"born_in_chaos_v1:fried_maggot":2,"minecraft:crafting_table":1,"minecraft:crossbow":1,"tconstruct:sword":1,"minecraft:dirt":64,"tconstruct:materials_and_you":1,"minecraft:snowball":49,"minecraft:sand":3,"minecraft:iron_pickaxe":6,"architects_palette:spruce_boards":20,"minecraft:bone":1,"minecraft:gravel":8,"minecraft:stone_axe":2,"minecraft:lever":1,"minecraft:polished_andesite_slab":1,"minecraft:andesite_slab":1,"minecraft:rotten_flesh":7,"minecraft:oak_planks":15,"evilcraft:flesh_humanoid":8,"minecraft:leather_chestplate":1,"minecraft:spruce_slab":31,"minecraft:iron_bars":10,"minecraft:arrow":32,"minecraft:iron_ingot":12,"minecraft:bread":32,"born_in_chaos_v1:wood_splitter_axe":1,"minecraft:wheat_seeds":1,"minecraft:mossy_cobblestone":2,"minecraft:iron_helmet":1,"minecraft:cobblestone":53,"evilcraft:dark_gem":1,"minecraft:coal":1,"minecraft:stick":5,"minecraft:cobweb":6,"minecraft:torch":40,"minecraft:iron_leggings":3,"minecraft:iron_axe":1,"minecraft:string":2,"minecraft:bucket":1,"minecraft:gray_carpet":1,"minecraft:acacia_planks":4,"minecraft:spruce_sapling":1,"minecraft:tuff":1,"minecraft:iron_boots":6,"minecraft:potato":6,"minecraft:spruce_trapdoor":1,"minecraft:spruce_planks":18,"minecraft:iron_chestplate":3,"minecraft:stone_bricks":1,"minecraft:sandstone":2,"minecraft:bow":1,"minecraft:stone_pickaxe":1,"minecraft:wooden_pickaxe":1}},"DataVersion":3120}