{"stats":{"minecraft:mined":{"minecraft:spruce_planks":6,"minecraft:stone_pressure_plate":4,"minecraft:farmland":1,"minecraft:cobbled_deepslate_stairs":5,"minecraft:mossy_stone_brick_slab":1,"minecraft:obsidian":16,"minecraft:spruce_trapdoor":57,"minecraft:granite":19,"minecraft:grass_block":892,"gobber2:gobber2_lucky_block":2,"minecraft:deepslate_bricks":150,"minecraft:deepslate_tile_stairs":10,"minecraft:chiseled_stone_bricks":1,"minecraft:spawner":47,"minecraft:tall_seagrass":1,"tconstruct:seared_ingot_gauge":1,"minecraft:magma_block":4,"minecraft:mossy_cobblestone_slab":3,"minecraft:glowstone":2,"minecraft:iron_ore":51,"minecraft:barrel":2,"minecraft:fire":1,"minecraft:cobbled_deepslate":116,"minecraft:anvil":2,"minecraft:moss_carpet":1,"minecraft:deepslate_lapis_ore":19,"minecraft:fletching_table":4,"minecraft:cave_vines":2,"minecraft:water_cauldron":1,"minecraft:dirt_path":55,"minecraft:oak_stairs":4,"minecraft:iron_bars":16,"minecraft:deepslate_brick_stairs":32,"minecraft:spruce_slab":4,"minecraft:deepslate_redstone_ore":23,"minecraft:brown_mushroom":1,"minecraft:quartz_block":24,"minecraft:red_bed":13,"minecraft:deepslate_brick_wall":19,"minecraft:smoker":3,"minecraft:deepslate_tile_slab":32,"minecraft:clay":33,"minecraft:torch":27,"minecraft:blast_furnace":8,"minecraft:chest":40,"minecraft:white_stained_glass_pane":6,"minecraft:glass":14,"minecraft:cobblestone":25,"minecraft:oak_planks":3,"minecraft:sugar_cane":40,"minecraft:grindstone":3,"minecraft:wall_torch":9,"minecraft:seagrass":2,"minecraft:white_terracotta":4,"minecraft:light_blue_terracotta":3,"evilcraft:dark_ore_deepslate":4,"minecraft:wheat":80,"graveyard:skull_pile":1,"minecraft:stone_brick_stairs":4,"minecraft:black_bed":1,"minecraft:grass":31,"minecraft:cracked_deepslate_tiles":6,"minecraft:sand":101,"minecraft:dirt":264,"minecraft:stonecutter":1,"minecraft:deepslate":473,"minecraft:deepslate_tiles":8,"minecraft:diamond_ore":1,"minecraft:crying_obsidian":1,"minecraft:tuff":2,"iceandfire:silver_ore":11,"minecraft:mossy_cobblestone":11,"minecraft:deepslate_diamond_ore":11,"minecraft:cobbled_deepslate_slab":14,"minecraft:spruce_fence":53,"iceandfire:deepslate_silver_ore":2,"minecraft:spruce_leaves":66,"minecraft:moss_block":2,"minecraft:cartography_table":1,"minecraft:deepslate_brick_slab":16,"minecraft:furnace":2,"minecraft:acacia_wood":3,"minecraft:andesite":16,"minecraft:stripped_spruce_log":3,"minecraft:bell":1,"minecraft:mossy_stone_brick_stairs":1,"minecraft:bookshelf":26,"minecraft:potatoes":238,"minecraft:deepslate_iron_ore":78,"minecraft:vine":94,"minecraft:lantern":15,"tconstruct:seared_glass":3,"minecraft:bamboo":2,"minecraft:stone":525,"minecraft:pink_terracotta":36,"minecraft:podzol":105,"minecraft:smithing_table":2,"minecraft:scaffolding":23,"minecraft:glass_pane":1,"minecraft:crafting_table":8,"minecraft:campfire":1,"minecraft:copper_ore":23,"minecraft:tall_grass":9,"minecraft:deepslate_coal_ore":12,"minecraft:lapis_ore":20,"minecraft:deepslate_gold_ore":58,"minecraft:cracked_deepslate_bricks":70,"minecraft:diorite":24,"minecraft:spruce_stairs":40,"minecraft:red_terracotta":19,"minecraft:coarse_dirt":15,"minecraft:sweet_berry_bush":4,"minecraft:ice":1,"minecraft:spruce_log":195,"iceandfire:silver_pile":1,"minecraft:coal_ore":193,"minecraft:gravel":126,"graveyard:leaning_skeleton":1,"minecraft:dripstone_block":1,"minecraft:cobweb":4,"minecraft:cracked_stone_bricks":6,"minecraft:stone_bricks":9,"minecraft:mossy_stone_bricks":6,"minecraft:gold_ore":9,"minecraft:infested_stone":1,"minecraft:fern":21},"minecraft:custom":{"minecraft:interact_with_crafting_table":43,"minecraft:open_barrel":15,"minecraft:bell_ring":1,"minecraft:leave_game":4,"minecraft:time_since_death":22503,"minecraft:damage_resisted":4,"minecraft:sprint_one_cm":1309084,"minecraft:damage_blocked_by_shield":1435,"minecraft:drop":258,"minecraft:talked_to_villager":14,"minecraft:play_time":955710,"minecraft:deaths":30,"minecraft:jump":10330,"minecraft:interact_with_brewingstand":1,"minecraft:walk_on_water_one_cm":105297,"minecraft:enchant_item":2,"minecraft:interact_with_furnace":69,"minecraft:interact_with_cartography_table":3,"minecraft:interact_with_loom":1,"minecraft:sleep_in_bed":33,"minecraft:damage_dealt":44475,"minecraft:player_kills":3,"minecraft:crouch_one_cm":84034,"minecraft:interact_with_smoker":27,"minecraft:interact_with_smithing_table":5,"minecraft:interact_with_anvil":6,"minecraft:mob_kills":256,"minecraft:damage_dealt_resisted":733,"minecraft:climb_one_cm":98088,"minecraft:walk_one_cm":3005369,"minecraft:sneak_time":30189,"minecraft:walk_under_water_one_cm":77067,"minecraft:boat_one_cm":44221,"minecraft:interact_with_blast_furnace":82,"minecraft:total_world_time":955710,"minecraft:interact_with_grindstone":1,"minecraft:interact_with_stonecutter":11,"minecraft:time_since_rest":22530,"minecraft:damage_taken":19041,"minecraft:swim_one_cm":88137,"minecraft:fly_one_cm":2033331,"minecraft:open_chest":816,"minecraft:fall_one_cm":153836},"minecraft:broken":{"minecraft:iron_shovel":5,"minecraft:iron_chestplate":1,"minecraft:iron_leggings":1,"minecraft:stone_pickaxe":1,"minecraft:chainmail_chestplate":1,"minecraft:stone_axe":1,"minecraft:iron_sword":2,"minecraft:stone_shovel":1,"minecraft:leather_boots":1,"minecraft:iron_pickaxe":7,"minecraft:iron_helmet":1,"minecraft:wooden_hoe":2},"minecraft:picked_up":{"minecraft:iron_chestplate":35,"minecraft:wheat":94,"minecraft:chainmail_boots":9,"minecraft:anvil":5,"minecraft:smithing_table":4,"minecraft:diamond_sword":16,"minecraft:oak_stairs":7,"minecraft:brown_bed":1,"minecraft:potion":1,"minecraft:golden_shovel":1,"minecraft:stone_brick_stairs":3,"minecraft:amethyst_block":8,"evilcraft:ender_tear":1,"minecraft:string":145,"minecraft:raw_copper":102,"minecraft:iron_leggings":22,"minecraft:deepslate_tiles":14,"minecraft:cobbled_deepslate":1209,"minecraft:bucket":3,"minecraft:spruce_planks":220,"minecraft:written_book":1,"minecraft:azalea":2,"minecraft:iron_pickaxe":37,"evilcraft:blood_extractor":6,"minecraft:iron_boots":23,"minecraft:furnace":2,"minecraft:tipped_arrow":27,"minecraft:golden_helmet":2,"minecraft:stick":62,"born_in_chaos_v1:shattered_skull":1,"minecraft:deepslate_brick_wall":19,"minecraft:big_dripleaf":8,"minecraft:torch":817,"minecraft:spruce_stairs":78,"iceandfire:silver_ore":18,"minecraft:dried_kelp":18,"minecraft:pointed_dripstone":1,"minecraft:diorite":31,"born_in_chaos_v1:nightmare_claw":3,"minecraft:deepslate_tile_stairs":10,"minecraft:pink_terracotta":72,"minecraft:cauldron":2,"gobber2:gobber2_foo":1,"minecraft:quartz_block":33,"minecraft:rotten_flesh":141,"alexsmobs:flying_fish_boots":3,"minecraft:white_terracotta":5,"evilcraft:condensed_blood":95,"minecraft:deepslate_brick_stairs":37,"minecraft:obsidian":16,"minecraft:iron_bars":22,"minecraft:cod":10,"alexsmobs:flying_fish":4,"minecraft:cobblestone":648,"minecraft:nautilus_shell":20,"minecraft:magma_block":10,"minecraft:mossy_cobblestone_slab":2,"minecraft:leather_chestplate":3,"minecraft:cooked_beef":137,"minecraft:water_bucket":23,"minecraft:andesite":31,"minecraft:brown_wool":9,"minecraft:smoker":4,"minecraft:potato":893,"minecraft:flint":17,"minecraft:tuff":3,"evilcraft:flesh_humanoid":5,"minecraft:lapis_lazuli":303,"minecraft:dirt":1599,"minecraft:lantern":22,"minecraft:name_tag":2,"born_in_chaos_v1:monster_skin":3,"minecraft:leather_boots":6,"minecraft:bone":387,"minecraft:stonecutter":1,"minecraft:bow":20,"minecraft:wheat_seeds":245,"minecraft:deepslate_brick_slab":13,"minecraft:raw_gold":85,"minecraft:cobbled_deepslate_slab":7,"minecraft:bell":1,"minecraft:grindstone":2,"minecraft:mossy_stone_bricks":5,"minecraft:fletching_table":7,"minecraft:glowstone_dust":5,"minecraft:bamboo":17,"minecraft:moss_block":1,"tconstruct:sky_slime_sapling":1,"minecraft:oak_planks":6,"minecraft:mossy_stone_brick_stairs":2,"minecraft:cooked_porkchop":2,"tconstruct:seared_ingot_gauge":1,"minecraft:poisonous_potato":8,"iceandfire:shiny_scales":8,"minecraft:sand":132,"minecraft:stripped_spruce_log":3,"alexsmobs:animal_dictionary":1,"minecraft:red_terracotta":19,"minecraft:barrel":4,"minecraft:mossy_cobblestone":26,"minecraft:iron_hoe":2,"minecraft:light_blue_terracotta":1,"minecraft:diamond":15,"minecraft:spruce_boat":9,"minecraft:granite":35,"minecraft:bone_meal":17,"minecraft:golden_apple":2,"minecraft:spruce_sign":3,"minecraft:emerald":27,"minecraft:bread":208,"born_in_chaos_v1:rotten_fish":3,"iceandfire:silver_nugget":12,"gobber2:gobber2_goo":1,"minecraft:diamond_pickaxe":3,"minecraft:crafting_table":8,"minecraft:charcoal":2,"minecraft:coarse_dirt":19,"minecraft:allium":6,"born_in_chaos_v1:river_mint":1,"minecraft:clay_ball":164,"born_in_chaos_v1:seedof_chaos":1,"minecraft:brown_mushroom":26,"tconstruct:materials_and_you":1,"minecraft:wooden_pickaxe":2,"minecraft:diamond_horse_armor":2,"minecraft:chain":3,"minecraft:shield":28,"minecraft:red_bed":13,"minecraft:moss_carpet":2,"minecraft:iron_axe":19,"minecraft:large_fern":5,"tconstruct:seared_glass":3,"minecraft:iron_shovel":21,"graveyard:corruption":4,"minecraft:cracked_stone_bricks":13,"minecraft:cartography_table":2,"minecraft:beef":3,"minecraft:iron_nugget":29,"minecraft:spruce_slab":10,"minecraft:sugar_cane":85,"minecraft:chest":47,"minecraft:spruce_trapdoor":45,"minecraft:phantom_membrane":22,"minecraft:raw_iron":147,"minecraft:copper_ingot":2,"evilcraft:origins_of_darkness":4,"minecraft:spruce_fence":61,"minecraft:white_dye":10,"born_in_chaos_v1:pieceofdarkmetal":5,"minecraft:redstone":168,"minecraft:stone_pressure_plate":7,"minecraft:tnt":17,"minecraft:arrow":428,"minecraft:stone_shovel":3,"minecraft:pumpkin_pie":1,"minecraft:deepslate_bricks":199,"minecraft:shears":3,"minecraft:diamond_boots":6,"minecraft:cracked_deepslate_bricks":85,"architects_palette:withered_bone":2,"iceandfire:deepslate_silver_ore":4,"minecraft:glow_berries":1,"minecraft:mutton":2,"minecraft:white_wool":2,"born_in_chaos_v1:fused_bone":3,"minecraft:cracked_deepslate_tiles":7,"born_in_chaos_v1:corpse_maggot":26,"born_in_chaos_v1:monster_flesh":4,"minecraft:glow_ink_sac":4,"minecraft:fern":11,"minecraft:leather":48,"minecraft:yellow_dye":1,"minecraft:red_mushroom":8,"minecraft:acacia_wood":3,"minecraft:oak_log":6,"minecraft:chainmail_chestplate":7,"minecraft:cobbled_deepslate_stairs":2,"minecraft:gunpowder":37,"minecraft:wooden_hoe":1,"minecraft:deepslate_tile_slab":52,"tconstruct:seared_brick":5,"minecraft:cooked_mutton":4,"minecraft:apple":29,"minecraft:stone_bricks":1689,"tconstruct:sky_slime_grass_seeds":4,"minecraft:iron_ingot":16,"minecraft:iron_sword":24,"minecraft:book":125,"minecraft:scaffolding":42,"minecraft:sweet_berries":223,"minecraft:chiseled_stone_bricks":2,"born_in_chaos_v1:ethereal_spirit":6,"minecraft:dripstone_block":1,"minecraft:gravel":252,"chococraft:gysahl_green_seeds":1,"minecraft:spruce_sapling":115,"minecraft:blast_furnace":10,"minecraft:spruce_log":349,"minecraft:crying_obsidian":1,"minecraft:mossy_stone_brick_slab":1,"minecraft:spruce_door":3,"minecraft:spider_eye":14,"minecraft:leather_helmet":2,"minecraft:pumpkin_seeds":74,"minecraft:slime_ball":7,"minecraft:stone_axe":2,"iceandfire:silver_sword":3,"evilcraft:dark_gem":18,"minecraft:iron_helmet":29,"minecraft:gray_wool":15,"minecraft:baked_potato":918,"minecraft:black_wool":2,"minecraft:coal":332,"minecraft:ender_pearl":10},"minecraft:crafted":{"travelersbackpack:crafting_upgrade":1,"minecraft:stone":3,"minecraft:glass":246,"evilcraft:blood_extractor":2,"travelersbackpack:gray_sleeping_bag":1,"tconstruct:seared_brick":288,"minecraft:chest":2,"minecraft:crafting_table":5,"travelersbackpack:lapis":3,"minecraft:spruce_planks":356,"travelersbackpack:standard":1,"minecraft:wooden_pickaxe":1,"minecraft:baked_potato":274,"minecraft:spruce_door":3,"minecraft:wooden_hoe":3,"minecraft:diamond_pickaxe":1,"minecraft:shield":1,"minecraft:stick":268,"minecraft:iron_ingot":89,"minecraft:iron_pickaxe":5,"tconstruct:seared_bricks":7,"tconstruct:clear_item_frame":20,"minecraft:composter":1,"minecraft:spruce_fence_gate":8,"evilcraft:dark_spike":16,"tconstruct:pattern":12,"minecraft:stone_shovel":2,"tconstruct:part_builder":1,"minecraft:iron_nugget":72,"minecraft:furnace":1,"tconstruct:seared_basin":1,"minecraft:bone_meal":249,"minecraft:spruce_fence":117,"minecraft:glass_pane":80,"tconstruct:tinker_station":1,"minecraft:lantern":9,"minecraft:deepslate_brick_wall":4,"minecraft:iron_axe":1,"minecraft:spruce_slab":124,"minecraft:stone_pickaxe":1,"minecraft:spruce_boat":2,"alexsmobs:flying_fish_boots":2,"minecraft:diamond_sword":1,"iceandfire:silver_ingot":11,"minecraft:enchanting_table":1,"travelersbackpack:backpack_tank":3,"minecraft:iron_sword":2,"minecraft:stone_axe":2,"minecraft:air":0,"tconstruct:seared_ingot_gauge":1,"tconstruct:crafting_station":3,"minecraft:iron_shovel":5,"tconstruct:seared_faucet":3,"minecraft:iron_leggings":1,"minecraft:stonecutter":1,"minecraft:torch":140},"minecraft:killed_by":{"minecraft:creeper":2,"born_in_chaos_v1:zombie_bruiser":3,"minecraft:vindicator":2,"minecraft:zombie":3,"graveyard:revenant":2,"minecraft:player":2,"minecraft:stray":6,"minecraft:enderman":1,"minecraft:iron_golem":1,"laendli_transport:slabcrab":1,"minecraft:skeleton":4,"iceandfire:ghost":1,"cave_dweller:cave_dweller":2},"minecraft:killed":{"minecraft:cave_spider":1,"minecraft:witch":2,"born_in_chaos_v1:restless_spirit":2,"minecraft:spider":18,"born_in_chaos_v1:siamese_skeletonsright":1,"born_in_chaos_v1:baby_skeleton_minion":1,"minecraft:skeleton":18,"minecraft:silverfish":3,"born_in_chaos_v1:bonescaller":1,"minecraft:creeper":1,"laendli_transport:crab":22,"born_in_chaos_v1:zombie_fisherman":1,"minecraft:pillager":8,"minecraft:zombie":40,"born_in_chaos_v1:dread_hound":2,"born_in_chaos_v1:corpse_fly":16,"minecraft:stray":14,"minecraft:glow_squid":2,"born_in_chaos_v1:siamese_skeletonsleft":1,"graveyard:nightmare":1,"graveyard:revenant":3,"minecraft:vindicator":1,"born_in_chaos_v1:zombie_bruiser":3,"born_in_chaos_v1:maggot":19,"minecraft:drowned":2,"alexsmobs:flying_fish":4,"rottencreatures:undead_miner":4,"laendli_transport:slabcrab":27,"graveyard:ghoul":5,"born_in_chaos_v1:baby_skeleton":2,"born_in_chaos_v1:swarmer":1,"born_in_chaos_v1:decrepit_skeleton":3,"born_in_chaos_v1:nightmare_stalker":1,"minecraft:wither_skeleton":5,"minecraft:enderman":7},"minecraft:dropped":{"minecraft:iron_sword":5,"minecraft:cooked_beef":14,"minecraft:baked_potato":361,"minecraft:leather":44,"minecraft:mossy_stone_brick_stairs":1,"minecraft:cracked_stone_bricks":2,"minecraft:saddle":1,"alexsmobs:flying_fish_boots":1,"minecraft:large_fern":1,"minecraft:cracked_deepslate_tiles":2,"minecraft:chain":1,"minecraft:bone_meal":6,"minecraft:phantom_membrane":22,"minecraft:iron_pickaxe":6,"minecraft:bone":186,"minecraft:iron_nugget":5,"minecraft:wheat":5,"minecraft:rotten_flesh":9,"evilcraft:flesh_humanoid":3,"minecraft:chainmail_chestplate":2,"minecraft:leather_chestplate":1,"minecraft:gunpowder":25,"born_in_chaos_v1:corpse_maggot":5,"minecraft:leather_boots":1,"minecraft:chainmail_boots":4,"minecraft:white_dye":2,"minecraft:spruce_slab":4,"minecraft:iron_bars":6,"minecraft:arrow":89,"minecraft:water_bucket":1,"minecraft:iron_ingot":15,"minecraft:bread":20,"minecraft:golden_helmet":2,"minecraft:mossy_cobblestone":10,"minecraft:iron_helmet":7,"minecraft:cobblestone":1,"minecraft:book":23,"minecraft:coal":69,"evilcraft:blood_extractor":3,"minecraft:torch":172,"minecraft:potion":1,"minecraft:iron_leggings":2,"minecraft:dried_kelp":5,"minecraft:iron_shovel":3,"minecraft:string":89,"minecraft:sweet_berries":4,"minecraft:coarse_dirt":3,"minecraft:tuff":1,"minecraft:iron_boots":4,"minecraft:smoker":1,"minecraft:name_tag":2,"minecraft:diamond_sword":3,"minecraft:spruce_boat":1,"minecraft:shield":6,"minecraft:spruce_planks":53,"minecraft:iron_chestplate":8,"minecraft:diamond_pickaxe":1,"iceandfire:silver_ingot":11,"minecraft:stone_pressure_plate":2,"minecraft:stone_bricks":50,"minecraft:spruce_log":37,"minecraft:bow":3,"minecraft:cracked_deepslate_bricks":12,"minecraft:nautilus_shell":3},"minecraft:used":{"minecraft:iron_shovel":1392,"minecraft:spruce_slab":123,"travelersbackpack:lapis":5,"minecraft:chest":44,"minecraft:shield":36,"minecraft:iron_sword":663,"minecraft:bell":1,"minecraft:iron_chestplate":5,"minecraft:deepslate_brick_slab":26,"minecraft:deepslate_tile_slab":572,"minecraft:spruce_boat":9,"minecraft:glass":69,"born_in_chaos_v1:corpse_maggot":2,"minecraft:lantern":38,"minecraft:iron_helmet":5,"tconstruct:seared_faucet":1,"minecraft:stone_bricks":60,"minecraft:bow":65,"minecraft:sweet_berries":42,"minecraft:written_book":2,"minecraft:scaffolding":29,"minecraft:furnace":2,"tconstruct:smeltery_controller":1,"minecraft:potato":386,"minecraft:deepslate_brick_wall":4,"minecraft:diorite":7,"minecraft:spruce_door":4,"minecraft:stone_pickaxe":131,"minecraft:wooden_pickaxe":6,"minecraft:composter":1,"minecraft:sugar_cane":85,"minecraft:glow_berries":1,"minecraft:sand":4,"minecraft:blast_furnace":4,"minecraft:deepslate_brick_stairs":7,"minecraft:deepslate_tiles":2,"minecraft:bread":50,"born_in_chaos_v1:rotten_fish":1,"minecraft:diamond_sword":159,"minecraft:chainmail_boots":1,"minecraft:grindstone":2,"minecraft:smithing_table":2,"tconstruct:crafting_station":3,"minecraft:coarse_dirt":4,"minecraft:bone_meal":195,"iceandfire:silver_sword":2,"minecraft:iron_bars":5,"minecraft:enchanting_table":1,"minecraft:cracked_deepslate_bricks":2,"minecraft:stone_shovel":193,"tconstruct:seared_ingot_gauge":2,"minecraft:torch":207,"minecraft:dirt":471,"minecraft:anvil":1,"minecraft:chainmail_chestplate":1,"tconstruct:seared_ladder":10,"minecraft:spruce_fence":106,"minecraft:iron_hoe":49,"minecraft:iron_axe":278,"minecraft:iron_boots":4,"minecraft:bamboo":20,"minecraft:barrel":4,"minecraft:stone_pressure_plate":1,"minecraft:cooked_beef":15,"minecraft:cobbled_deepslate":25,"minecraft:iron_leggings":2,"minecraft:wheat_seeds":133,"minecraft:cooked_mutton":2,"minecraft:water_bucket":24,"minecraft:baked_potato":130,"minecraft:cartography_table":1,"minecraft:fletching_table":4,"minecraft:stonecutter":2,"minecraft:spruce_fence_gate":8,"minecraft:leather_boots":1,"minecraft:deepslate_bricks":27,"minecraft:cracked_stone_bricks":1,"minecraft:crafting_table":8,"minecraft:red_bed":13,"tconstruct:seared_basin":1,"minecraft:smoker":2,"minecraft:wooden_hoe":130,"minecraft:diamond_pickaxe":17,"minecraft:apple":3,"minecraft:iron_pickaxe":2232,"minecraft:spruce_trapdoor":63,"minecraft:spruce_sapling":31,"minecraft:stone_axe":244,"tconstruct:seared_melter":1,"evilcraft:dark_tank":1,"minecraft:cobblestone":345,"minecraft:bucket":29,"tconstruct:clear_item_frame":16,"tconstruct:seared_glass":41}},"DataVersion":3120}