{"stats":{"minecraft:killed":{"mutationcraft:assimilated_villager":1,"mutationcraft:necroptor":2,"alexsmobs:bison":1,"mutationcraft:assimilated_roamer":4,"mutationcraft:developed_roamer":5,"born_in_chaos_v1:firelight_not_despawn":3,"born_in_chaos_v1:decrepit_skeleton":1,"mutationcraft:human_stage_3":1},"minecraft:custom":{"minecraft:interact_with_smithing_table":1,"minecraft:mob_kills":17,"minecraft:interact_with_crafting_table":45,"minecraft:open_barrel":4,"minecraft:leave_game":4,"minecraft:time_since_death":21642,"minecraft:sprint_one_cm":288853,"minecraft:walk_one_cm":449366,"minecraft:drop":40,"minecraft:talked_to_villager":3,"minecraft:play_time":201498,"minecraft:deaths":39,"minecraft:sneak_time":2496,"minecraft:walk_under_water_one_cm":4046,"minecraft:jump":2779,"minecraft:walk_on_water_one_cm":20706,"minecraft:total_world_time":201498,"minecraft:interact_with_furnace":21,"minecraft:sleep_in_bed":3,"minecraft:time_since_rest":13942,"minecraft:waystone_activated":1,"minecraft:damage_taken":11658,"minecraft:damage_absorbed":40,"minecraft:damage_dealt":7558,"minecraft:swim_one_cm":3278,"minecraft:fly_one_cm":382015,"minecraft:player_kills":2,"minecraft:open_chest":57,"minecraft:crouch_one_cm":5858,"minecraft:fall_one_cm":82789},"minecraft:killed_by":{"minecraft:player":1,"mutationcraft:assimilated_donkey":1,"born_in_chaos_v1:nightmare_stalker":4,"born_in_chaos_v1:zombie_lumberjack":1,"mutationcraft:assimilated_spider":3,"sanitydim:rotting_stalker":1,"born_in_chaos_v1:decaying_zombie":1,"mutationcraft:assimilated_human":1,"born_in_chaos_v1:decrepit_skeleton":1,"mutationcraft:necroptor":9,"mutationcraft:carnivorae":1,"mutationcraft:assimilated_roamer":6,"mutationcraft:assimilated_pillager":1,"mutationcraft:developed_roamer":2,"mutationcraft:assimilated_enderman":2,"born_in_chaos_v1:dread_hound":1},"minecraft:dropped":{"minecraft:iron_ingot":1,"minecraft:bread":32,"minecraft:iron_sword":1,"born_in_chaos_v1:wood_splitter_axe":1,"minecraft:wheat_seeds":1,"minecraft:cooked_beef":11,"minecraft:mossy_cobblestone":2,"minecraft:crafting_table":1,"minecraft:cobblestone":47,"minecraft:cobweb":6,"minecraft:dirt":64,"minecraft:torch":5,"minecraft:snowball":49,"minecraft:iron_pickaxe":1,"minecraft:string":1,"minecraft:gray_carpet":1,"minecraft:acacia_planks":4,"minecraft:spruce_sapling":1,"minecraft:gravel":6,"minecraft:stone_axe":1,"minecraft:polished_andesite_slab":1,"minecraft:andesite_slab":1,"minecraft:rotten_flesh":1,"evilcraft:flesh_humanoid":1,"minecraft:spruce_trapdoor":1,"minecraft:spruce_planks":18,"minecraft:stone_pickaxe":1,"minecraft:wooden_pickaxe":1},"minecraft:crafted":{"minecraft:oak_planks":20,"minecraft:stone_shovel":2,"minecraft:furnace":1,"architects_palette:spruce_boards":45,"minecraft:iron_axe":1,"minecraft:spruce_slab":60,"minecraft:iron_hoe":1,"minecraft:stone_pickaxe":1,"minecraft:chest":8,"minecraft:wheat":54,"minecraft:cooked_beef":11,"minecraft:crafting_table":7,"minecraft:spruce_planks":300,"minecraft:wooden_pickaxe":2,"minecraft:spruce_door":15,"minecraft:sandstone_slab":24,"minecraft:campfire":4,"minecraft:stone_axe":2,"minecraft:bread":20,"minecraft:air":0,"minecraft:stick":68,"minecraft:iron_ingot":4,"minecraft:iron_pickaxe":2,"minecraft:snow_block":32,"minecraft:iron_shovel":2,"minecraft:sandstone":14,"minecraft:torch":44},"minecraft:used":{"minecraft:iron_shovel":331,"minecraft:spruce_slab":39,"minecraft:stone_shovel":257,"minecraft:spruce_planks":17,"minecraft:chest":11,"minecraft:iron_sword":204,"minecraft:bell":1,"minecraft:torch":55,"minecraft:dirt":101,"minecraft:snowball":1,"minecraft:lantern":4,"minecraft:iron_axe":92,"born_in_chaos_v1:mint_candy":2,"evilcraft:flesh_humanoid":1,"minecraft:barrel":4,"mutationcraft:putrid_claw":2,"minecraft:furnace":6,"minecraft:cooked_beef":2,"minecraft:leather_leggings":1,"minecraft:spruce_door":3,"architects_palette:spruce_boards":32,"minecraft:stone_pickaxe":192,"minecraft:wooden_pickaxe":66,"minecraft:cauldron":1,"minecraft:fletching_table":1,"minecraft:golden_apple":1,"minecraft:mossy_cobblestone":4,"minecraft:sand":21,"minecraft:crafting_table":12,"minecraft:red_bed":3,"minecraft:campfire":4,"born_in_chaos_v1:holiday_candy":4,"minecraft:spruce_log":1,"minecraft:bread":10,"minecraft:iron_pickaxe":84,"minecraft:gravel":4,"minecraft:stone_axe":26,"minecraft:cobblestone":11,"minecraft:grindstone":1,"minecraft:smithing_table":1,"minecraft:sandstone_slab":25},"minecraft:broken":{"minecraft:iron_shovel":1,"minecraft:wooden_pickaxe":1,"minecraft:stone_pickaxe":1,"minecraft:stone_shovel":2},"minecraft:picked_up":{"minecraft:charcoal":7,"minecraft:crafting_table":8,"minecraft:coarse_dirt":2,"minecraft:wheat":30,"minecraft:sandstone_slab":49,"minecraft:leather_leggings":8,"minecraft:smithing_table":4,"minecraft:lead":1,"minecraft:wooden_pickaxe":2,"minecraft:potion":1,"minecraft:stone_brick_stairs":8,"minecraft:red_bed":5,"minecraft:string":1,"minecraft:iron_axe":9,"minecraft:raw_copper":10,"alexsmobs:ancient_dart":1,"minecraft:gold_nugget":32,"minecraft:bucket":8,"minecraft:spruce_planks":277,"minecraft:beef":26,"minecraft:iron_pickaxe":13,"minecraft:spruce_slab":119,"minecraft:chest":4,"minecraft:spruce_trapdoor":2,"minecraft:furnace":9,"minecraft:stick":156,"minecraft:raw_iron":28,"minecraft:sandstone":40,"minecraft:torch":136,"minecraft:spruce_fence":97,"mutationcraft:putrid_claw":12,"minecraft:cauldron":3,"minecraft:brown_carpet":3,"minecraft:rotten_flesh":11,"minecraft:stone_shovel":18,"minecraft:beetroot_seeds":4,"born_in_chaos_v1:wood_splitter_axe":1,"minecraft:hay_block":12,"mutationcraft:putrid_heart":5,"minecraft:gold_ingot":15,"born_in_chaos_v1:cultivated_pumpkin":5,"minecraft:white_wool":72,"minecraft:bone_block":1,"minecraft:skeleton_skull":3,"minecraft:snowball":605,"minecraft:cobblestone":511,"minecraft:birch_log":14,"minecraft:magma_block":2,"minecraft:cooked_beef":10,"minecraft:smoker":3,"minecraft:potato":310,"minecraft:flint":4,"evilcraft:flesh_humanoid":8,"minecraft:paper":51,"minecraft:dirt":719,"minecraft:lantern":32,"mutationcraft:putrid_brain":5,"minecraft:chipped_anvil":1,"minecraft:red_carpet":3,"minecraft:bone":65,"minecraft:acacia_planks":4,"minecraft:gray_carpet":1,"minecraft:wheat_seeds":5,"minecraft:bell":7,"minecraft:iron_ingot":13,"minecraft:grindstone":5,"minecraft:stone_pickaxe":12,"minecraft:waxed_weathered_cut_copper_slab":1,"minecraft:cobweb":6,"minecraft:fletching_table":4,"minecraft:polished_andesite_slab":1,"minecraft:oak_planks":15,"minecraft:iron_sword":16,"minecraft:book":9,"minecraft:pumpkin":16,"minecraft:dripstone_block":4,"minecraft:gravel":10,"minecraft:sand":1231,"chococraft:gysahl_green_seeds":8,"minecraft:stripped_spruce_log":26,"minecraft:spruce_sapling":6,"minecraft:blast_furnace":3,"minecraft:spruce_log":185,"minecraft:barrel":4,"minecraft:spruce_door":2,"minecraft:mossy_cobblestone":16,"graveyard:oak_coffin":1,"minecraft:iron_hoe":8,"minecraft:oak_wood":5,"born_in_chaos_v1:fire_dust":39,"minecraft:stone_axe":10,"minecraft:emerald":37,"minecraft:bread":395,"minecraft:light_gray_carpet":6,"minecraft:andesite_slab":1,"minecraft:coal":471},"minecraft:mined":{"minecraft:red_carpet":3,"minecraft:mossy_cobblestone":5,"minecraft:candle":1,"minecraft:brewing_stand":1,"minecraft:spruce_trapdoor":2,"minecraft:grass_block":126,"minecraft:spruce_fence":17,"minecraft:polished_andesite_slab":1,"minecraft:spruce_leaves":29,"minecraft:sandstone":14,"minecraft:large_fern":1,"minecraft:hay_block":6,"minecraft:magma_block":1,"minecraft:furnace":4,"minecraft:barrel":2,"minecraft:iron_ore":4,"minecraft:fire":3,"minecraft:snow":17,"minecraft:stripped_spruce_log":28,"minecraft:pumpkin":2,"minecraft:fletching_table":1,"minecraft:bookshelf":3,"minecraft:water_cauldron":1,"minecraft:dirt_path":69,"minecraft:packed_ice":3,"minecraft:stone":162,"minecraft:smithing_table":1,"minecraft:spruce_slab":12,"minecraft:sandstone_slab":1,"minecraft:glass_pane":3,"minecraft:red_bed":3,"minecraft:snow_block":120,"minecraft:smoker":1,"minecraft:brown_carpet":3,"minecraft:spruce_door":2,"minecraft:crafting_table":6,"minecraft:torch":1,"minecraft:blast_furnace":1,"minecraft:oak_wood":5,"minecraft:chest":4,"minecraft:andesite_slab":1,"minecraft:campfire":2,"minecraft:copper_ore":3,"minecraft:grindstone":1,"minecraft:oak_planks":1,"minecraft:wall_torch":9,"minecraft:skeleton_skull":1,"graveyard:oak_coffin":1,"minecraft:waxed_weathered_cut_copper_slab":2,"minecraft:birch_log":7,"minecraft:spruce_log":66,"minecraft:stone_brick_stairs":8,"minecraft:grass":8,"minecraft:coal_ore":86,"minecraft:dirt":196,"minecraft:sand":82,"minecraft:gravel":14,"minecraft:dripstone_block":5,"minecraft:chipped_anvil":1,"minecraft:oak_leaves":2,"minecraft:fern":2}},"DataVersion":3120}