{"stats":{"minecraft:custom":{"minecraft:interact_with_crafting_table":77,"minecraft:open_barrel":22,"minecraft:leave_game":15,"minecraft:time_since_death":145184,"minecraft:sprint_one_cm":1335502,"minecraft:damage_blocked_by_shield":2230,"minecraft:drop":114,"minecraft:talked_to_villager":7,"minecraft:play_time":915120,"minecraft:deaths":152,"minecraft:jump":10630,"minecraft:interact_with_brewingstand":1,"minecraft:walk_on_water_one_cm":134358,"minecraft:interact_with_furnace":80,"minecraft:interact_with_cartography_table":1,"minecraft:interact_with_loom":1,"minecraft:sleep_in_bed":44,"minecraft:waystone_activated":2,"minecraft:damage_dealt":28826,"minecraft:player_kills":4,"minecraft:crouch_one_cm":108636,"minecraft:horse_one_cm":277698,"minecraft:interact_with_smithing_table":2,"minecraft:mob_kills":122,"minecraft:damage_dealt_resisted":10,"minecraft:climb_one_cm":11667,"minecraft:walk_one_cm":1865745,"minecraft:sneak_time":36643,"minecraft:walk_under_water_one_cm":107392,"minecraft:interact_with_blast_furnace":2,"minecraft:total_world_time":915120,"minecraft:time_since_rest":7457,"minecraft:damage_absorbed":80,"minecraft:damage_taken":51180,"minecraft:swim_one_cm":92620,"minecraft:fly_one_cm":1833064,"minecraft:open_chest":556,"minecraft:fall_one_cm":227793},"minecraft:killed_by":{"born_in_chaos_v1:nightmare_stalker":4,"minecraft:pillager":2,"born_in_chaos_v1:zombie_bruiser":1,"sanitydim:rotting_stalker":1,"minecraft:vindicator":15,"sanitydim:sneaking_terror":1,"minecraft:vex":13,"minecraft:player":2,"graveyard:nightmare":1,"born_in_chaos_v1:zombie_lumberjack":1,"born_in_chaos_v1:decaying_zombie":1,"born_in_chaos_v1:decrepit_skeleton":1,"minecraft:skeleton":28,"cave_dweller:cave_dweller":1,"born_in_chaos_v1:dread_hound":1},"minecraft:broken":{"minecraft:iron_shovel":2,"minecraft:iron_boots":1,"minecraft:iron_chestplate":1,"minecraft:stone_pickaxe":1,"minecraft:stone_shovel":2,"minecraft:chainmail_helmet":1,"minecraft:wooden_pickaxe":1,"minecraft:iron_axe":2,"minecraft:iron_pickaxe":4},"minecraft:picked_up":{"minecraft:wooden_axe":1,"minecraft:iron_chestplate":44,"minecraft:wheat":66,"minecraft:smithing_table":7,"minecraft:lead":1,"minecraft:oak_stairs":16,"minecraft:potion":9,"minecraft:enchanted_book":2,"architects_palette:lapis_ore_brick_slab":25,"minecraft:stone_brick_stairs":53,"minecraft:brewing_stand":1,"minecraft:amethyst_block":91,"born_in_chaos_v1:black_argillite":1,"minecraft:lapis_block":1,"minecraft:string":258,"minecraft:raw_copper":286,"alexsmobs:ancient_dart":1,"minecraft:cooked_salmon":21,"minecraft:iron_leggings":22,"minecraft:experience_bottle":55,"minecraft:oak_sign":1,"minecraft:gold_nugget":32,"minecraft:cobbled_deepslate":93,"minecraft:bucket":30,"minecraft:spruce_planks":783,"minecraft:redstone_torch":1,"minecraft:calcite":17,"minecraft:azalea":1,"minecraft:iron_pickaxe":80,"minecraft:coal_block":1,"evilcraft:blood_extractor":7,"minecraft:smooth_quartz_stairs":10,"minecraft:furnace":14,"minecraft:iron_boots":57,"minecraft:stick":221,"minecraft:torch":1480,"minecraft:snow_block":154,"minecraft:porkchop":2,"minecraft:dried_kelp":16,"minecraft:diorite":9,"minecraft:cauldron":10,"minecraft:brown_carpet":3,"gobber2:gobber2_foo":18,"tconstruct:sky_slime_crystal":16,"minecraft:stone_sword":1,"born_in_chaos_v1:fried_maggot":2,"minecraft:rotten_flesh":64,"minecraft:polished_basalt":59,"minecraft:iron_block":30,"minecraft:bookshelf":36,"born_in_chaos_v1:cultivated_pumpkin":5,"minecraft:leather_horse_armor":3,"minecraft:obsidian":11,"minecraft:iron_bars":36,"minecraft:cod":3,"minecraft:snowball":993,"alexsmobs:lobster_tail":5,"minecraft:cobblestone":1820,"minecraft:nautilus_shell":1,"minecraft:birch_log":14,"minecraft:magma_block":2,"minecraft:leather_chestplate":1,"minecraft:cooked_beef":14,"minecraft:repeater":1,"minecraft:water_bucket":9,"minecraft:andesite":2,"minecraft:smoker":3,"minecraft:potato":333,"alexsmobs:bison_fur":1,"minecraft:flint":99,"minecraft:tuff":1,"evilcraft:flesh_humanoid":91,"minecraft:lapis_lazuli":149,"minecraft:stripped_birch_log":43,"minecraft:dirt":2113,"minecraft:lantern":40,"born_in_chaos_v1:monster_skin":1,"minecraft:bone":131,"minecraft:chipped_anvil":1,"minecraft:acacia_planks":4,"minecraft:bow":5,"gobber2:gobber2_gooey_beef":12,"minecraft:wheat_seeds":38,"aquamirae:wisteria_niveis":1,"minecraft:raw_gold":19,"minecraft:bell":11,"minecraft:grindstone":6,"minecraft:waxed_weathered_cut_copper_slab":1,"biomemakeover:illunite_shard":6,"tconstruct:seared_table":1,"minecraft:fletching_table":5,"minecraft:mossy_stone_bricks":7,"minecraft:oak_planks":334,"gobber2:gobber2_gooey_bread":14,"minecraft:cooked_porkchop":4,"minecraft:sand":1536,"minecraft:stripped_spruce_log":26,"minecraft:dead_bush":1,"minecraft:spectral_arrow":179,"minecraft:barrel":14,"minecraft:mossy_cobblestone":64,"travelersbackpack:white_sleeping_bag":25,"graveyard:oak_coffin":1,"minecraft:iron_hoe":13,"minecraft:dispenser":1,"born_in_chaos_v1:fire_dust":39,"minecraft:diamond":6,"minecraft:slime_block":10,"minecraft:lever":1,"minecraft:writable_book":7,"minecraft:crossbow":21,"minecraft:bone_meal":13,"tconstruct:tinkers_chest":1,"minecraft:golden_apple":18,"minecraft:chainmail_helmet":6,"minecraft:emerald":205,"minecraft:bread":1109,"born_in_chaos_v1:rotten_fish":7,"minecraft:oak_sapling":17,"minecraft:light_gray_carpet":6,"minecraft:netherrack":1,"minecraft:dark_oak_fence":14,"gobber2:gobber2_goo":22,"minecraft:andesite_slab":1,"minecraft:diamond_pickaxe":1,"tconstruct:crafting_station":2,"minecraft:fishing_rod":1,"minecraft:charcoal":7,"minecraft:coarse_dirt":2,"minecraft:crafting_table":39,"minecraft:sandstone_slab":138,"minecraft:clay_ball":116,"tconstruct:seared_channel":2,"minecraft:leather_leggings":10,"minecraft:wooden_pickaxe":8,"tconstruct:sword":3,"minecraft:shield":28,"minecraft:moss_carpet":3,"minecraft:red_bed":24,"minecraft:iron_axe":72,"evilcraft:poison_sac":1,"minecraft:flint_and_steel":1,"minecraft:iron_shovel":12,"minecraft:cracked_stone_bricks":3,"minecraft:beef":32,"born_in_chaos_v1:gnawed_bones":1,"minecraft:player_head":1,"minecraft:spruce_slab":241,"minecraft:lectern":10,"minecraft:sugar_cane":38,"minecraft:chest":18,"minecraft:spruce_trapdoor":5,"tconstruct:modifier_worktable":1,"minecraft:egg":4,"minecraft:raw_iron":133,"minecraft:sandstone":358,"minecraft:stone":53,"minecraft:copper_ingot":5,"minecraft:spruce_fence":161,"minecraft:white_dye":2,"born_in_chaos_v1:pieceofdarkmetal":1,"minecraft:carrot":20,"minecraft:redstone":121,"minecraft:dark_oak_planks":6,"minecraft:tnt":4,"minecraft:arrow":280,"minecraft:stone_shovel":18,"architects_palette:spruce_boards":37,"minecraft:beetroot_seeds":4,"born_in_chaos_v1:wood_splitter_axe":1,"tconstruct:tinker_station":1,"minecraft:hay_block":64,"architects_palette:spruce_board_stairs":7,"architects_palette:withered_bone":6,"minecraft:totem_of_undying":17,"minecraft:saddle":1,"minecraft:gold_ingot":63,"minecraft:bone_block":2,"minecraft:skeleton_skull":3,"minecraft:white_wool":82,"minecraft:stripped_oak_log":22,"born_in_chaos_v1:corpse_maggot":7,"tconstruct:part_builder":2,"gobber2:gobber2_gooey_beefstew":6,"alexsmobs:cachalot_whale_tooth":1,"minecraft:oak_log":107,"minecraft:waxed_copper_block":2,"minecraft:nether_wart_block":31,"minecraft:gunpowder":39,"tconstruct:sky_slime_crystal_block":2,"minecraft:paper":53,"minecraft:white_banner":8,"minecraft:smooth_sandstone":66,"minecraft:red_carpet":3,"minecraft:stone_bricks":3,"minecraft:apple":9,"minecraft:gray_carpet":1,"minecraft:kelp":12,"minecraft:light_gray_glazed_terracotta":10,"minecraft:spruce_wood":12,"minecraft:iron_ingot":108,"minecraft:stone_pickaxe":12,"minecraft:cobweb":6,"minecraft:polished_andesite_slab":2,"minecraft:soul_sand":2,"minecraft:iron_sword":68,"minecraft:book":141,"minecraft:smooth_basalt":5,"minecraft:dark_oak_slab":4,"minecraft:emerald_block":6,"minecraft:pumpkin":19,"minecraft:dripstone_block":4,"minecraft:gravel":157,"minecraft:lava_bucket":1,"minecraft:amethyst_shard":6,"minecraft:spruce_sapling":21,"chococraft:gysahl_green_seeds":8,"minecraft:blast_furnace":3,"minecraft:white_bed":1,"minecraft:spruce_log":293,"minecraft:spruce_door":2,"alexsmobs:raw_catfish":3,"minecraft:oak_wood":5,"minecraft:slime_ball":12,"minecraft:stone_axe":14,"evilcraft:dark_gem":9,"minecraft:iron_helmet":35,"tconstruct:seared_melter":1,"minecraft:baked_potato":259,"minecraft:stripped_dark_oak_log":8,"minecraft:smooth_quartz_slab":2,"minecraft:coal":1537},"minecraft:killed":{"alexsmobs:lobster":8,"minecraft:cave_spider":1,"rottencreatures:burned":1,"minecraft:spider":1,"minecraft:cod":2,"minecraft:skeleton":18,"born_in_chaos_v1:firelight_not_despawn":3,"minecraft:pig":2,"born_in_chaos_v1:diamond_termite":1,"laendli_transport:crab":4,"minecraft:pillager":2,"minecraft:zombie":13,"born_in_chaos_v1:dread_hound":1,"alexsmobs:terrapin":1,"minecraft:stray":1,"minecraft:evoker":1,"minecraft:vindicator":2,"born_in_chaos_v1:maggot":2,"born_in_chaos_v1:corpse_fish":5,"alexsmobs:bison":2,"minecraft:drowned":2,"laendli_transport:slabcrab":3,"born_in_chaos_v1:baby_skeleton":1,"born_in_chaos_v1:decrepit_skeleton":2,"alexsmobs:catfish":2,"born_in_chaos_v1:bloody_gadfly":1,"evilcraft:poisonous_libelle":1,"alexsmobs:cockroach":1,"minecraft:wither_skeleton":2},"minecraft:dropped":{"minecraft:iron_sword":4,"minecraft:birch_planks":5,"minecraft:baked_potato":19,"minecraft:cooked_beef":11,"born_in_chaos_v1:fried_maggot":2,"minecraft:crafting_table":1,"minecraft:crossbow":1,"tconstruct:sword":1,"minecraft:dirt":64,"tconstruct:materials_and_you":1,"minecraft:snowball":49,"minecraft:sand":3,"minecraft:iron_pickaxe":6,"architects_palette:spruce_boards":20,"minecraft:bone":1,"minecraft:gravel":8,"minecraft:stone_axe":2,"minecraft:lever":1,"minecraft:polished_andesite_slab":1,"minecraft:andesite_slab":1,"minecraft:rotten_flesh":7,"minecraft:oak_planks":15,"evilcraft:flesh_humanoid":8,"minecraft:leather_chestplate":1,"minecraft:spruce_slab":31,"minecraft:iron_bars":10,"minecraft:arrow":32,"minecraft:bread":32,"minecraft:iron_ingot":12,"born_in_chaos_v1:wood_splitter_axe":1,"minecraft:wheat_seeds":1,"minecraft:mossy_cobblestone":2,"minecraft:iron_helmet":1,"minecraft:cobblestone":53,"evilcraft:dark_gem":1,"minecraft:coal":1,"minecraft:stick":5,"minecraft:cobweb":6,"minecraft:torch":40,"minecraft:iron_leggings":3,"minecraft:iron_axe":1,"minecraft:string":2,"minecraft:bucket":1,"minecraft:gray_carpet":1,"minecraft:acacia_planks":4,"minecraft:spruce_sapling":1,"minecraft:tuff":1,"minecraft:iron_boots":6,"minecraft:potato":6,"minecraft:spruce_planks":18,"minecraft:spruce_trapdoor":1,"minecraft:iron_chestplate":3,"minecraft:stone_bricks":1,"minecraft:sandstone":2,"minecraft:bow":1,"minecraft:stone_pickaxe":1,"minecraft:wooden_pickaxe":1},"minecraft:used":{"minecraft:iron_shovel":771,"travelersbackpack:lapis":2,"minecraft:spruce_slab":249,"architects_palette:spruce_board_stairs":11,"gobber2:gobber2_gooey_bread":5,"minecraft:chest":36,"minecraft:shield":49,"minecraft:iron_sword":608,"minecraft:bell":3,"minecraft:iron_chestplate":9,"tconstruct:sword":87,"minecraft:carrot":2,"minecraft:snowball":1,"minecraft:glass":39,"born_in_chaos_v1:corpse_maggot":1,"minecraft:lava_bucket":3,"minecraft:spruce_wood":5,"minecraft:lantern":11,"born_in_chaos_v1:mint_candy":2,"minecraft:iron_helmet":9,"tconstruct:seared_faucet":2,"minecraft:stone_brick_stairs":3,"minecraft:repeater":1,"minecraft:bow":25,"minecraft:oak_sapling":7,"minecraft:furnace":11,"minecraft:egg":3,"minecraft:potato":11,"minecraft:leather_leggings":1,"minecraft:spruce_door":3,"minecraft:stripped_birch_log":4,"minecraft:stone_pickaxe":192,"architects_palette:spruce_boards":203,"minecraft:oak_planks":32,"minecraft:wooden_pickaxe":66,"minecraft:sandstone":6,"minecraft:golden_apple":2,"minecraft:sand":21,"minecraft:crossbow":11,"born_in_chaos_v1:holiday_candy":4,"minecraft:shears":1,"gobber2:gobber2_gooey_beefstew":3,"architects_palette:lapis_ore_brick_slab":182,"minecraft:bread":95,"minecraft:lectern":3,"minecraft:gravel":4,"tconstruct:tinkers_chest":2,"minecraft:grindstone":2,"minecraft:smithing_table":2,"tconstruct:crafting_station":5,"minecraft:bone_meal":2,"minecraft:iron_bars":2,"minecraft:stone_shovel":257,"minecraft:spruce_planks":33,"minecraft:cooked_salmon":11,"tconstruct:seared_ingot_gauge":1,"minecraft:torch":243,"minecraft:brewing_stand":1,"minecraft:dirt":323,"minecraft:iron_hoe":37,"minecraft:iron_axe":598,"tconstruct:tinker_station":2,"minecraft:iron_boots":4,"minecraft:barrel":8,"evilcraft:flesh_humanoid":2,"minecraft:cobbled_deepslate":6,"tconstruct:part_builder":3,"minecraft:cooked_beef":6,"minecraft:iron_leggings":1,"minecraft:wheat_seeds":18,"minecraft:water_bucket":9,"tconstruct:modifier_worktable":2,"minecraft:snow_block":3,"minecraft:baked_potato":32,"minecraft:cauldron":2,"minecraft:fletching_table":2,"minecraft:cracked_stone_bricks":1,"minecraft:mossy_cobblestone":4,"minecraft:crafting_table":20,"minecraft:red_bed":17,"tconstruct:seared_basin":1,"minecraft:white_bed":1,"minecraft:campfire":5,"minecraft:spruce_log":1,"minecraft:diamond_pickaxe":30,"minecraft:apple":4,"tconstruct:seared_table":2,"minecraft:iron_pickaxe":1096,"travelersbackpack:white_sleeping_bag":8,"minecraft:spruce_sapling":15,"tconstruct:seared_channel":2,"minecraft:stone_axe":26,"minecraft:cobblestone":64,"tconstruct:seared_melter":2,"minecraft:white_banner":2,"minecraft:cooked_porkchop":1,"minecraft:bucket":19,"minecraft:sandstone_slab":225},"minecraft:crafted":{"minecraft:oak_planks":116,"tconstruct:puny_smelting":1,"minecraft:stone":147,"minecraft:glass":96,"evilcraft:blood_extractor":1,"architects_palette:spruce_board_stairs":4,"tconstruct:seared_brick":63,"minecraft:chest":21,"tconstruct:small_blade":2,"minecraft:crafting_table":10,"minecraft:spruce_planks":420,"minecraft:baked_potato":32,"minecraft:wooden_pickaxe":2,"minecraft:spruce_door":15,"tconstruct:tool_handle":4,"minecraft:birch_planks":12,"minecraft:campfire":5,"tconstruct:sword":2,"minecraft:iron_chestplate":1,"minecraft:shield":3,"minecraft:stick":148,"minecraft:iron_ingot":50,"minecraft:iron_pickaxe":6,"minecraft:snow_block":96,"minecraft:sandstone":14,"minecraft:shears":1,"evilcraft:dark_spike":16,"tconstruct:pattern":12,"tconstruct:bow_limb":1,"minecraft:coal":9,"minecraft:stone_shovel":2,"minecraft:furnace":1,"architects_palette:spruce_boards":252,"travelersbackpack:white_sleeping_bag":2,"minecraft:iron_axe":2,"tconstruct:seared_table":1,"born_in_chaos_v1:fried_maggot":2,"minecraft:spruce_slab":60,"minecraft:iron_hoe":1,"minecraft:stone_pickaxe":1,"minecraft:wheat":90,"minecraft:cooked_beef":17,"minecraft:sandstone_slab":24,"minecraft:bucket":2,"minecraft:stone_axe":2,"minecraft:bread":32,"minecraft:air":0,"tconstruct:crafting_station":3,"minecraft:iron_shovel":5,"minecraft:iron_leggings":2,"minecraft:white_bed":1,"minecraft:torch":220},"minecraft:mined":{"minecraft:dark_oak_planks":1,"minecraft:large_amethyst_bud":4,"minecraft:spruce_planks":9,"minecraft:white_bed":1,"minecraft:mossy_stone_brick_slab":1,"tconstruct:tinker_station":1,"tconstruct:sky_slime_crystal_block":3,"minecraft:obsidian":12,"minecraft:brewing_stand":2,"minecraft:spruce_trapdoor":3,"minecraft:budding_amethyst":11,"minecraft:grass_block":191,"tconstruct:seared_channel":2,"gobber2:gobber2_lucky_block":13,"minecraft:coal_block":1,"minecraft:spawner":7,"architects_palette:lapis_ore_brick_slab":22,"tconstruct:seared_table":1,"minecraft:tall_seagrass":3,"minecraft:magma_block":1,"minecraft:cobbled_deepslate":2,"minecraft:iron_ore":35,"minecraft:barrel":6,"minecraft:fire":28,"tconstruct:seared_melter":1,"minecraft:pumpkin":5,"minecraft:deepslate_lapis_ore":10,"minecraft:fletching_table":2,"tconstruct:tinkers_chest":1,"minecraft:small_amethyst_bud":1,"minecraft:water_cauldron":2,"minecraft:dirt_path":85,"minecraft:iron_bars":11,"minecraft:oak_stairs":6,"architects_palette:spruce_board_stairs":7,"minecraft:spruce_wood":4,"minecraft:iron_block":31,"minecraft:spruce_slab":33,"minecraft:deepslate_redstone_ore":22,"minecraft:sandstone_slab":91,"tconstruct:part_builder":2,"minecraft:medium_amethyst_bud":1,"minecraft:red_bed":22,"minecraft:kelp_plant":1,"minecraft:smoker":1,"mutationcraft:putrid_vine":1,"minecraft:amethyst_cluster":1,"minecraft:clay":29,"minecraft:torch":10,"minecraft:blast_furnace":1,"minecraft:calcite":16,"minecraft:chest":19,"minecraft:dead_bush":1,"minecraft:glass":2,"minecraft:smooth_quartz_slab":2,"minecraft:cobblestone":7,"minecraft:slime_block":12,"minecraft:grindstone":2,"minecraft:oak_planks":35,"minecraft:wall_torch":22,"minecraft:amethyst_block":99,"minecraft:cauldron":1,"minecraft:skeleton_skull":1,"minecraft:seagrass":1,"minecraft:dark_oak_slab":1,"minecraft:light_gray_glazed_terracotta":10,"graveyard:oak_coffin":1,"minecraft:birch_log":7,"minecraft:waxed_copper_block":2,"minecraft:tnt":4,"minecraft:stone_brick_stairs":14,"minecraft:grass":44,"minecraft:oak_log":107,"mutationcraft:putrid_block":9,"tconstruct:crafting_station":2,"minecraft:sand":283,"minecraft:dirt":228,"minecraft:smooth_basalt":5,"minecraft:dispenser":1,"minecraft:netherrack":1,"minecraft:oak_leaves":23,"minecraft:deepslate":42,"minecraft:emerald_block":6,"minecraft:tuff":1,"minecraft:red_carpet":3,"minecraft:mossy_cobblestone":48,"minecraft:candle":1,"minecraft:stripped_birch_log":4,"born_in_chaos_v1:infected_diamond_ore":2,"tconstruct:modifier_worktable":1,"minecraft:lever":1,"minecraft:dark_oak_fence":2,"minecraft:spruce_fence":17,"travelersbackpack:white_sleeping_bag":7,"minecraft:polished_andesite_slab":3,"minecraft:spruce_leaves":53,"minecraft:sandstone":62,"tconstruct:sky_slime_crystal_cluster":2,"minecraft:large_fern":2,"minecraft:hay_block":26,"minecraft:furnace":9,"minecraft:polished_basalt":19,"minecraft:snow":18,"minecraft:andesite":1,"minecraft:stripped_spruce_log":28,"evilcraft:dark_ore":1,"minecraft:bell":1,"architects_palette:spruce_boards":19,"minecraft:bookshelf":26,"minecraft:vine":1,"minecraft:deepslate_iron_ore":7,"minecraft:lantern":2,"minecraft:stripped_oak_log":12,"minecraft:packed_ice":8,"minecraft:smooth_quartz_stairs":10,"tconstruct:medium_sky_slime_crystal_bud":1,"minecraft:stone":267,"minecraft:redstone_wall_torch":1,"minecraft:smithing_table":2,"minecraft:redstone_block":1,"minecraft:glass_pane":3,"minecraft:soul_sand":2,"minecraft:snow_block":120,"minecraft:brown_carpet":3,"minecraft:spruce_door":2,"minecraft:smooth_sandstone":20,"minecraft:crafting_table":14,"minecraft:oak_wood":5,"minecraft:andesite_slab":1,"minecraft:lectern":3,"minecraft:campfire":2,"minecraft:copper_ore":50,"minecraft:tall_grass":10,"minecraft:lapis_ore":2,"minecraft:deepslate_gold_ore":6,"minecraft:diorite":5,"minecraft:prismarine_bricks":1,"minecraft:waxed_weathered_cut_copper_slab":2,"minecraft:ice":5,"minecraft:spruce_log":176,"gobber2:gobber2_lucky_block_deepslate":4,"minecraft:white_wall_banner":1,"minecraft:coal_ore":243,"minecraft:gravel":128,"minecraft:dripstone_block":5,"minecraft:cobweb":3,"minecraft:cracked_stone_bricks":4,"minecraft:stone_bricks":3,"minecraft:gold_ore":5,"minecraft:mossy_stone_bricks":5,"minecraft:chipped_anvil":1,"minecraft:fern":2}},"DataVersion":3120}