{"stats":{"minecraft:killed":{"minecraft:skeleton":6,"mutationcraft:necroptor":2,"mutationcraft:developed_roamer":5,"born_in_chaos_v1:firelight_not_despawn":3,"minecraft:pig":1,"mutationcraft:human_stage_2":1,"minecraft:pillager":1,"mutationcraft:human_stage_3":2,"minecraft:evoker":1,"minecraft:vindicator":2,"mutationcraft:assimilated_villager":1,"mutationcraft:assimilated_sheep":1,"alexsmobs:bison":1,"minecraft:drowned":1,"mutationcraft:assimilated_roamer":5,"mutationcraft:assimilated_pillager":2,"born_in_chaos_v1:decrepit_skeleton":1,"alexsmobs:cockroach":1},"minecraft:broken":{"minecraft:iron_shovel":1,"minecraft:stone_pickaxe":1,"minecraft:stone_shovel":2,"minecraft:wooden_pickaxe":1,"minecraft:iron_pickaxe":1},"minecraft:used":{"minecraft:iron_shovel":348,"minecraft:spruce_slab":40,"minecraft:chest":31,"minecraft:shield":2,"minecraft:iron_sword":298,"minecraft:bell":3,"minecraft:iron_chestplate":5,"minecraft:carrot":2,"minecraft:snowball":1,"minecraft:lantern":11,"born_in_chaos_v1:mint_candy":2,"minecraft:iron_helmet":6,"minecraft:stone_brick_stairs":3,"minecraft:repeater":1,"mutationcraft:putrid_claw":2,"minecraft:furnace":11,"minecraft:leather_leggings":1,"minecraft:spruce_door":3,"minecraft:stripped_birch_log":4,"architects_palette:spruce_boards":40,"minecraft:stone_pickaxe":192,"minecraft:oak_planks":6,"minecraft:wooden_pickaxe":66,"minecraft:golden_apple":2,"minecraft:sand":21,"minecraft:crossbow":11,"born_in_chaos_v1:holiday_candy":4,"minecraft:bread":44,"minecraft:lectern":3,"minecraft:gravel":4,"minecraft:grindstone":1,"minecraft:smithing_table":2,"minecraft:iron_bars":2,"minecraft:stone_shovel":257,"minecraft:spruce_planks":17,"minecraft:torch":68,"minecraft:brewing_stand":1,"minecraft:dirt":114,"minecraft:iron_axe":241,"minecraft:iron_boots":3,"evilcraft:flesh_humanoid":2,"minecraft:barrel":8,"minecraft:cooked_beef":4,"minecraft:snow_block":3,"minecraft:cauldron":2,"minecraft:fletching_table":2,"minecraft:cracked_stone_bricks":1,"minecraft:mossy_cobblestone":4,"minecraft:crafting_table":14,"minecraft:red_bed":12,"minecraft:white_bed":1,"minecraft:campfire":4,"minecraft:spruce_log":1,"minecraft:iron_pickaxe":227,"minecraft:stone_axe":26,"minecraft:cobblestone":34,"minecraft:sandstone_slab":25},"minecraft:picked_up":{"minecraft:wooden_axe":1,"minecraft:iron_chestplate":15,"minecraft:wheat":66,"minecraft:smithing_table":7,"minecraft:lead":1,"minecraft:oak_stairs":16,"minecraft:enchanted_book":1,"minecraft:potion":1,"minecraft:stone_brick_stairs":53,"minecraft:brewing_stand":1,"minecraft:amethyst_block":6,"minecraft:string":253,"minecraft:raw_copper":16,"alexsmobs:ancient_dart":1,"minecraft:cooked_salmon":11,"minecraft:iron_leggings":6,"minecraft:experience_bottle":11,"minecraft:gold_nugget":32,"minecraft:bucket":13,"minecraft:spruce_planks":392,"minecraft:redstone_torch":1,"minecraft:iron_pickaxe":39,"minecraft:smooth_quartz_stairs":10,"minecraft:furnace":14,"minecraft:iron_boots":36,"minecraft:stick":180,"minecraft:torch":444,"minecraft:porkchop":1,"minecraft:snow_block":154,"mutationcraft:putrid_claw":54,"minecraft:cauldron":6,"minecraft:brown_carpet":3,"minecraft:stone_sword":1,"born_in_chaos_v1:fried_maggot":2,"minecraft:rotten_flesh":11,"minecraft:iron_block":30,"minecraft:bookshelf":36,"born_in_chaos_v1:cultivated_pumpkin":5,"minecraft:iron_bars":10,"minecraft:snowball":993,"minecraft:cobblestone":1460,"minecraft:birch_log":14,"minecraft:magma_block":2,"minecraft:leather_chestplate":1,"minecraft:cooked_beef":14,"minecraft:repeater":1,"minecraft:smoker":3,"minecraft:potato":321,"minecraft:flint":40,"evilcraft:flesh_humanoid":70,"minecraft:stripped_birch_log":43,"minecraft:dirt":1992,"minecraft:lantern":40,"minecraft:bone":75,"minecraft:chipped_anvil":1,"minecraft:acacia_planks":4,"minecraft:wheat_seeds":21,"aquamirae:wisteria_niveis":1,"minecraft:bell":11,"minecraft:grindstone":5,"minecraft:waxed_weathered_cut_copper_slab":1,"biomemakeover:illunite_shard":6,"minecraft:mossy_stone_bricks":1,"minecraft:fletching_table":5,"minecraft:oak_planks":44,"minecraft:cooked_porkchop":3,"minecraft:sand":1233,"minecraft:stripped_spruce_log":26,"minecraft:spectral_arrow":179,"minecraft:barrel":14,"minecraft:mossy_cobblestone":16,"graveyard:oak_coffin":1,"minecraft:iron_hoe":13,"born_in_chaos_v1:fire_dust":39,"minecraft:diamond":1,"minecraft:slime_block":10,"minecraft:writable_book":7,"minecraft:crossbow":19,"minecraft:golden_apple":18,"minecraft:bread":794,"minecraft:emerald":169,"minecraft:oak_sapling":3,"minecraft:light_gray_carpet":6,"minecraft:dark_oak_fence":14,"minecraft:andesite_slab":1,"minecraft:fishing_rod":1,"minecraft:charcoal":7,"minecraft:crafting_table":32,"minecraft:coarse_dirt":2,"minecraft:sandstone_slab":49,"minecraft:leather_leggings":10,"minecraft:wooden_pickaxe":3,"minecraft:shield":6,"minecraft:red_bed":19,"minecraft:iron_axe":48,"minecraft:iron_shovel":2,"minecraft:cracked_stone_bricks":3,"minecraft:beef":26,"minecraft:player_head":1,"minecraft:spruce_slab":193,"minecraft:lectern":10,"minecraft:sugar_cane":18,"minecraft:chest":17,"minecraft:spruce_trapdoor":5,"minecraft:raw_iron":37,"minecraft:sandstone":42,"minecraft:stone":53,"minecraft:copper_ingot":5,"minecraft:spruce_fence":161,"minecraft:carrot":20,"minecraft:dark_oak_planks":6,"minecraft:tnt":1,"minecraft:arrow":143,"minecraft:stone_shovel":18,"architects_palette:spruce_boards":19,"minecraft:beetroot_seeds":4,"born_in_chaos_v1:wood_splitter_axe":1,"minecraft:hay_block":16,"minecraft:saddle":1,"minecraft:totem_of_undying":17,"minecraft:gold_ingot":18,"mutationcraft:putrid_heart":5,"minecraft:white_wool":82,"minecraft:skeleton_skull":3,"minecraft:bone_block":2,"minecraft:stripped_oak_log":19,"born_in_chaos_v1:corpse_maggot":2,"minecraft:oak_log":11,"mutationcraft:necroptor_bomb":1,"minecraft:gunpowder":39,"minecraft:paper":53,"minecraft:white_banner":6,"minecraft:red_carpet":3,"mutationcraft:putrid_brain":8,"minecraft:apple":6,"minecraft:stone_bricks":2,"minecraft:gray_carpet":1,"minecraft:light_gray_glazed_terracotta":10,"minecraft:iron_ingot":57,"minecraft:stone_pickaxe":12,"minecraft:cobweb":6,"minecraft:polished_andesite_slab":1,"minecraft:iron_sword":44,"minecraft:book":9,"minecraft:emerald_block":6,"minecraft:pumpkin":16,"minecraft:dripstone_block":4,"minecraft:gravel":28,"minecraft:spruce_sapling":6,"chococraft:gysahl_green_seeds":8,"minecraft:blast_furnace":3,"minecraft:white_bed":1,"minecraft:spruce_log":185,"minecraft:spruce_door":2,"minecraft:oak_wood":5,"minecraft:slime_ball":12,"minecraft:stone_axe":10,"minecraft:iron_helmet":24,"minecraft:stripped_dark_oak_log":8,"minecraft:coal":864,"minecraft:smooth_quartz_slab":2},"minecraft:killed_by":{"born_in_chaos_v1:nightmare_stalker":4,"mutationcraft:assimilated_donkey":1,"mutationcraft:human_stage_2":1,"mutationcraft:assimilated_cow":1,"sanitydim:rotting_stalker":1,"mutationcraft:assimilated_human":1,"minecraft:vindicator":15,"mutationcraft:assimilated_wolf":5,"mutationcraft:necroptor":13,"mutationcraft:assimilated_roamer":13,"mutationcraft:assimilated_enderman":11,"minecraft:vex":13,"mutationcraft:assimilated_pig":1,"minecraft:player":2,"born_in_chaos_v1:zombie_lumberjack":1,"mutationcraft:assimilated_spider":3,"mutationcraft:assimilated_bear":1,"born_in_chaos_v1:decaying_zombie":1,"born_in_chaos_v1:decrepit_skeleton":1,"mutationcraft:carnivorae":1,"mutationcraft:assimilated_fox":2,"mutationcraft:assimilated_pillager":1,"mutationcraft:developed_roamer":6,"born_in_chaos_v1:dread_hound":1},"minecraft:crafted":{"minecraft:oak_planks":100,"minecraft:stone":53,"minecraft:chest":15,"minecraft:crafting_table":7,"minecraft:spruce_planks":300,"minecraft:wooden_pickaxe":2,"minecraft:spruce_door":15,"minecraft:birch_planks":12,"minecraft:campfire":4,"minecraft:iron_chestplate":1,"minecraft:shield":2,"minecraft:stick":80,"minecraft:iron_pickaxe":3,"minecraft:iron_ingot":41,"minecraft:snow_block":96,"minecraft:sandstone":14,"minecraft:stone_shovel":2,"minecraft:furnace":1,"architects_palette:spruce_boards":72,"minecraft:iron_axe":1,"born_in_chaos_v1:fried_maggot":2,"minecraft:spruce_slab":60,"minecraft:iron_hoe":1,"minecraft:stone_pickaxe":1,"minecraft:wheat":90,"minecraft:cooked_beef":11,"minecraft:sandstone_slab":24,"minecraft:stone_axe":2,"minecraft:bread":32,"minecraft:air":0,"minecraft:iron_shovel":3,"minecraft:iron_leggings":2,"minecraft:white_bed":1,"minecraft:torch":76},"minecraft:custom":{"minecraft:interact_with_crafting_table":59,"minecraft:open_barrel":15,"minecraft:leave_game":5,"minecraft:time_since_death":20399,"minecraft:sprint_one_cm":602350,"minecraft:damage_blocked_by_shield":120,"minecraft:drop":62,"minecraft:talked_to_villager":4,"minecraft:play_time":370681,"minecraft:deaths":103,"minecraft:jump":5063,"minecraft:walk_on_water_one_cm":48942,"minecraft:interact_with_furnace":36,"minecraft:interact_with_cartography_table":1,"minecraft:sleep_in_bed":18,"minecraft:waystone_activated":1,"minecraft:damage_dealt":14299,"minecraft:player_kills":4,"minecraft:crouch_one_cm":8378,"minecraft:interact_with_smithing_table":1,"minecraft:mob_kills":39,"minecraft:climb_one_cm":11667,"minecraft:walk_one_cm":851563,"minecraft:sneak_time":3660,"minecraft:walk_under_water_one_cm":10572,"minecraft:interact_with_blast_furnace":2,"minecraft:total_world_time":370681,"minecraft:time_since_rest":617,"minecraft:damage_taken":31436,"minecraft:damage_absorbed":80,"minecraft:swim_one_cm":11111,"minecraft:fly_one_cm":834512,"minecraft:open_chest":237,"minecraft:fall_one_cm":128057},"minecraft:dropped":{"minecraft:iron_sword":3,"minecraft:birch_planks":5,"minecraft:cooked_beef":11,"born_in_chaos_v1:fried_maggot":2,"minecraft:crafting_table":1,"minecraft:crossbow":1,"minecraft:dirt":64,"minecraft:snowball":49,"minecraft:sand":2,"minecraft:iron_pickaxe":2,"minecraft:gravel":6,"minecraft:stone_axe":1,"minecraft:polished_andesite_slab":1,"minecraft:andesite_slab":1,"minecraft:rotten_flesh":1,"evilcraft:flesh_humanoid":3,"minecraft:leather_chestplate":1,"minecraft:bread":32,"minecraft:iron_ingot":12,"born_in_chaos_v1:wood_splitter_axe":1,"minecraft:wheat_seeds":1,"minecraft:mossy_cobblestone":2,"minecraft:iron_helmet":1,"minecraft:cobblestone":47,"minecraft:stick":1,"minecraft:cobweb":6,"minecraft:torch":11,"minecraft:iron_leggings":2,"minecraft:iron_axe":1,"minecraft:string":1,"minecraft:gray_carpet":1,"minecraft:acacia_planks":4,"minecraft:spruce_sapling":1,"minecraft:iron_boots":5,"minecraft:spruce_trapdoor":1,"minecraft:spruce_planks":18,"minecraft:iron_chestplate":1,"minecraft:stone_pickaxe":1,"minecraft:wooden_pickaxe":1},"minecraft:mined":{"minecraft:dark_oak_planks":1,"minecraft:white_bed":1,"minecraft:mossy_stone_brick_slab":1,"minecraft:brewing_stand":2,"minecraft:spruce_trapdoor":3,"minecraft:grass_block":141,"minecraft:spawner":1,"minecraft:tall_seagrass":1,"minecraft:magma_block":1,"minecraft:iron_ore":7,"minecraft:fire":28,"minecraft:barrel":6,"minecraft:pumpkin":2,"minecraft:fletching_table":2,"minecraft:water_cauldron":1,"minecraft:dirt_path":69,"minecraft:oak_stairs":6,"minecraft:iron_bars":7,"minecraft:iron_block":31,"minecraft:spruce_slab":12,"minecraft:sandstone_slab":1,"minecraft:red_bed":17,"minecraft:smoker":1,"minecraft:torch":1,"minecraft:blast_furnace":1,"minecraft:chest":17,"minecraft:smooth_quartz_slab":2,"minecraft:cobblestone":2,"minecraft:slime_block":12,"minecraft:grindstone":1,"minecraft:oak_planks":16,"minecraft:wall_torch":12,"minecraft:amethyst_block":6,"minecraft:cauldron":1,"minecraft:skeleton_skull":1,"minecraft:light_gray_glazed_terracotta":10,"graveyard:oak_coffin":1,"minecraft:birch_log":7,"minecraft:tnt":1,"minecraft:stone_brick_stairs":13,"minecraft:grass":9,"minecraft:oak_log":11,"minecraft:sand":82,"minecraft:dirt":205,"minecraft:oak_leaves":3,"minecraft:emerald_block":6,"minecraft:red_carpet":3,"minecraft:mossy_cobblestone":5,"minecraft:candle":1,"minecraft:stripped_birch_log":4,"minecraft:dark_oak_fence":2,"minecraft:spruce_fence":17,"minecraft:polished_andesite_slab":1,"minecraft:spruce_leaves":30,"minecraft:sandstone":14,"minecraft:large_fern":1,"minecraft:hay_block":10,"minecraft:furnace":9,"minecraft:snow":18,"minecraft:stripped_spruce_log":28,"minecraft:bell":1,"minecraft:bookshelf":21,"minecraft:lantern":2,"minecraft:stripped_oak_log":9,"minecraft:packed_ice":8,"minecraft:smooth_quartz_stairs":10,"minecraft:stone":186,"minecraft:redstone_wall_torch":1,"minecraft:smithing_table":2,"minecraft:glass_pane":3,"minecraft:snow_block":120,"minecraft:brown_carpet":3,"minecraft:spruce_door":2,"minecraft:crafting_table":7,"minecraft:oak_wood":5,"minecraft:lectern":3,"minecraft:andesite_slab":1,"minecraft:campfire":2,"minecraft:copper_ore":3,"minecraft:prismarine_bricks":1,"minecraft:waxed_weathered_cut_copper_slab":2,"minecraft:ice":5,"minecraft:spruce_log":66,"minecraft:coal_ore":86,"minecraft:gravel":14,"minecraft:dripstone_block":5,"minecraft:cobweb":3,"minecraft:cracked_stone_bricks":2,"minecraft:stone_bricks":2,"minecraft:mossy_stone_bricks":2,"minecraft:chipped_anvil":1,"minecraft:fern":2}},"DataVersion":3120}