{"stats":{"minecraft:killed":{"minecraft:skeleton":6,"mutationcraft:necroptor":2,"mutationcraft:developed_roamer":5,"born_in_chaos_v1:firelight_not_despawn":3,"minecraft:pig":1,"mutationcraft:human_stage_2":1,"minecraft:pillager":1,"mutationcraft:human_stage_3":1,"minecraft:evoker":1,"minecraft:vindicator":2,"mutationcraft:assimilated_villager":1,"mutationcraft:assimilated_sheep":1,"alexsmobs:bison":1,"minecraft:drowned":1,"mutationcraft:assimilated_roamer":5,"mutationcraft:assimilated_pillager":2,"born_in_chaos_v1:decrepit_skeleton":1,"alexsmobs:cockroach":1},"minecraft:broken":{"minecraft:iron_shovel":1,"minecraft:stone_pickaxe":1,"minecraft:stone_shovel":2,"minecraft:wooden_pickaxe":1,"minecraft:iron_pickaxe":1},"minecraft:used":{"minecraft:iron_shovel":348,"minecraft:spruce_slab":40,"minecraft:chest":11,"minecraft:shield":2,"minecraft:iron_sword":298,"minecraft:bell":2,"minecraft:iron_chestplate":5,"minecraft:carrot":2,"minecraft:snowball":1,"minecraft:lantern":6,"born_in_chaos_v1:mint_candy":2,"minecraft:iron_helmet":6,"minecraft:repeater":1,"mutationcraft:putrid_claw":2,"minecraft:furnace":6,"minecraft:leather_leggings":1,"minecraft:spruce_door":3,"minecraft:stripped_birch_log":4,"architects_palette:spruce_boards":40,"minecraft:stone_pickaxe":192,"minecraft:wooden_pickaxe":66,"minecraft:golden_apple":2,"minecraft:sand":21,"minecraft:crossbow":11,"born_in_chaos_v1:holiday_candy":4,"minecraft:bread":41,"minecraft:lectern":1,"minecraft:gravel":4,"minecraft:grindstone":1,"minecraft:smithing_table":1,"minecraft:iron_bars":2,"minecraft:stone_shovel":257,"minecraft:spruce_planks":17,"minecraft:torch":65,"minecraft:dirt":114,"minecraft:iron_axe":160,"minecraft:iron_boots":3,"evilcraft:flesh_humanoid":2,"minecraft:barrel":5,"minecraft:cooked_beef":4,"minecraft:snow_block":3,"minecraft:cauldron":1,"minecraft:fletching_table":1,"minecraft:mossy_cobblestone":4,"minecraft:crafting_table":12,"minecraft:red_bed":11,"minecraft:white_bed":1,"minecraft:campfire":4,"minecraft:spruce_log":1,"minecraft:iron_pickaxe":210,"minecraft:stone_axe":26,"minecraft:cobblestone":31,"minecraft:sandstone_slab":25},"minecraft:picked_up":{"minecraft:iron_chestplate":15,"minecraft:wheat":66,"minecraft:smithing_table":4,"minecraft:lead":1,"minecraft:potion":1,"minecraft:stone_brick_stairs":48,"minecraft:amethyst_block":6,"minecraft:string":250,"minecraft:raw_copper":16,"alexsmobs:ancient_dart":1,"minecraft:cooked_salmon":11,"minecraft:iron_leggings":6,"minecraft:experience_bottle":11,"minecraft:gold_nugget":32,"minecraft:bucket":13,"minecraft:spruce_planks":392,"minecraft:redstone_torch":1,"minecraft:iron_pickaxe":37,"minecraft:smooth_quartz_stairs":10,"minecraft:furnace":9,"minecraft:iron_boots":36,"minecraft:stick":180,"minecraft:torch":436,"minecraft:porkchop":1,"minecraft:snow_block":154,"mutationcraft:putrid_claw":33,"minecraft:cauldron":3,"minecraft:brown_carpet":3,"minecraft:rotten_flesh":11,"minecraft:iron_block":30,"minecraft:bookshelf":36,"born_in_chaos_v1:cultivated_pumpkin":5,"minecraft:iron_bars":6,"minecraft:snowball":833,"minecraft:cobblestone":1460,"minecraft:birch_log":14,"minecraft:magma_block":2,"minecraft:leather_chestplate":1,"minecraft:cooked_beef":14,"minecraft:repeater":1,"minecraft:smoker":3,"minecraft:potato":310,"minecraft:flint":40,"evilcraft:flesh_humanoid":57,"minecraft:stripped_birch_log":43,"minecraft:dirt":1736,"minecraft:lantern":36,"minecraft:bone":75,"minecraft:chipped_anvil":1,"minecraft:acacia_planks":4,"minecraft:wheat_seeds":21,"minecraft:bell":10,"minecraft:grindstone":5,"minecraft:waxed_weathered_cut_copper_slab":1,"biomemakeover:illunite_shard":6,"minecraft:fletching_table":4,"minecraft:oak_planks":15,"minecraft:sand":1231,"minecraft:stripped_spruce_log":26,"minecraft:spectral_arrow":179,"minecraft:barrel":5,"minecraft:mossy_cobblestone":16,"graveyard:oak_coffin":1,"minecraft:iron_hoe":12,"born_in_chaos_v1:fire_dust":39,"minecraft:slime_block":10,"minecraft:writable_book":7,"minecraft:crossbow":19,"minecraft:golden_apple":18,"minecraft:bread":791,"minecraft:emerald":142,"minecraft:light_gray_carpet":6,"minecraft:dark_oak_fence":14,"minecraft:andesite_slab":1,"minecraft:charcoal":7,"minecraft:crafting_table":29,"minecraft:coarse_dirt":2,"minecraft:sandstone_slab":49,"minecraft:leather_leggings":10,"minecraft:wooden_pickaxe":2,"minecraft:shield":6,"minecraft:red_bed":15,"minecraft:iron_axe":46,"minecraft:iron_shovel":2,"minecraft:cracked_stone_bricks":1,"minecraft:beef":26,"minecraft:player_head":1,"minecraft:spruce_slab":192,"minecraft:lectern":6,"minecraft:sugar_cane":18,"minecraft:chest":4,"minecraft:spruce_trapdoor":2,"minecraft:raw_iron":37,"minecraft:sandstone":40,"minecraft:stone":33,"minecraft:spruce_fence":161,"minecraft:carrot":20,"minecraft:dark_oak_planks":6,"minecraft:tnt":1,"minecraft:arrow":143,"minecraft:stone_shovel":18,"architects_palette:spruce_boards":19,"minecraft:beetroot_seeds":4,"born_in_chaos_v1:wood_splitter_axe":1,"minecraft:hay_block":12,"minecraft:saddle":1,"minecraft:totem_of_undying":17,"minecraft:gold_ingot":15,"mutationcraft:putrid_heart":5,"minecraft:white_wool":82,"minecraft:skeleton_skull":3,"minecraft:bone_block":1,"born_in_chaos_v1:corpse_maggot":2,"minecraft:gunpowder":39,"minecraft:paper":53,"minecraft:white_banner":6,"minecraft:red_carpet":3,"mutationcraft:putrid_brain":5,"minecraft:stone_bricks":1,"minecraft:gray_carpet":1,"minecraft:light_gray_glazed_terracotta":10,"minecraft:iron_ingot":57,"minecraft:stone_pickaxe":12,"minecraft:cobweb":6,"minecraft:polished_andesite_slab":1,"minecraft:iron_sword":44,"minecraft:book":9,"minecraft:emerald_block":6,"minecraft:pumpkin":16,"minecraft:dripstone_block":4,"minecraft:gravel":28,"minecraft:spruce_sapling":6,"chococraft:gysahl_green_seeds":8,"minecraft:blast_furnace":3,"minecraft:spruce_log":185,"minecraft:spruce_door":2,"minecraft:oak_wood":5,"minecraft:stone_axe":10,"minecraft:iron_helmet":24,"minecraft:stripped_dark_oak_log":8,"minecraft:coal":790,"minecraft:smooth_quartz_slab":2},"minecraft:killed_by":{"born_in_chaos_v1:nightmare_stalker":4,"mutationcraft:assimilated_donkey":1,"mutationcraft:human_stage_2":1,"mutationcraft:assimilated_cow":1,"sanitydim:rotting_stalker":1,"mutationcraft:assimilated_human":1,"minecraft:vindicator":15,"mutationcraft:assimilated_wolf":5,"mutationcraft:necroptor":13,"mutationcraft:assimilated_roamer":12,"mutationcraft:assimilated_enderman":11,"minecraft:vex":13,"mutationcraft:assimilated_pig":1,"minecraft:player":2,"born_in_chaos_v1:zombie_lumberjack":1,"mutationcraft:assimilated_spider":3,"mutationcraft:assimilated_bear":1,"born_in_chaos_v1:decaying_zombie":1,"born_in_chaos_v1:decrepit_skeleton":1,"mutationcraft:carnivorae":1,"mutationcraft:assimilated_pillager":1,"mutationcraft:developed_roamer":6,"born_in_chaos_v1:dread_hound":1},"minecraft:crafted":{"minecraft:oak_planks":20,"minecraft:stone":53,"minecraft:chest":8,"minecraft:crafting_table":7,"minecraft:spruce_planks":300,"minecraft:wooden_pickaxe":2,"minecraft:spruce_door":15,"minecraft:birch_planks":12,"minecraft:campfire":4,"minecraft:iron_chestplate":1,"minecraft:shield":1,"minecraft:stick":80,"minecraft:iron_pickaxe":3,"minecraft:iron_ingot":32,"minecraft:snow_block":64,"minecraft:sandstone":14,"minecraft:stone_shovel":2,"minecraft:furnace":1,"architects_palette:spruce_boards":72,"minecraft:iron_axe":1,"born_in_chaos_v1:fried_maggot":2,"minecraft:spruce_slab":60,"minecraft:iron_hoe":1,"minecraft:stone_pickaxe":1,"minecraft:wheat":54,"minecraft:cooked_beef":11,"minecraft:sandstone_slab":24,"minecraft:stone_axe":2,"minecraft:bread":20,"minecraft:air":0,"minecraft:iron_shovel":3,"minecraft:iron_leggings":1,"minecraft:white_bed":1,"minecraft:torch":76},"minecraft:custom":{"minecraft:interact_with_crafting_table":52,"minecraft:open_barrel":15,"minecraft:leave_game":5,"minecraft:time_since_death":2222,"minecraft:sprint_one_cm":564902,"minecraft:damage_blocked_by_shield":120,"minecraft:drop":60,"minecraft:talked_to_villager":3,"minecraft:play_time":328681,"minecraft:deaths":100,"minecraft:jump":4712,"minecraft:walk_on_water_one_cm":48942,"minecraft:interact_with_furnace":36,"minecraft:sleep_in_bed":15,"minecraft:waystone_activated":1,"minecraft:damage_dealt":13280,"minecraft:player_kills":4,"minecraft:crouch_one_cm":6662,"minecraft:interact_with_smithing_table":1,"minecraft:mob_kills":38,"minecraft:climb_one_cm":11667,"minecraft:walk_one_cm":737749,"minecraft:sneak_time":3049,"minecraft:walk_under_water_one_cm":10572,"minecraft:interact_with_blast_furnace":2,"minecraft:total_world_time":328681,"minecraft:time_since_rest":2255,"minecraft:damage_taken":30556,"minecraft:damage_absorbed":80,"minecraft:swim_one_cm":11111,"minecraft:fly_one_cm":760141,"minecraft:open_chest":112,"minecraft:fall_one_cm":120652},"minecraft:dropped":{"minecraft:iron_sword":3,"minecraft:birch_planks":5,"minecraft:cooked_beef":11,"born_in_chaos_v1:fried_maggot":2,"minecraft:crafting_table":1,"minecraft:crossbow":1,"minecraft:dirt":64,"minecraft:snowball":49,"minecraft:iron_pickaxe":2,"minecraft:gravel":6,"minecraft:stone_axe":1,"minecraft:polished_andesite_slab":1,"minecraft:andesite_slab":1,"minecraft:rotten_flesh":1,"evilcraft:flesh_humanoid":1,"minecraft:leather_chestplate":1,"minecraft:bread":32,"minecraft:iron_ingot":12,"born_in_chaos_v1:wood_splitter_axe":1,"minecraft:wheat_seeds":1,"minecraft:mossy_cobblestone":2,"minecraft:iron_helmet":1,"minecraft:cobblestone":47,"minecraft:stick":1,"minecraft:cobweb":6,"minecraft:torch":11,"minecraft:iron_leggings":2,"minecraft:iron_axe":1,"minecraft:string":1,"minecraft:gray_carpet":1,"minecraft:acacia_planks":4,"minecraft:spruce_sapling":1,"minecraft:iron_boots":5,"minecraft:spruce_trapdoor":1,"minecraft:spruce_planks":18,"minecraft:iron_chestplate":1,"minecraft:stone_pickaxe":1,"minecraft:wooden_pickaxe":1},"minecraft:mined":{"minecraft:dark_oak_planks":1,"minecraft:brewing_stand":1,"minecraft:spruce_trapdoor":2,"minecraft:grass_block":141,"minecraft:spawner":1,"minecraft:tall_seagrass":1,"minecraft:magma_block":1,"minecraft:iron_ore":7,"minecraft:fire":28,"minecraft:barrel":3,"minecraft:pumpkin":2,"minecraft:fletching_table":1,"minecraft:water_cauldron":1,"minecraft:dirt_path":69,"minecraft:iron_bars":7,"minecraft:iron_block":31,"minecraft:spruce_slab":12,"minecraft:sandstone_slab":1,"minecraft:red_bed":13,"minecraft:smoker":1,"minecraft:torch":1,"minecraft:blast_furnace":1,"minecraft:chest":4,"minecraft:smooth_quartz_slab":2,"minecraft:cobblestone":2,"minecraft:slime_block":12,"minecraft:grindstone":1,"minecraft:oak_planks":1,"minecraft:wall_torch":11,"minecraft:amethyst_block":6,"minecraft:skeleton_skull":1,"minecraft:light_gray_glazed_terracotta":10,"graveyard:oak_coffin":1,"minecraft:birch_log":7,"minecraft:tnt":1,"minecraft:stone_brick_stairs":8,"minecraft:grass":8,"minecraft:sand":82,"minecraft:dirt":205,"minecraft:oak_leaves":2,"minecraft:emerald_block":6,"minecraft:red_carpet":3,"minecraft:mossy_cobblestone":5,"minecraft:candle":1,"minecraft:stripped_birch_log":4,"minecraft:dark_oak_fence":2,"minecraft:spruce_fence":17,"minecraft:polished_andesite_slab":1,"minecraft:spruce_leaves":30,"minecraft:sandstone":14,"minecraft:large_fern":1,"minecraft:hay_block":6,"minecraft:furnace":4,"minecraft:snow":18,"minecraft:stripped_spruce_log":28,"minecraft:bookshelf":21,"minecraft:lantern":2,"minecraft:packed_ice":8,"minecraft:smooth_quartz_stairs":10,"minecraft:stone":186,"minecraft:redstone_wall_torch":1,"minecraft:smithing_table":1,"minecraft:glass_pane":3,"minecraft:snow_block":120,"minecraft:brown_carpet":3,"minecraft:spruce_door":2,"minecraft:crafting_table":6,"minecraft:oak_wood":5,"minecraft:lectern":1,"minecraft:andesite_slab":1,"minecraft:campfire":2,"minecraft:copper_ore":3,"minecraft:prismarine_bricks":1,"minecraft:waxed_weathered_cut_copper_slab":2,"minecraft:ice":5,"minecraft:spruce_log":66,"minecraft:coal_ore":86,"minecraft:gravel":14,"minecraft:dripstone_block":5,"minecraft:cobweb":3,"minecraft:cracked_stone_bricks":1,"minecraft:stone_bricks":2,"minecraft:mossy_stone_bricks":1,"minecraft:chipped_anvil":1,"minecraft:fern":2}},"DataVersion":3120}