{"stats":{"minecraft:custom":{"minecraft:jump":103,"minecraft:time_since_rest":9719,"minecraft:damage_taken":225,"minecraft:crouch_one_cm":203,"minecraft:leave_game":3,"minecraft:play_time":25208,"minecraft:sprint_one_cm":10638,"minecraft:time_since_death":8717,"minecraft:walk_one_cm":12207,"minecraft:deaths":1,"minecraft:sneak_time":35,"minecraft:total_world_time":25208,"minecraft:fall_one_cm":2384,"minecraft:fly_one_cm":14230},"minecraft:killed_by":{"born_in_chaos_v1:dread_hound":1}},"DataVersion":3120}