{"stats":{"minecraft:killed_by":{"minecraft:creeper":1,"born_in_chaos_v1:zombie_bruiser":3,"minecraft:vindicator":2,"graveyard:revenant":2,"minecraft:player":2,"laendli_transport:slabcrab":1,"cave_dweller:cave_dweller":2},"minecraft:custom":{"minecraft:interact_with_crafting_table":43,"minecraft:open_barrel":13,"minecraft:bell_ring":1,"minecraft:leave_game":3,"minecraft:time_since_death":7397,"minecraft:damage_resisted":4,"minecraft:sprint_one_cm":607675,"minecraft:damage_blocked_by_shield":490,"minecraft:drop":47,"minecraft:talked_to_villager":2,"minecraft:play_time":512964,"minecraft:deaths":13,"minecraft:jump":5622,"minecraft:walk_on_water_one_cm":54107,"minecraft:interact_with_furnace":44,"minecraft:interact_with_cartography_table":2,"minecraft:sleep_in_bed":23,"minecraft:damage_dealt":15532,"minecraft:player_kills":1,"minecraft:crouch_one_cm":49259,"minecraft:interact_with_smoker":17,"minecraft:interact_with_smithing_table":1,"minecraft:mob_kills":80,"minecraft:interact_with_anvil":1,"minecraft:damage_dealt_resisted":617,"minecraft:climb_one_cm":59777,"minecraft:walk_one_cm":1419299,"minecraft:sneak_time":18506,"minecraft:walk_under_water_one_cm":32444,"minecraft:interact_with_blast_furnace":50,"minecraft:total_world_time":512964,"minecraft:interact_with_grindstone":1,"minecraft:interact_with_stonecutter":3,"minecraft:time_since_rest":6975,"minecraft:damage_taken":6901,"minecraft:swim_one_cm":58223,"minecraft:fly_one_cm":1334862,"minecraft:open_chest":370,"minecraft:fall_one_cm":99077},"minecraft:used":{"minecraft:iron_shovel":92,"minecraft:spruce_slab":123,"minecraft:chest":44,"minecraft:shield":12,"minecraft:iron_sword":301,"minecraft:bell":1,"minecraft:iron_chestplate":1,"minecraft:deepslate_brick_slab":26,"minecraft:glass":69,"minecraft:lantern":38,"minecraft:iron_helmet":2,"tconstruct:seared_faucet":1,"minecraft:bow":16,"minecraft:written_book":1,"minecraft:sweet_berries":8,"minecraft:scaffolding":29,"minecraft:furnace":2,"tconstruct:smeltery_controller":1,"minecraft:potato":385,"minecraft:deepslate_brick_wall":4,"minecraft:spruce_door":3,"minecraft:stone_pickaxe":131,"minecraft:wooden_pickaxe":6,"minecraft:sugar_cane":69,"minecraft:glow_berries":1,"minecraft:blast_furnace":4,"minecraft:deepslate_brick_stairs":1,"minecraft:bread":32,"born_in_chaos_v1:rotten_fish":1,"minecraft:grindstone":2,"minecraft:smithing_table":2,"tconstruct:crafting_station":3,"minecraft:coarse_dirt":4,"minecraft:cracked_deepslate_bricks":1,"minecraft:stone_shovel":193,"tconstruct:seared_ingot_gauge":2,"minecraft:torch":84,"minecraft:dirt":41,"tconstruct:seared_ladder":10,"minecraft:spruce_fence":53,"minecraft:iron_hoe":8,"minecraft:iron_axe":85,"minecraft:iron_boots":2,"minecraft:barrel":4,"minecraft:cooked_beef":1,"minecraft:iron_leggings":2,"minecraft:wheat_seeds":1,"minecraft:cooked_mutton":2,"minecraft:water_bucket":12,"minecraft:baked_potato":39,"minecraft:cartography_table":1,"minecraft:fletching_table":4,"minecraft:stonecutter":2,"minecraft:leather_boots":1,"minecraft:deepslate_bricks":19,"minecraft:crafting_table":8,"minecraft:red_bed":13,"tconstruct:seared_basin":1,"minecraft:smoker":2,"minecraft:wooden_hoe":130,"minecraft:diamond_pickaxe":7,"minecraft:iron_pickaxe":964,"minecraft:spruce_trapdoor":58,"minecraft:stone_axe":244,"minecraft:cobblestone":18,"tconstruct:seared_melter":1,"minecraft:bucket":12,"tconstruct:clear_item_frame":16,"tconstruct:seared_glass":30},"minecraft:broken":{"minecraft:stone_pickaxe":1,"minecraft:stone_axe":1,"minecraft:iron_sword":1,"minecraft:stone_shovel":1,"minecraft:leather_boots":1,"minecraft:iron_pickaxe":3,"minecraft:wooden_hoe":2},"minecraft:mined":{"minecraft:spruce_planks":6,"minecraft:farmland":1,"minecraft:obsidian":7,"minecraft:spruce_trapdoor":57,"minecraft:granite":18,"minecraft:grass_block":63,"minecraft:deepslate_bricks":150,"minecraft:deepslate_tile_stairs":10,"tconstruct:seared_ingot_gauge":1,"minecraft:magma_block":4,"minecraft:iron_ore":13,"minecraft:barrel":2,"minecraft:cobbled_deepslate":23,"minecraft:fletching_table":4,"minecraft:moss_carpet":1,"minecraft:deepslate_lapis_ore":7,"minecraft:anvil":2,"minecraft:cave_vines":1,"minecraft:water_cauldron":1,"minecraft:dirt_path":5,"minecraft:oak_stairs":4,"minecraft:deepslate_brick_stairs":11,"minecraft:spruce_slab":4,"minecraft:deepslate_redstone_ore":23,"minecraft:red_bed":13,"minecraft:deepslate_brick_wall":19,"minecraft:smoker":3,"minecraft:clay":9,"minecraft:torch":15,"minecraft:blast_furnace":8,"minecraft:chest":40,"minecraft:white_stained_glass_pane":6,"minecraft:glass":14,"minecraft:cobblestone":16,"minecraft:sugar_cane":37,"minecraft:grindstone":3,"minecraft:oak_planks":3,"minecraft:wall_torch":6,"minecraft:seagrass":1,"evilcraft:dark_ore_deepslate":4,"minecraft:wheat":1,"minecraft:black_bed":1,"minecraft:grass":8,"minecraft:cracked_deepslate_tiles":5,"minecraft:sand":80,"minecraft:dirt":45,"minecraft:stonecutter":1,"minecraft:deepslate":194,"minecraft:deepslate_tiles":6,"minecraft:tuff":1,"iceandfire:silver_ore":11,"minecraft:mossy_cobblestone":10,"minecraft:deepslate_diamond_ore":4,"minecraft:spruce_fence":51,"minecraft:spruce_leaves":12,"minecraft:cartography_table":1,"minecraft:moss_block":1,"minecraft:deepslate_brick_slab":2,"minecraft:furnace":2,"minecraft:acacia_wood":3,"minecraft:andesite":15,"minecraft:stripped_spruce_log":3,"minecraft:bell":1,"minecraft:bookshelf":25,"minecraft:potatoes":186,"minecraft:deepslate_iron_ore":25,"minecraft:lantern":15,"minecraft:stone":126,"minecraft:pink_terracotta":36,"minecraft:podzol":20,"minecraft:smithing_table":2,"minecraft:scaffolding":23,"minecraft:glass_pane":1,"minecraft:crafting_table":8,"minecraft:campfire":1,"minecraft:tall_grass":8,"minecraft:copper_ore":16,"minecraft:deepslate_coal_ore":12,"minecraft:lapis_ore":3,"minecraft:deepslate_gold_ore":56,"minecraft:cracked_deepslate_bricks":69,"minecraft:spruce_stairs":40,"minecraft:red_terracotta":19,"minecraft:coarse_dirt":12,"minecraft:spruce_log":43,"minecraft:coal_ore":118,"minecraft:gravel":49,"graveyard:leaning_skeleton":1,"minecraft:cobweb":4,"minecraft:gold_ore":4,"minecraft:fern":6,"minecraft:infested_stone":1},"minecraft:killed":{"minecraft:witch":1,"minecraft:spider":3,"minecraft:skeleton":3,"minecraft:silverfish":1,"laendli_transport:crab":3,"minecraft:pillager":8,"minecraft:zombie":13,"born_in_chaos_v1:dread_hound":1,"born_in_chaos_v1:corpse_fly":5,"graveyard:revenant":3,"minecraft:vindicator":1,"born_in_chaos_v1:zombie_bruiser":3,"born_in_chaos_v1:maggot":6,"minecraft:drowned":2,"alexsmobs:flying_fish":4,"rottencreatures:undead_miner":2,"laendli_transport:slabcrab":8,"graveyard:ghoul":5,"born_in_chaos_v1:baby_skeleton":2,"born_in_chaos_v1:swarmer":1,"born_in_chaos_v1:decrepit_skeleton":2,"born_in_chaos_v1:nightmare_stalker":1},"minecraft:dropped":{"minecraft:cooked_beef":4,"minecraft:baked_potato":72,"alexsmobs:flying_fish_boots":1,"minecraft:large_fern":1,"minecraft:iron_nugget":5,"minecraft:wheat":5,"minecraft:spruce_slab":2,"minecraft:arrow":18,"minecraft:iron_ingot":10,"minecraft:mossy_cobblestone":10,"minecraft:iron_helmet":2,"minecraft:cobblestone":1,"minecraft:book":23,"evilcraft:blood_extractor":1,"minecraft:torch":35,"minecraft:iron_shovel":3,"minecraft:string":10,"minecraft:coarse_dirt":3,"minecraft:iron_boots":1,"minecraft:smoker":1,"minecraft:shield":1,"minecraft:spruce_planks":53,"minecraft:iron_chestplate":3,"iceandfire:silver_ingot":11,"minecraft:spruce_log":24,"minecraft:cracked_deepslate_bricks":12},"minecraft:picked_up":{"minecraft:iron_chestplate":15,"minecraft:wheat":15,"minecraft:anvil":5,"minecraft:smithing_table":4,"minecraft:oak_stairs":7,"minecraft:amethyst_block":8,"minecraft:string":37,"minecraft:raw_copper":82,"minecraft:iron_leggings":7,"minecraft:deepslate_tiles":12,"minecraft:cobbled_deepslate":518,"minecraft:bucket":1,"minecraft:spruce_planks":220,"minecraft:written_book":1,"minecraft:azalea":2,"minecraft:iron_pickaxe":10,"evilcraft:blood_extractor":4,"minecraft:iron_boots":12,"minecraft:furnace":2,"minecraft:stick":32,"minecraft:deepslate_brick_wall":19,"minecraft:big_dripleaf":8,"minecraft:torch":141,"iceandfire:silver_ore":18,"minecraft:spruce_stairs":78,"minecraft:dried_kelp":1,"born_in_chaos_v1:nightmare_claw":3,"minecraft:deepslate_tile_stairs":10,"minecraft:cauldron":2,"minecraft:pink_terracotta":72,"minecraft:rotten_flesh":95,"alexsmobs:flying_fish_boots":2,"evilcraft:condensed_blood":87,"minecraft:deepslate_brick_stairs":11,"minecraft:obsidian":7,"minecraft:cod":2,"alexsmobs:flying_fish":4,"minecraft:cobblestone":236,"minecraft:nautilus_shell":5,"minecraft:magma_block":10,"minecraft:cooked_beef":4,"minecraft:water_bucket":11,"minecraft:andesite":30,"minecraft:brown_wool":9,"minecraft:smoker":4,"minecraft:potato":710,"minecraft:flint":9,"minecraft:tuff":1,"minecraft:lapis_lazuli":133,"minecraft:dirt":150,"minecraft:lantern":22,"born_in_chaos_v1:monster_skin":3,"minecraft:leather_boots":4,"minecraft:bone":120,"minecraft:stonecutter":1,"minecraft:bow":5,"minecraft:wheat_seeds":11,"minecraft:deepslate_brick_slab":2,"minecraft:raw_gold":78,"minecraft:bell":1,"minecraft:grindstone":2,"minecraft:fletching_table":7,"minecraft:oak_planks":6,"minecraft:cooked_porkchop":2,"tconstruct:seared_ingot_gauge":1,"minecraft:poisonous_potato":7,"iceandfire:shiny_scales":8,"minecraft:sand":96,"minecraft:stripped_spruce_log":3,"minecraft:red_terracotta":19,"minecraft:barrel":4,"alexsmobs:animal_dictionary":1,"minecraft:mossy_cobblestone":25,"minecraft:iron_hoe":2,"minecraft:diamond":4,"minecraft:granite":34,"minecraft:bone_meal":5,"minecraft:bread":100,"minecraft:spruce_sign":3,"minecraft:emerald":27,"born_in_chaos_v1:rotten_fish":3,"minecraft:charcoal":2,"minecraft:crafting_table":8,"minecraft:coarse_dirt":13,"minecraft:allium":6,"minecraft:clay_ball":72,"minecraft:brown_mushroom":24,"tconstruct:materials_and_you":1,"minecraft:wooden_pickaxe":2,"minecraft:shield":11,"minecraft:red_bed":13,"minecraft:moss_carpet":2,"minecraft:large_fern":5,"minecraft:iron_axe":9,"minecraft:iron_shovel":12,"graveyard:corruption":2,"minecraft:cartography_table":2,"minecraft:beef":3,"minecraft:iron_nugget":29,"minecraft:spruce_slab":8,"minecraft:sugar_cane":69,"minecraft:chest":47,"minecraft:spruce_trapdoor":44,"minecraft:raw_iron":55,"minecraft:copper_ingot":2,"evilcraft:origins_of_darkness":4,"minecraft:spruce_fence":59,"born_in_chaos_v1:pieceofdarkmetal":1,"minecraft:redstone":168,"minecraft:arrow":73,"minecraft:stone_shovel":2,"minecraft:pumpkin_pie":1,"minecraft:shears":3,"minecraft:deepslate_bricks":171,"minecraft:cracked_deepslate_bricks":84,"minecraft:glow_berries":1,"minecraft:mutton":2,"minecraft:white_wool":2,"minecraft:cracked_deepslate_tiles":5,"born_in_chaos_v1:corpse_maggot":11,"born_in_chaos_v1:monster_flesh":3,"minecraft:leather":4,"minecraft:fern":11,"minecraft:yellow_dye":1,"minecraft:red_mushroom":8,"minecraft:acacia_wood":3,"minecraft:oak_log":6,"minecraft:gunpowder":12,"minecraft:wooden_hoe":1,"minecraft:cooked_mutton":4,"minecraft:apple":29,"minecraft:stone_bricks":1,"minecraft:iron_ingot":7,"minecraft:iron_sword":12,"minecraft:book":122,"minecraft:scaffolding":42,"minecraft:sweet_berries":120,"born_in_chaos_v1:ethereal_spirit":5,"minecraft:gravel":178,"chococraft:gysahl_green_seeds":1,"minecraft:spruce_sapling":55,"minecraft:blast_furnace":10,"minecraft:spruce_log":110,"minecraft:spruce_door":2,"minecraft:spider_eye":3,"minecraft:leather_helmet":2,"minecraft:pumpkin_seeds":74,"minecraft:slime_ball":4,"minecraft:stone_axe":2,"evilcraft:dark_gem":18,"minecraft:iron_helmet":13,"minecraft:gray_wool":15,"minecraft:baked_potato":476,"minecraft:black_wool":2,"minecraft:coal":174},"minecraft:crafted":{"minecraft:stone":3,"minecraft:glass":174,"evilcraft:blood_extractor":2,"tconstruct:seared_brick":200,"minecraft:crafting_table":4,"minecraft:spruce_planks":180,"minecraft:wooden_pickaxe":1,"minecraft:baked_potato":188,"minecraft:spruce_door":3,"minecraft:wooden_hoe":3,"minecraft:diamond_pickaxe":1,"minecraft:shield":1,"minecraft:stick":120,"minecraft:iron_ingot":43,"minecraft:iron_pickaxe":3,"tconstruct:clear_item_frame":20,"tconstruct:seared_bricks":7,"evilcraft:dark_spike":16,"tconstruct:pattern":3,"minecraft:stone_shovel":2,"minecraft:iron_nugget":72,"minecraft:furnace":1,"tconstruct:seared_basin":1,"minecraft:spruce_fence":21,"minecraft:glass_pane":80,"minecraft:lantern":9,"minecraft:deepslate_brick_wall":4,"minecraft:iron_axe":1,"minecraft:spruce_slab":124,"minecraft:stone_pickaxe":1,"alexsmobs:flying_fish_boots":2,"iceandfire:silver_ingot":11,"minecraft:iron_sword":2,"minecraft:stone_axe":2,"minecraft:air":0,"tconstruct:seared_ingot_gauge":1,"tconstruct:crafting_station":3,"tconstruct:seared_faucet":3,"minecraft:iron_shovel":1,"minecraft:iron_leggings":1,"minecraft:stonecutter":1,"minecraft:torch":132}},"DataVersion":3120}