{"stats":{"minecraft:killed_by":{"minecraft:piglin_brute":3,"iceandfire:siren":4,"minecraft:vindicator":2,"minecraft:zombie":3,"graveyard:revenant":2,"minecraft:stray":6,"iceandfire:ghost":1,"cave_dweller:cave_dweller":2,"minecraft:wither_skeleton":1,"minecraft:creeper":3,"born_in_chaos_v1:zombie_bruiser":3,"iceandfire:sea_serpent":1,"minecraft:piglin":1,"minecraft:player":2,"minecraft:enderman":1,"minecraft:iron_golem":1,"laendli_transport:slabcrab":2,"minecraft:skeleton":6},"minecraft:custom":{"minecraft:interact_with_crafting_table":45,"minecraft:open_barrel":323,"minecraft:bell_ring":1,"minecraft:leave_game":5,"minecraft:time_since_death":29536,"minecraft:damage_blocked_by_shield":3715,"minecraft:play_time":1910734,"minecraft:deaths":46,"minecraft:jump":18844,"minecraft:enchant_item":2,"minecraft:interact_with_furnace":115,"minecraft:interact_with_cartography_table":3,"minecraft:sleep_in_bed":44,"minecraft:damage_dealt":95251,"minecraft:interact_with_smoker":34,"minecraft:interact_with_smithing_table":8,"minecraft:interact_with_anvil":17,"minecraft:sneak_time":66007,"minecraft:interact_with_blast_furnace":99,"minecraft:total_world_time":1910734,"minecraft:interact_with_stonecutter":26,"minecraft:time_since_rest":29565,"minecraft:swim_one_cm":133843,"minecraft:fly_one_cm":3577366,"minecraft:open_chest":1406,"minecraft:fish_caught":5,"minecraft:fall_one_cm":259957,"minecraft:animals_bred":13,"minecraft:damage_resisted":141,"minecraft:sprint_one_cm":2725896,"minecraft:drop":392,"minecraft:talked_to_villager":31,"minecraft:interact_with_brewingstand":3,"minecraft:walk_on_water_one_cm":300096,"minecraft:interact_with_loom":1,"minecraft:player_kills":3,"minecraft:crouch_one_cm":175643,"minecraft:mob_kills":495,"minecraft:fill_cauldron":1,"minecraft:damage_dealt_resisted":7054,"minecraft:climb_one_cm":347534,"minecraft:walk_one_cm":5200067,"minecraft:walk_under_water_one_cm":143164,"minecraft:boat_one_cm":44221,"minecraft:interact_with_grindstone":2,"minecraft:damage_taken":31967},"minecraft:used":{"minecraft:spruce_slab":123,"evilcraft:blood_chest":1,"minecraft:chest":110,"minecraft:deepslate_brick_slab":91,"minecraft:spruce_boat":9,"minecraft:lava_bucket":1,"evilcraft:bucket_blood":8,"tconstruct:seared_faucet":4,"tconstruct:tinkers_anvil":1,"minecraft:bow":89,"minecraft:sweet_berries":176,"minecraft:furnace":2,"tconstruct:stray_head":1,"player_companions:samurai_default":2,"minecraft:egg":7,"minecraft:potato":448,"minecraft:deepslate_brick_wall":53,"minecraft:mossy_stone_bricks":21,"minecraft:diorite":7,"minecraft:spruce_door":5,"minecraft:blackstone":4,"alexsmobs:flying_fish_boots":1,"minecraft:wooden_pickaxe":6,"minecraft:composter":1,"minecraft:cookie":5,"minecraft:glow_berries":1,"minecraft:sand":10,"evilcraft:undead_sapling":4,"minecraft:blast_furnace":4,"minecraft:deepslate_brick_stairs":7,"minecraft:deepslate_tiles":2,"minecraft:diamond_sword":473,"minecraft:smithing_table":2,"evilcraft:sanguinary_pedestal_0":1,"minecraft:iron_bars":5,"minecraft:enchanting_table":1,"iceandfire:silver_sword":2,"evilcraft:vengeance_pickaxe":161,"minecraft:cooked_salmon":10,"minecraft:torch":284,"tconstruct:seared_drain":4,"minecraft:anvil":4,"minecraft:chainmail_chestplate":1,"tconstruct:seared_ladder":19,"minecraft:iron_axe":641,"minecraft:barrel":37,"minecraft:bamboo":271,"minecraft:basalt":1,"minecraft:cobbled_deepslate":38,"minecraft:horn_coral_fan":2,"minecraft:wheat_seeds":269,"minecraft:water_bucket":42,"minecraft:cartography_table":1,"minecraft:cauldron":1,"minecraft:fletching_table":4,"minecraft:spruce_fence_gate":8,"minecraft:leather_boots":1,"minecraft:deepslate_bricks":59,"minecraft:cracked_stone_bricks":1,"minecraft:polished_deepslate_slab":125,"minecraft:mossy_cobblestone":65,"minecraft:crafting_table":9,"minecraft:red_bed":14,"minecraft:diamond_pickaxe":234,"minecraft:diamond_shovel":521,"tconstruct:seared_table":2,"minecraft:iron_pickaxe":2670,"tconstruct:part_chest":2,"minecraft:spruce_trapdoor":70,"minecraft:spruce_sapling":31,"minecraft:chiseled_stone_bricks":5,"tconstruct:seared_melter":1,"minecraft:cobblestone":384,"evilcraft:dark_tank":3,"minecraft:porkchop":13,"tconstruct:clear_item_frame":34,"minecraft:diamond_leggings":1,"gobber2:gobber2_gooey_beef_nether":3,"minecraft:iron_shovel":1515,"travelersbackpack:lapis":8,"minecraft:shield":87,"minecraft:iron_sword":663,"minecraft:creeper_head":1,"minecraft:bell":1,"minecraft:iron_chestplate":7,"minecraft:carrot":81,"minecraft:deepslate_tile_slab":808,"minecraft:tuff":34,"minecraft:obsidian":20,"minecraft:glass":288,"born_in_chaos_v1:corpse_maggot":2,"minecraft:lantern":63,"minecraft:iron_helmet":5,"minecraft:stone_bricks":60,"minecraft:written_book":2,"minecraft:scaffolding":42,"minecraft:skeleton_skull":1,"tconstruct:smeltery_controller":2,"player_companions:welsh_corgi_default":3,"minecraft:diamond_boots":3,"minecraft:stone_pickaxe":131,"architects_palette:spruce_boards":239,"minecraft:dark_oak_sign":1,"minecraft:oak_planks":4,"minecraft:sandstone":1,"minecraft:diamond_axe":1,"minecraft:sugar_cane":123,"gobber2:gobber2_gooey_bread_nether":4,"minecraft:shears":1,"minecraft:bread":85,"minecraft:gravel":1,"tconstruct:tinkers_chest":2,"born_in_chaos_v1:rotten_fish":1,"minecraft:chainmail_boots":1,"minecraft:grindstone":3,"tconstruct:crafting_station":6,"minecraft:coarse_dirt":4,"minecraft:bone_meal":210,"minecraft:cracked_deepslate_bricks":2,"minecraft:flint_and_steel":1,"minecraft:stone_shovel":193,"minecraft:spruce_planks":1,"evilcraft:purifier":1,"tconstruct:seared_ingot_gauge":3,"minecraft:dirt":665,"minecraft:diamond_helmet":1,"tconstruct:seared_bricks":18,"minecraft:spruce_fence":123,"minecraft:granite":1,"evilcraft:undead_log":3,"minecraft:iron_hoe":122,"minecraft:stone_brick_slab":56,"minecraft:light_gray_stained_glass":45,"tconstruct:tinker_station":3,"minecraft:iron_boots":5,"evilcraft:spiked_plate":2,"minecraft:stone_pressure_plate":1,"minecraft:cooked_beef":15,"tconstruct:part_builder":4,"minecraft:iron_leggings":3,"minecraft:cooked_mutton":2,"minecraft:baked_potato":201,"evilcraft:blood_infuser":1,"minecraft:stonecutter":2,"tconstruct:seared_basin":4,"minecraft:smoker":2,"minecraft:wooden_hoe":130,"minecraft:apple":3,"iceandfire:graveyard_soil":1,"minecraft:stone_axe":244,"minecraft:fishing_rod":11,"minecraft:bucket":70,"tconstruct:cleaver":415,"tconstruct:seared_glass":85},"minecraft:broken":{"minecraft:iron_boots":1,"minecraft:iron_chestplate":1,"minecraft:iron_leggings":2,"minecraft:iron_sword":2,"minecraft:iron_pickaxe":7,"minecraft:iron_helmet":2,"minecraft:wooden_hoe":2,"minecraft:iron_shovel":5,"minecraft:stone_pickaxe":1,"minecraft:chainmail_chestplate":1,"minecraft:stone_axe":1,"minecraft:stone_shovel":1,"minecraft:leather_boots":1},"minecraft:mined":{"tconstruct:sky_slime_crystal_block":1,"tconstruct:seared_drain":2,"minecraft:obsidian":41,"minecraft:granite":23,"born_in_chaos_v1:dark_metal_deposit":1,"minecraft:horn_coral_fan":1,"minecraft:coal_block":25,"minecraft:deepslate_bricks":182,"minecraft:deepslate_tile_stairs":12,"tconstruct:part_chest":1,"minecraft:chiseled_stone_bricks":2,"minecraft:spawner":59,"minecraft:tall_seagrass":1,"minecraft:magma_block":4,"minecraft:mossy_cobblestone_stairs":1,"minecraft:cobbled_deepslate":134,"minecraft:fire":6,"minecraft:barrel":14,"tconstruct:cobalt_ore":14,"minecraft:moss_carpet":1,"tconstruct:seared_melter":1,"minecraft:fletching_table":4,"minecraft:deepslate_lapis_ore":20,"minecraft:cave_vines":2,"minecraft:polished_deepslate_slab":5,"minecraft:water_cauldron":1,"minecraft:dirt_path":56,"minecraft:oak_stairs":4,"minecraft:deepslate_brick_stairs":59,"tconstruct:part_builder":3,"minecraft:brown_mushroom":11,"minecraft:red_bed":14,"minecraft:deepslate_brick_wall":29,"minecraft:smoker":3,"minecraft:soul_fire":11,"minecraft:deepslate_tile_slab":33,"minecraft:torch":29,"minecraft:blast_furnace":8,"gobber2:gobber2_lucky_block_nether":41,"minecraft:white_stained_glass_pane":6,"minecraft:dead_bush":2,"minecraft:glass":69,"minecraft:sugar_cane":64,"minecraft:white_terracotta":4,"tconstruct:seared_ladder":10,"minecraft:chain":2,"tconstruct:seared_faucet":2,"minecraft:wheat":129,"minecraft:black_bed":1,"born_in_chaos_v1:black_argillite_brick":2,"minecraft:stone_brick_stairs":5,"minecraft:grass":60,"minecraft:stonecutter":1,"minecraft:deepslate":4389,"evilcraft:hardened_blood":21,"minecraft:deepslate_tiles":8,"biomemakeover:illunite_cluster":5,"iceandfire:silver_ore":11,"minecraft:mossy_cobblestone":72,"evilcraft:dark_tank":2,"minecraft:dark_oak_log":109,"minecraft:cobbled_deepslate_slab":14,"minecraft:spruce_fence":67,"born_in_chaos_v1:black_argillite":1,"iceandfire:deepslate_silver_ore":2,"minecraft:moss_block":5,"minecraft:cartography_table":1,"minecraft:acacia_wood":3,"minecraft:andesite":24,"architects_palette:spruce_boards":4,"minecraft:mossy_stone_brick_stairs":2,"minecraft:potatoes":288,"minecraft:vine":94,"minecraft:bamboo":58,"tconstruct:earth_congealed_slime":20,"minecraft:smithing_table":2,"minecraft:glass_pane":1,"minecraft:soul_sand":5,"minecraft:stone_brick_slab":8,"minecraft:campfire":4,"minecraft:tall_grass":14,"minecraft:copper_ore":26,"minecraft:deepslate_gold_ore":106,"minecraft:cracked_deepslate_bricks":74,"minecraft:diorite":45,"tconstruct:smeltery_controller":1,"minecraft:red_terracotta":19,"minecraft:coarse_dirt":71,"minecraft:spruce_log":222,"iceandfire:silver_pile":1,"minecraft:gravel":196,"minecraft:dripstone_block":1,"minecraft:cobweb":7,"minecraft:stone_bricks":9,"minecraft:gold_ore":9,"minecraft:fern":41,"minecraft:infested_stone":4,"tconstruct:sky_congealed_slime":75,"minecraft:stone_pressure_plate":4,"minecraft:spruce_planks":9,"iceandfire:graveyard_soil":1,"minecraft:farmland":1,"minecraft:mossy_stone_brick_slab":1,"minecraft:cobbled_deepslate_stairs":5,"tconstruct:tinker_station":3,"tconstruct:seared_bricks":9,"minecraft:spruce_trapdoor":109,"minecraft:grass_block":921,"gobber2:gobber2_lucky_block":2,"minecraft:soul_soil":8,"minecraft:gilded_blackstone":4,"tconstruct:seared_table":1,"tconstruct:seared_ingot_gauge":2,"minecraft:mossy_cobblestone_slab":3,"minecraft:glowstone":21,"minecraft:iron_ore":57,"born_in_chaos_v1:black_argillite_brick_stairs":2,"minecraft:anvil":4,"tconstruct:tinkers_chest":1,"minecraft:iron_bars":22,"tconstruct:sky_slime_dirt":1,"minecraft:spruce_slab":7,"minecraft:deepslate_redstone_ore":64,"minecraft:quartz_block":24,"minecraft:blackstone":7,"minecraft:clay":34,"minecraft:calcite":9,"minecraft:chest":86,"minecraft:nether_quartz_ore":206,"minecraft:cobblestone":30,"minecraft:grindstone":3,"minecraft:oak_planks":3,"minecraft:wall_torch":16,"minecraft:seagrass":2,"minecraft:light_blue_terracotta":3,"evilcraft:dark_ore_deepslate":27,"born_in_chaos_v1:fired_black_argillite":1,"evilcraft:infested_nether_soul_sand":3,"graveyard:skull_pile":1,"minecraft:cracked_deepslate_tiles":6,"minecraft:oak_log":6,"minecraft:sand":360,"minecraft:dirt":295,"tconstruct:crafting_station":2,"minecraft:netherrack":74,"minecraft:nether_gold_ore":5,"minecraft:diamond_ore":1,"minecraft:crying_obsidian":1,"minecraft:tuff":407,"minecraft:dark_oak_leaves":1,"minecraft:deepslate_diamond_ore":38,"minecraft:spruce_leaves":79,"minecraft:sandstone":1,"evilcraft:sanguinary_pedestal_0":1,"minecraft:deepslate_brick_slab":19,"minecraft:furnace":2,"minecraft:carrots":53,"minecraft:stripped_spruce_log":3,"minecraft:bell":1,"minecraft:bookshelf":26,"minecraft:deepslate_iron_ore":89,"minecraft:lantern":19,"tconstruct:seared_glass":53,"minecraft:stone":614,"minecraft:pink_terracotta":36,"minecraft:podzol":151,"minecraft:scaffolding":28,"minecraft:basalt":6,"minecraft:crafting_table":8,"tconstruct:seared_basin":3,"minecraft:deepslate_coal_ore":12,"minecraft:lapis_ore":20,"biomemakeover:mesmerite":2,"minecraft:spruce_stairs":40,"minecraft:polished_blackstone_stairs":1,"minecraft:sweet_berry_bush":12,"minecraft:ice":1,"minecraft:coal_ore":213,"evilcraft:undead_log":14,"graveyard:leaning_skeleton":1,"minecraft:cracked_stone_bricks":6,"minecraft:mossy_stone_bricks":7},"minecraft:killed":{"minecraft:cave_spider":1,"born_in_chaos_v1:restless_spirit":13,"born_in_chaos_v1:zombie_lumberjack":3,"born_in_chaos_v1:skeleton_demoman":2,"born_in_chaos_v1:siamese_skeletonsright":5,"born_in_chaos_v1:baby_skeleton_minion":5,"minecraft:skeleton":33,"born_in_chaos_v1:skeleton_thrasher":3,"minecraft:magma_cube":18,"born_in_chaos_v1:bone_imp":1,"laendli_transport:crab":26,"minecraft:pillager":8,"minecraft:zombie":68,"born_in_chaos_v1:corpse_fly":16,"minecraft:glow_squid":2,"born_in_chaos_v1:door_knight":2,"iceandfire:sea_serpent":1,"minecraft:cow":1,"graveyard:nightmare":1,"minecraft:vindicator":1,"rottencreatures:undead_miner":10,"graveyard:ghoul":6,"born_in_chaos_v1:decrepit_skeleton":16,"born_in_chaos_v1:dark_vortex":2,"minecraft:enderman":8,"evilcraft:netherfish":2,"minecraft:zombified_piglin":2,"minecraft:witch":2,"rottencreatures:burned":3,"minecraft:spider":21,"minecraft:silverfish":6,"minecraft:piglin_brute":17,"born_in_chaos_v1:firelight_not_despawn":3,"minecraft:piglin":15,"born_in_chaos_v1:bonescaller":3,"minecraft:pig":1,"born_in_chaos_v1:glutton_fish":1,"minecraft:creeper":11,"born_in_chaos_v1:zombie_fisherman":1,"born_in_chaos_v1:dread_hound":4,"minecraft:ghast":2,"minecraft:stray":17,"born_in_chaos_v1:siamese_skeletonsleft":5,"graveyard:revenant":3,"born_in_chaos_v1:zombie_bruiser":4,"minecraft:phantom":1,"born_in_chaos_v1:maggot":31,"minecraft:drowned":2,"born_in_chaos_v1:corpse_fish":3,"biomemakeover:moth":1,"alexsmobs:flying_fish":4,"born_in_chaos_v1:fallen_chaos_knight":1,"laendli_transport:slabcrab":30,"born_in_chaos_v1:baby_skeleton":12,"born_in_chaos_v1:swarmer":1,"minecraft:hoglin":4,"born_in_chaos_v1:nightmare_stalker":1,"minecraft:wither_skeleton":8},"minecraft:dropped":{"minecraft:iron_sword":6,"evilcraft:broom_part":3,"minecraft:cooked_beef":14,"minecraft:mossy_stone_brick_stairs":1,"minecraft:cracked_stone_bricks":2,"born_in_chaos_v1:pieceofdarkmetal":2,"minecraft:saddle":1,"alexsmobs:flying_fish_boots":1,"minecraft:emerald":1,"minecraft:dirt":18,"minecraft:large_fern":1,"evilcraft:blook":14,"minecraft:cracked_deepslate_tiles":2,"minecraft:chain":18,"minecraft:bone_meal":6,"minecraft:phantom_membrane":44,"minecraft:iron_pickaxe":8,"born_in_chaos_v1:fired_black_argillite":1,"minecraft:fishing_rod":1,"minecraft:bone":230,"tconstruct:pickaxe":1,"minecraft:stone_axe":1,"minecraft:iron_nugget":5,"minecraft:golden_chestplate":3,"minecraft:wheat":5,"minecraft:obsidian":8,"minecraft:rotten_flesh":18,"evilcraft:flesh_humanoid":9,"tconstruct:sledge_hammer":1,"minecraft:leather_boots":1,"minecraft:spruce_slab":4,"minecraft:white_dye":2,"minecraft:iron_ingot":15,"minecraft:cobblestone":1,"minecraft:iron_helmet":13,"minecraft:book":23,"minecraft:coal":77,"minecraft:polished_blackstone_stairs":1,"born_in_chaos_v1:black_argillite":1,"minecraft:wooden_hoe":1,"travelersbackpack:blank_upgrade":2,"travelersbackpack:melon":1,"minecraft:potion":1,"minecraft:dried_kelp":5,"minecraft:iron_shovel":5,"minecraft:string":97,"minecraft:dark_oak_sign":1,"minecraft:stone_shovel":1,"minecraft:iron_boots":5,"minecraft:name_tag":2,"biomemakeover:moth_scales":6,"minecraft:diamond_sword":3,"minecraft:potato":2,"minecraft:spruce_boat":1,"player_companions:welsh_corgi_default":1,"minecraft:spruce_planks":56,"minecraft:diamond_pickaxe":2,"iceandfire:silver_ingot":11,"minecraft:stone_pressure_plate":2,"minecraft:stone_bricks":50,"minecraft:bow":4,"minecraft:soul_sand":4,"minecraft:baked_potato":393,"minecraft:lantern":2,"tconstruct:clear_item_frame":4,"minecraft:leather":47,"travelersbackpack:standard":1,"minecraft:deepslate_tile_stairs":1,"minecraft:gilded_blackstone":9,"born_in_chaos_v1:black_argillite_brick":2,"minecraft:blackstone":6,"tconstruct:cleaver":2,"minecraft:chainmail_chestplate":3,"minecraft:leather_chestplate":3,"minecraft:gunpowder":28,"born_in_chaos_v1:corpse_maggot":5,"minecraft:chainmail_boots":4,"minecraft:basalt":5,"minecraft:iron_bars":10,"minecraft:arrow":102,"minecraft:water_bucket":1,"minecraft:bread":20,"minecraft:golden_helmet":2,"minecraft:mossy_cobblestone":10,"minecraft:diamond_leggings":2,"minecraft:poisonous_potato":2,"minecraft:golden_axe":2,"minecraft:amethyst_block":11,"evilcraft:dark_gem":1,"evilcraft:vengeance_pickaxe":3,"evilcraft:blood_extractor":6,"minecraft:torch":250,"born_in_chaos_v1:fused_bone":4,"minecraft:iron_leggings":2,"minecraft:iron_axe":2,"minecraft:sweet_berries":4,"born_in_chaos_v1:black_argillite_brick_stairs":2,"minecraft:coarse_dirt":12,"minecraft:raw_copper":1,"minecraft:tuff":1,"minecraft:smoker":1,"minecraft:iron_hoe":1,"minecraft:shield":14,"minecraft:diamond_chestplate":3,"minecraft:iron_chestplate":9,"minecraft:golden_sword":1,"minecraft:diamond_boots":2,"minecraft:spruce_log":37,"minecraft:stone_pickaxe":3,"minecraft:wooden_pickaxe":1,"minecraft:cracked_deepslate_bricks":12,"minecraft:nautilus_shell":23},"minecraft:picked_up":{"minecraft:iron_chestplate":42,"minecraft:chainmail_boots":13,"minecraft:creeper_head":1,"minecraft:anvil":8,"minecraft:prismarine_shard":6,"minecraft:smithing_table":4,"minecraft:diamond_sword":24,"minecraft:oak_stairs":7,"minecraft:brown_bed":1,"minecraft:golden_shovel":4,"minecraft:golden_sword":3,"minecraft:amethyst_block":19,"tconstruct:smeltery_controller":1,"minecraft:string":162,"minecraft:soul_soil":46,"minecraft:cooked_salmon":24,"gobber2:gobber2_glass_nether":10,"minecraft:pufferfish":1,"minecraft:gold_nugget":108,"minecraft:diamond_leggings":10,"minecraft:cobbled_deepslate":5486,"minecraft:spruce_planks":227,"minecraft:written_book":1,"tconstruct:seared_ladder":11,"minecraft:coal_block":24,"minecraft:mangrove_log":4,"minecraft:golden_helmet":3,"minecraft:polished_blackstone_stairs":1,"born_in_chaos_v1:shattered_skull":7,"minecraft:big_dripleaf":8,"minecraft:acacia_log":1,"iceandfire:silver_ore":18,"minecraft:golden_axe":4,"tconstruct:seared_faucet":4,"born_in_chaos_v1:black_argillite_brick_stairs":2,"minecraft:deepslate_tile_stairs":13,"minecraft:golden_chestplate":16,"minecraft:pink_terracotta":72,"minecraft:cauldron":3,"alexsmobs:flying_fish_boots":5,"minecraft:white_terracotta":5,"minecraft:iron_bars":30,"alexsmobs:flying_fish":5,"evilcraft:vengeance_pickaxe":4,"minecraft:magma_block":10,"minecraft:mossy_cobblestone_slab":2,"minecraft:cooked_beef":137,"minecraft:water_bucket":34,"minecraft:brown_wool":9,"minecraft:copper_block":1,"minecraft:smoker":4,"minecraft:flint":28,"gobber2:gobber2_gooey_bread_nether":17,"minecraft:lantern":48,"minecraft:stonecutter":1,"biomemakeover:illunite_shard":10,"minecraft:dark_oak_sign":2,"tconstruct:seared_table":1,"minecraft:diamond_helmet":6,"minecraft:glowstone_dust":64,"minecraft:moss_block":7,"tconstruct:sky_slime_sapling":1,"biomemakeover:mesmerite":2,"tconstruct:seared_ingot_gauge":2,"iceandfire:shiny_scales":8,"tconstruct:slimesteel_ingot":1,"minecraft:stripped_spruce_log":3,"alexsmobs:animal_dictionary":1,"minecraft:dark_oak_log":116,"minecraft:red_terracotta":19,"minecraft:barrel":16,"minecraft:iron_hoe":7,"minecraft:granite":39,"minecraft:chainmail_helmet":8,"minecraft:bread":268,"born_in_chaos_v1:rotten_fish":23,"minecraft:diamond_pickaxe":6,"minecraft:crafting_table":8,"minecraft:coarse_dirt":75,"minecraft:nether_wart":3,"iceandfire:witherbone":107,"minecraft:clay_ball":182,"born_in_chaos_v1:seedof_chaos":4,"minecraft:leather_leggings":4,"tconstruct:materials_and_you":1,"biomemakeover:ancient_oak_log":4,"born_in_chaos_v1:fired_black_argillite":1,"minecraft:red_bed":14,"minecraft:iron_shovel":31,"born_in_chaos_v1:black_argillite_brick":2,"tconstruct:piglin_brute_head":5,"tconstruct:cleaver":9,"iceandfire:graveyard_soil":1,"minecraft:cracked_stone_bricks":13,"minecraft:cartography_table":2,"evilcraft:spiked_plate":1,"minecraft:beef":6,"minecraft:iron_nugget":29,"minecraft:spruce_slab":12,"minecraft:chest":89,"minecraft:sandstone":1,"minecraft:polished_deepslate_slab":5,"tconstruct:pickaxe":4,"minecraft:spruce_fence":75,"minecraft:white_dye":20,"born_in_chaos_v1:pieceofdarkmetal":22,"minecraft:carrot":188,"minecraft:redstone":332,"minecraft:tnt":19,"tconstruct:sky_slime_ball":292,"minecraft:diamond_chestplate":9,"minecraft:stone_shovel":4,"architects_palette:spruce_boards":43,"gobber2:gobber2_gooey_beef_nether":46,"minecraft:deepslate_bricks":302,"minecraft:shears":3,"minecraft:diamond_boots":13,"minecraft:cracked_deepslate_bricks":93,"architects_palette:withered_bone":292,"minecraft:gold_ingot":48,"tconstruct:part_chest":1,"minecraft:glow_berries":1,"minecraft:mutton":2,"minecraft:white_wool":2,"iceandfire:sea_serpent_fang":7,"born_in_chaos_v1:monster_flesh":10,"minecraft:fern":11,"minecraft:yellow_dye":1,"minecraft:red_mushroom":8,"minecraft:acacia_wood":3,"minecraft:oak_log":14,"minecraft:golden_boots":1,"tconstruct:sky_slime_crystal_block":1,"tconstruct:seared_brick":8,"minecraft:apple":29,"minecraft:stone_bricks":1846,"minecraft:kelp":18,"alexsmobs:cockroach_wing_fragment":1,"minecraft:stone_pickaxe":3,"gobber2:gobber2_gooey_beefstew_nether":6,"minecraft:iron_sword":28,"travelersbackpack:blank_upgrade":2,"minecraft:light_gray_stained_glass":3,"minecraft:sweet_berries":888,"born_in_chaos_v1:ethereal_spirit":34,"minecraft:gravel":329,"minecraft:spruce_sapling":120,"minecraft:spruce_log":377,"minecraft:crying_obsidian":11,"minecraft:leather_helmet":6,"minecraft:diamond_shovel":13,"minecraft:slime_ball":87,"minecraft:stone_axe":3,"iceandfire:silver_sword":3,"minecraft:diamond_axe":9,"tconstruct:seared_melter":1,"minecraft:gray_wool":15,"minecraft:lodestone":8,"minecraft:baked_potato":1377,"gobber2:gobber2_goo_nether":10,"minecraft:ender_pearl":11,"tconstruct:seared_drain":2,"minecraft:wheat":295,"minecraft:potion":1,"minecraft:gilded_blackstone":76,"minecraft:stone_brick_stairs":4,"born_in_chaos_v1:black_argillite":1,"evilcraft:ender_tear":1,"minecraft:raw_copper":268,"iceandfire:sea_serpent_scales_teal":2,"minecraft:iron_leggings":33,"minecraft:netherite_ingot":4,"minecraft:deepslate_tiles":14,"minecraft:bucket":4,"minecraft:calcite":9,"minecraft:azalea":2,"minecraft:iron_pickaxe":45,"evilcraft:blood_extractor":16,"minecraft:iron_boots":34,"minecraft:furnace":2,"minecraft:tipped_arrow":39,"minecraft:stick":74,"minecraft:deepslate_brick_wall":34,"minecraft:torch":1180,"minecraft:spruce_stairs":78,"minecraft:porkchop":36,"minecraft:dried_kelp":22,"minecraft:pointed_dripstone":1,"minecraft:diorite":73,"born_in_chaos_v1:nightmare_claw":3,"gobber2:gobber2_foo":1,"minecraft:quartz_block":33,"minecraft:rotten_flesh":196,"born_in_chaos_v1:sea_terror_eye":4,"evilcraft:condensed_blood":95,"minecraft:deepslate_brick_stairs":64,"minecraft:obsidian":49,"minecraft:cod":15,"minecraft:blaze_powder":5,"minecraft:cobblestone":945,"minecraft:nautilus_shell":25,"tconstruct:seared_bricks":8,"minecraft:leather_chestplate":9,"minecraft:magma_cream":8,"minecraft:andesite":59,"minecraft:golden_leggings":1,"minecraft:potato":1224,"biomemakeover:moth_scales":9,"minecraft:tuff":425,"minecraft:light_gray_dye":24,"evilcraft:flesh_humanoid":11,"minecraft:lapis_lazuli":310,"minecraft:dirt":1750,"minecraft:name_tag":2,"born_in_chaos_v1:monster_skin":7,"minecraft:leather_boots":7,"minecraft:glass":139,"minecraft:bone":669,"minecraft:bow":35,"minecraft:wheat_seeds":389,"minecraft:raw_gold":208,"minecraft:deepslate_brick_slab":30,"minecraft:cobbled_deepslate_slab":7,"minecraft:bell":1,"minecraft:grindstone":2,"minecraft:mossy_stone_bricks":6,"minecraft:fletching_table":7,"minecraft:bamboo":658,"minecraft:mossy_stone_brick_stairs":3,"minecraft:oak_planks":27,"minecraft:ghast_tear":1,"tconstruct:necrotic_bone":1,"evilcraft:broom_part":3,"gobber2:gobber2_rod_nether":10,"minecraft:cooked_porkchop":2,"minecraft:music_disc_13":1,"minecraft:poisonous_potato":10,"evilcraft:dark_gem_crushed":58,"minecraft:sand":388,"player_companions:welsh_corgi_default":1,"evilcraft:sanguinary_pedestal_0":1,"minecraft:dead_bush":4,"minecraft:spectral_arrow":63,"tconstruct:clear_item_frame":18,"minecraft:mossy_cobblestone":87,"tconstruct:seared_basin":3,"born_in_chaos_v1:fire_dust":3,"minecraft:light_blue_terracotta":1,"minecraft:diamond":75,"minecraft:spruce_boat":9,"evilcraft:broom":7,"tconstruct:piglin_head":3,"minecraft:bone_meal":34,"minecraft:golden_apple":2,"tconstruct:tinkers_chest":1,"minecraft:spruce_sign":3,"minecraft:emerald":33,"minecraft:netherrack":1455,"iceandfire:silver_nugget":13,"born_in_chaos_v1:sea_terror_stomach":2,"gobber2:gobber2_goo":3,"minecraft:fishing_rod":4,"minecraft:charcoal":7,"tconstruct:crafting_station":2,"minecraft:allium":6,"born_in_chaos_v1:river_mint":1,"evilcraft:dark_power_gem":1,"minecraft:brown_mushroom":37,"minecraft:wooden_pickaxe":3,"minecraft:diamond_horse_armor":2,"minecraft:chain":36,"minecraft:shield":56,"minecraft:moss_carpet":2,"minecraft:iron_axe":26,"minecraft:large_fern":5,"tconstruct:seared_glass":59,"minecraft:blackstone":11,"graveyard:corruption":4,"evilcraft:hardened_blood_shard":130,"minecraft:sugar_cane":190,"minecraft:spruce_trapdoor":109,"minecraft:phantom_membrane":23,"tconstruct:raw_cobalt":13,"minecraft:dark_oak_sapling":2,"minecraft:raw_iron":175,"minecraft:copper_ingot":17,"evilcraft:origins_of_darkness":4,"minecraft:cookie":15,"minecraft:stone_pressure_plate":7,"minecraft:arrow":545,"minecraft:pumpkin_pie":1,"tconstruct:tinker_station":3,"iceandfire:deepslate_silver_ore":4,"minecraft:skeleton_skull":3,"born_in_chaos_v1:fused_bone":17,"minecraft:cracked_deepslate_tiles":8,"born_in_chaos_v1:corpse_maggot":34,"minecraft:basalt":21,"tconstruct:part_builder":3,"travelersbackpack:melon":1,"minecraft:glow_ink_sac":4,"minecraft:leather":56,"minecraft:chainmail_chestplate":12,"minecraft:cobbled_deepslate_stairs":2,"minecraft:gunpowder":58,"minecraft:deepslate_tile_slab":53,"minecraft:wooden_hoe":3,"minecraft:cooked_mutton":4,"tconstruct:sledge_hammer":1,"tconstruct:sky_slime_grass_seeds":4,"minecraft:iron_ingot":18,"minecraft:soul_sand":25,"minecraft:book":126,"minecraft:scaffolding":52,"evilcraft:undead_log":14,"minecraft:chiseled_stone_bricks":3,"minecraft:stone_brick_slab":8,"minecraft:quartz":749,"minecraft:dripstone_block":1,"born_in_chaos_v1:dark_rod":6,"chococraft:gysahl_green_seeds":1,"minecraft:blast_furnace":10,"minecraft:mossy_stone_brick_slab":1,"minecraft:spruce_door":4,"minecraft:spider_eye":14,"evilcraft:dark_tank":2,"biomemakeover:foxglove":1,"minecraft:pumpkin_seeds":75,"evilcraft:dark_gem":155,"minecraft:iron_helmet":40,"minecraft:mossy_cobblestone_stairs":1,"tconstruct:stray_head":1,"minecraft:black_wool":2,"minecraft:coal":492},"minecraft:crafted":{"minecraft:black_dye":7,"travelersbackpack:crafting_upgrade":2,"biomemakeover:ancient_oak_planks":16,"minecraft:chain":12,"tconstruct:broad_blade":4,"tconstruct:pick_head":1,"evilcraft:broom":19,"evilcraft:promise_speed_0":1,"minecraft:glass":432,"evilcraft:blood_extractor":6,"tconstruct:tough_handle":5,"evilcraft:undead_planks":44,"travelersbackpack:lapis":3,"travelersbackpack:standard":3,"minecraft:spruce_door":3,"tconstruct:tool_handle":1,"minecraft:wooden_hoe":3,"minecraft:iron_pickaxe":5,"minecraft:light_gray_dye":28,"minecraft:composter":1,"minecraft:spruce_fence_gate":8,"tconstruct:cleaver":10,"tconstruct:large_plate":1,"minecraft:stone_shovel":2,"tconstruct:part_builder":1,"minecraft:iron_nugget":117,"tconstruct:seared_basin":1,"minecraft:bone_meal":255,"minecraft:spruce_fence":117,"travelersbackpack:blank_upgrade":4,"travelersbackpack:gold_tier_upgrade":1,"evilcraft:dark_block":1,"tconstruct:tinker_station":1,"minecraft:lantern":15,"architects_palette:spruce_boards":90,"travelersbackpack:white_sleeping_bag":1,"minecraft:deepslate_brick_wall":4,"minecraft:spruce_slab":124,"minecraft:stone_pickaxe":1,"minecraft:spruce_boat":2,"minecraft:dark_oak_planks":104,"minecraft:lead":10,"minecraft:enchanting_table":1,"tconstruct:part_chest":1,"evilcraft:promise_tier_2":1,"tconstruct:hammer_head":1,"evilcraft:blood_infuser":1,"minecraft:iron_shovel":5,"minecraft:iron_leggings":1,"player_companions:tame_apple":5,"minecraft:oak_planks":32,"minecraft:stone":3,"tconstruct:tool_binding":1,"minecraft:heavy_weighted_pressure_plate":1,"minecraft:bow":1,"evilcraft:promise_tier_1":1,"travelersbackpack:gray_sleeping_bag":1,"tconstruct:tinkers_chest":1,"tconstruct:seared_brick":341,"minecraft:chest":8,"minecraft:crafting_table":6,"minecraft:spruce_planks":472,"minecraft:wooden_pickaxe":1,"minecraft:baked_potato":402,"evilcraft:bowl_of_promises_empty":1,"player_companions:tame_bone":6,"minecraft:spruce_trapdoor":2,"minecraft:diamond_pickaxe":1,"minecraft:shield":1,"minecraft:stick":296,"minecraft:iron_ingot":134,"tconstruct:seared_bricks":8,"tconstruct:clear_item_frame":20,"evilcraft:vengeance_pickaxe":3,"minecraft:shears":1,"evilcraft:dark_spike":48,"tconstruct:pickaxe":12,"tconstruct:pattern":12,"minecraft:coal":9,"evilcraft:bowl_of_promises_dusted":4,"evilcraft:blood_chest":1,"minecraft:furnace":1,"minecraft:gray_dye":14,"minecraft:glass_pane":80,"minecraft:flint_and_steel":2,"minecraft:iron_axe":1,"evilcraft:dark_stick":12,"alexsmobs:flying_fish_boots":2,"travelersbackpack:diamond_tier_upgrade":1,"minecraft:diamond_sword":1,"iceandfire:silver_ingot":11,"evilcraft:blood_infusion_core":3,"evilcraft:broom_part":6,"travelersbackpack:backpack_tank":9,"minecraft:iron_sword":2,"minecraft:mangrove_planks":8,"minecraft:stone_axe":2,"tconstruct:seared_drain":2,"minecraft:air":0,"tconstruct:seared_ingot_gauge":1,"minecraft:white_dye":19,"tconstruct:crafting_station":4,"tconstruct:seared_faucet":3,"evilcraft:promise_efficiency_0":1,"minecraft:stonecutter":1,"minecraft:torch":200,"minecraft:lapis_block":5,"tconstruct:sledge_hammer":8}},"DataVersion":3120}