{"stats":{"minecraft:killed":{"minecraft:drowned":1,"laendli_transport:slabcrab":1,"laendli_transport:crab":1,"minecraft:zombie":1},"minecraft:mined":{"minecraft:deepslate_tiles":6,"minecraft:spruce_planks":5,"minecraft:farmland":1,"minecraft:mossy_cobblestone":5,"minecraft:spruce_trapdoor":25,"minecraft:grass_block":62,"minecraft:spruce_fence":35,"minecraft:deepslate_bricks":98,"minecraft:spruce_leaves":7,"minecraft:deepslate_tile_stairs":10,"minecraft:cartography_table":1,"minecraft:magma_block":4,"minecraft:furnace":2,"minecraft:barrel":2,"minecraft:cobbled_deepslate":22,"minecraft:stripped_spruce_log":3,"minecraft:fletching_table":2,"minecraft:anvil":2,"minecraft:bell":1,"minecraft:water_cauldron":1,"minecraft:dirt_path":5,"minecraft:lantern":6,"minecraft:deepslate_brick_stairs":10,"minecraft:stone":12,"minecraft:spruce_slab":4,"minecraft:pink_terracotta":36,"minecraft:podzol":12,"minecraft:smithing_table":2,"minecraft:scaffolding":20,"minecraft:red_bed":7,"minecraft:deepslate_brick_wall":3,"minecraft:smoker":2,"minecraft:crafting_table":6,"minecraft:blast_furnace":8,"minecraft:chest":40,"minecraft:white_stained_glass_pane":6,"minecraft:campfire":1,"minecraft:deepslate_coal_ore":2,"minecraft:grindstone":3,"minecraft:sugar_cane":12,"minecraft:cracked_deepslate_bricks":50,"minecraft:seagrass":1,"minecraft:spruce_stairs":40,"minecraft:red_terracotta":19,"minecraft:coarse_dirt":3,"minecraft:spruce_log":36,"minecraft:grass":4,"minecraft:cracked_deepslate_tiles":5,"minecraft:sand":80,"minecraft:dirt":30,"minecraft:stonecutter":1,"minecraft:deepslate":41,"minecraft:fern":3},"minecraft:picked_up":{"minecraft:coarse_dirt":3,"minecraft:charcoal":2,"minecraft:crafting_table":6,"minecraft:wheat":14,"minecraft:allium":6,"minecraft:anvil":5,"tconstruct:materials_and_you":1,"minecraft:smithing_table":4,"minecraft:wooden_pickaxe":1,"minecraft:red_bed":7,"minecraft:large_fern":5,"minecraft:deepslate_tiles":12,"minecraft:cartography_table":2,"minecraft:cobbled_deepslate":63,"minecraft:spruce_planks":67,"minecraft:beef":3,"minecraft:iron_nugget":15,"minecraft:spruce_slab":8,"minecraft:sugar_cane":21,"minecraft:chest":47,"minecraft:spruce_trapdoor":22,"minecraft:furnace":2,"minecraft:stick":14,"minecraft:deepslate_brick_wall":3,"minecraft:copper_ingot":2,"evilcraft:origins_of_darkness":4,"minecraft:spruce_stairs":78,"minecraft:spruce_fence":41,"minecraft:deepslate_tile_stairs":10,"minecraft:pink_terracotta":72,"minecraft:cauldron":2,"minecraft:rotten_flesh":2,"minecraft:pumpkin_pie":1,"minecraft:shears":3,"minecraft:deepslate_bricks":96,"minecraft:cracked_deepslate_bricks":62,"evilcraft:condensed_blood":87,"minecraft:deepslate_brick_stairs":10,"minecraft:cod":1,"minecraft:nautilus_shell":1,"minecraft:cobblestone":21,"minecraft:cracked_deepslate_tiles":5,"minecraft:magma_block":10,"minecraft:water_bucket":4,"minecraft:yellow_dye":1,"minecraft:brown_wool":9,"minecraft:fern":11,"minecraft:smoker":3,"minecraft:potato":29,"minecraft:dirt":111,"minecraft:lantern":7,"minecraft:cooked_mutton":2,"minecraft:leather_boots":1,"minecraft:stone_bricks":1,"minecraft:stonecutter":1,"minecraft:wheat_seeds":6,"minecraft:bell":1,"minecraft:grindstone":2,"minecraft:iron_ingot":6,"minecraft:fletching_table":5,"minecraft:scaffolding":30,"minecraft:cooked_porkchop":2,"minecraft:sweet_berries":41,"iceandfire:shiny_scales":8,"minecraft:sand":96,"minecraft:stripped_spruce_log":3,"minecraft:spruce_sapling":55,"minecraft:blast_furnace":10,"minecraft:spruce_log":91,"alexsmobs:animal_dictionary":1,"minecraft:red_terracotta":19,"minecraft:spruce_door":2,"minecraft:barrel":4,"minecraft:leather_helmet":2,"minecraft:mossy_cobblestone":20,"minecraft:pumpkin_seeds":66,"minecraft:iron_helmet":1,"minecraft:bone_meal":1,"minecraft:gray_wool":15,"minecraft:spruce_sign":3,"minecraft:bread":51,"minecraft:emerald":27,"minecraft:black_wool":2,"minecraft:coal":2},"minecraft:custom":{"minecraft:interact_with_smithing_table":1,"minecraft:interact_with_anvil":1,"minecraft:mob_kills":4,"minecraft:interact_with_crafting_table":26,"minecraft:open_barrel":1,"minecraft:bell_ring":1,"minecraft:leave_game":1,"minecraft:time_since_death":146567,"minecraft:climb_one_cm":8412,"minecraft:sprint_one_cm":150712,"minecraft:walk_one_cm":476069,"minecraft:drop":13,"minecraft:play_time":146567,"minecraft:sneak_time":3200,"minecraft:walk_under_water_one_cm":5064,"minecraft:jump":1266,"minecraft:interact_with_blast_furnace":3,"minecraft:walk_on_water_one_cm":11005,"minecraft:total_world_time":146567,"minecraft:interact_with_furnace":3,"minecraft:interact_with_grindstone":1,"minecraft:interact_with_stonecutter":3,"minecraft:sleep_in_bed":8,"minecraft:time_since_rest":16553,"minecraft:damage_taken":553,"minecraft:damage_dealt":667,"minecraft:fly_one_cm":642331,"minecraft:swim_one_cm":7630,"minecraft:open_chest":94,"minecraft:crouch_one_cm":6320,"minecraft:interact_with_smoker":2,"minecraft:fall_one_cm":17696},"minecraft:crafted":{"minecraft:stone_shovel":2,"minecraft:stone":3,"minecraft:spruce_fence":21,"minecraft:deepslate_brick_wall":4,"minecraft:spruce_slab":124,"minecraft:stone_pickaxe":1,"minecraft:crafting_table":1,"minecraft:spruce_planks":160,"minecraft:wooden_pickaxe":1,"minecraft:stone_axe":2,"minecraft:air":0,"minecraft:wooden_hoe":3,"minecraft:stick":72,"minecraft:stonecutter":1},"minecraft:broken":{"minecraft:stone_axe":1,"minecraft:iron_pickaxe":1,"minecraft:wooden_hoe":2,"minecraft:stone_shovel":1},"minecraft:used":{"minecraft:spruce_slab":120,"minecraft:stone_shovel":183,"minecraft:chest":40,"minecraft:dirt":41,"minecraft:deepslate_brick_slab":20,"minecraft:spruce_fence":39,"minecraft:lantern":7,"minecraft:scaffolding":29,"minecraft:cooked_beef":1,"minecraft:potato":92,"minecraft:deepslate_brick_wall":4,"minecraft:spruce_door":2,"minecraft:stone_pickaxe":130,"minecraft:wooden_pickaxe":6,"minecraft:stonecutter":2,"minecraft:sugar_cane":21,"minecraft:deepslate_bricks":11,"minecraft:crafting_table":6,"minecraft:red_bed":6,"minecraft:blast_furnace":4,"minecraft:deepslate_brick_stairs":1,"minecraft:wooden_hoe":130,"minecraft:bread":12,"minecraft:iron_pickaxe":236,"minecraft:spruce_trapdoor":22,"minecraft:stone_axe":213,"minecraft:grindstone":1},"minecraft:dropped":{"minecraft:mossy_cobblestone":10,"minecraft:cobblestone":1,"minecraft:large_fern":1,"minecraft:iron_nugget":5,"minecraft:coarse_dirt":3,"minecraft:wheat":5,"minecraft:smoker":1,"minecraft:spruce_planks":1,"minecraft:spruce_slab":2,"minecraft:cracked_deepslate_bricks":12}},"DataVersion":3120}