{"stats":{"minecraft:killed":{"alexsmobs:bison":1,"mutationcraft:developed_roamer":1,"born_in_chaos_v1:firelight_not_despawn":3,"born_in_chaos_v1:decrepit_skeleton":1,"mutationcraft:human_stage_3":1},"minecraft:custom":{"minecraft:mob_kills":8,"minecraft:interact_with_crafting_table":40,"minecraft:open_barrel":3,"minecraft:leave_game":4,"minecraft:time_since_death":6380,"minecraft:sprint_one_cm":241274,"minecraft:walk_one_cm":307386,"minecraft:drop":28,"minecraft:talked_to_villager":3,"minecraft:play_time":165498,"minecraft:deaths":35,"minecraft:sneak_time":2134,"minecraft:walk_under_water_one_cm":4046,"minecraft:jump":2422,"minecraft:walk_on_water_one_cm":20706,"minecraft:total_world_time":165498,"minecraft:interact_with_furnace":10,"minecraft:sleep_in_bed":1,"minecraft:time_since_rest":6407,"minecraft:waystone_activated":1,"minecraft:damage_taken":10164,"minecraft:damage_absorbed":40,"minecraft:damage_dealt":3535,"minecraft:swim_one_cm":3278,"minecraft:fly_one_cm":335333,"minecraft:player_kills":2,"minecraft:open_chest":46,"minecraft:crouch_one_cm":5106,"minecraft:fall_one_cm":79830},"minecraft:killed_by":{"mutationcraft:assimilated_donkey":1,"born_in_chaos_v1:nightmare_stalker":4,"born_in_chaos_v1:zombie_lumberjack":1,"mutationcraft:assimilated_spider":3,"sanitydim:rotting_stalker":1,"born_in_chaos_v1:decaying_zombie":1,"mutationcraft:assimilated_human":1,"born_in_chaos_v1:decrepit_skeleton":1,"mutationcraft:necroptor":9,"mutationcraft:carnivorae":1,"mutationcraft:assimilated_roamer":5,"mutationcraft:assimilated_pillager":1,"mutationcraft:assimilated_enderman":2,"born_in_chaos_v1:dread_hound":1},"minecraft:dropped":{"born_in_chaos_v1:wood_splitter_axe":1,"minecraft:wheat_seeds":1,"minecraft:cooked_beef":11,"minecraft:mossy_cobblestone":2,"minecraft:cobblestone":47,"minecraft:cobweb":6,"minecraft:torch":5,"minecraft:snowball":5,"minecraft:iron_pickaxe":1,"minecraft:string":1,"minecraft:gray_carpet":1,"minecraft:acacia_planks":4,"minecraft:spruce_sapling":1,"minecraft:stone_axe":1,"minecraft:polished_andesite_slab":1,"minecraft:andesite_slab":1,"minecraft:rotten_flesh":1,"evilcraft:flesh_humanoid":1,"minecraft:spruce_trapdoor":1,"minecraft:spruce_planks":17,"minecraft:stone_pickaxe":1,"minecraft:wooden_pickaxe":1},"minecraft:crafted":{"minecraft:oak_planks":20,"minecraft:stone_shovel":2,"minecraft:furnace":1,"architects_palette:spruce_boards":45,"minecraft:iron_axe":1,"minecraft:iron_hoe":1,"minecraft:stone_pickaxe":1,"minecraft:chest":1,"minecraft:wheat":54,"minecraft:cooked_beef":8,"minecraft:crafting_table":7,"minecraft:spruce_planks":176,"minecraft:wooden_pickaxe":2,"minecraft:spruce_door":15,"minecraft:sandstone_slab":24,"minecraft:campfire":4,"minecraft:stone_axe":2,"minecraft:bread":18,"minecraft:stick":60,"minecraft:iron_pickaxe":1,"minecraft:sandstone":14,"minecraft:torch":44},"minecraft:used":{"minecraft:stone_shovel":130,"minecraft:spruce_planks":17,"minecraft:chest":3,"minecraft:iron_sword":70,"minecraft:torch":43,"minecraft:dirt":68,"minecraft:iron_axe":84,"born_in_chaos_v1:mint_candy":2,"evilcraft:flesh_humanoid":1,"minecraft:furnace":3,"minecraft:cooked_beef":2,"minecraft:spruce_door":3,"architects_palette:spruce_boards":32,"minecraft:stone_pickaxe":192,"minecraft:wooden_pickaxe":66,"minecraft:cauldron":1,"minecraft:golden_apple":1,"minecraft:mossy_cobblestone":4,"minecraft:sand":21,"minecraft:crafting_table":11,"minecraft:campfire":4,"born_in_chaos_v1:holiday_candy":4,"minecraft:spruce_log":1,"minecraft:bread":3,"minecraft:iron_pickaxe":27,"minecraft:gravel":4,"minecraft:stone_axe":26,"minecraft:cobblestone":11},"minecraft:broken":{"minecraft:wooden_pickaxe":1,"minecraft:stone_pickaxe":1,"minecraft:stone_shovel":1},"minecraft:picked_up":{"minecraft:charcoal":7,"minecraft:crafting_table":6,"minecraft:coarse_dirt":2,"minecraft:wheat":18,"minecraft:leather_leggings":5,"minecraft:smithing_table":2,"minecraft:lead":1,"minecraft:wooden_pickaxe":2,"minecraft:potion":1,"minecraft:red_bed":1,"minecraft:string":1,"minecraft:iron_axe":5,"minecraft:raw_copper":8,"alexsmobs:ancient_dart":1,"minecraft:gold_nugget":32,"minecraft:bucket":5,"minecraft:spruce_planks":179,"minecraft:beef":17,"minecraft:iron_pickaxe":7,"minecraft:spruce_slab":35,"minecraft:chest":2,"minecraft:spruce_trapdoor":2,"minecraft:furnace":4,"minecraft:stick":156,"minecraft:raw_iron":12,"minecraft:sandstone":36,"minecraft:torch":110,"minecraft:spruce_fence":49,"mutationcraft:putrid_claw":2,"minecraft:cauldron":3,"minecraft:brown_carpet":3,"minecraft:rotten_flesh":11,"minecraft:stone_shovel":15,"minecraft:beetroot_seeds":1,"born_in_chaos_v1:wood_splitter_axe":1,"minecraft:hay_block":12,"minecraft:gold_ingot":15,"born_in_chaos_v1:cultivated_pumpkin":5,"minecraft:white_wool":48,"minecraft:bone_block":1,"minecraft:skeleton_skull":3,"minecraft:snowball":135,"minecraft:cobblestone":412,"minecraft:birch_log":14,"minecraft:magma_block":2,"minecraft:cooked_beef":10,"minecraft:smoker":3,"minecraft:potato":174,"minecraft:flint":2,"evilcraft:flesh_humanoid":7,"minecraft:paper":51,"minecraft:dirt":318,"minecraft:lantern":16,"minecraft:chipped_anvil":1,"minecraft:red_carpet":3,"minecraft:bone":65,"minecraft:acacia_planks":4,"minecraft:gray_carpet":1,"minecraft:wheat_seeds":1,"minecraft:bell":4,"minecraft:grindstone":2,"minecraft:stone_pickaxe":12,"minecraft:waxed_weathered_cut_copper_slab":1,"minecraft:cobweb":6,"minecraft:fletching_table":2,"minecraft:polished_andesite_slab":1,"minecraft:oak_planks":15,"minecraft:iron_sword":12,"minecraft:book":9,"minecraft:pumpkin":16,"minecraft:dripstone_block":4,"minecraft:gravel":4,"minecraft:sand":1225,"chococraft:gysahl_green_seeds":8,"minecraft:stripped_spruce_log":26,"minecraft:spruce_sapling":6,"minecraft:blast_furnace":2,"minecraft:spruce_log":154,"minecraft:spruce_door":2,"minecraft:mossy_cobblestone":16,"graveyard:oak_coffin":1,"minecraft:iron_hoe":5,"minecraft:oak_wood":5,"born_in_chaos_v1:fire_dust":39,"minecraft:stone_axe":10,"minecraft:emerald":12,"minecraft:bread":243,"minecraft:light_gray_carpet":6,"minecraft:andesite_slab":1,"minecraft:coal":387},"minecraft:mined":{"minecraft:red_carpet":3,"minecraft:mossy_cobblestone":5,"minecraft:candle":1,"minecraft:brewing_stand":1,"minecraft:spruce_trapdoor":2,"minecraft:grass_block":28,"minecraft:spruce_fence":17,"minecraft:polished_andesite_slab":1,"minecraft:spruce_leaves":29,"minecraft:sandstone":14,"minecraft:large_fern":1,"minecraft:hay_block":6,"minecraft:magma_block":1,"minecraft:furnace":3,"minecraft:iron_ore":4,"minecraft:fire":3,"minecraft:snow":1,"minecraft:stripped_spruce_log":28,"minecraft:pumpkin":2,"minecraft:fletching_table":1,"minecraft:bookshelf":3,"minecraft:water_cauldron":1,"minecraft:dirt_path":13,"minecraft:stone":119,"minecraft:smithing_table":1,"minecraft:spruce_slab":12,"minecraft:red_bed":1,"minecraft:snow_block":1,"minecraft:smoker":1,"minecraft:brown_carpet":3,"minecraft:crafting_table":4,"minecraft:torch":1,"minecraft:blast_furnace":1,"minecraft:oak_wood":5,"minecraft:chest":3,"minecraft:andesite_slab":1,"minecraft:campfire":2,"minecraft:copper_ore":2,"minecraft:grindstone":1,"minecraft:oak_planks":1,"minecraft:wall_torch":5,"minecraft:skeleton_skull":1,"graveyard:oak_coffin":1,"minecraft:waxed_weathered_cut_copper_slab":2,"minecraft:birch_log":7,"minecraft:spruce_log":66,"minecraft:grass":6,"minecraft:coal_ore":86,"minecraft:dirt":35,"minecraft:sand":82,"minecraft:gravel":6,"minecraft:dripstone_block":5,"minecraft:chipped_anvil":1,"minecraft:oak_leaves":2,"minecraft:fern":2}},"DataVersion":3120}