{"stats":{"minecraft:broken":{"minecraft:iron_shovel":1,"minecraft:iron_boots":2,"minecraft:iron_chestplate":1,"minecraft:stone_axe":1,"minecraft:iron_sword":1},"minecraft:picked_up":{"minecraft:iron_chestplate":59,"chococraft:loverly_gysahl_green":4,"minecraft:wheat":65,"minecraft:chainmail_boots":6,"minecraft:redstone_block":10,"minecraft:prismarine_shard":1,"minecraft:diamond_sword":3,"minecraft:lead":1,"minecraft:oak_stairs":2,"minecraft:potion":21,"minecraft:enchanted_book":34,"minecraft:stone_brick_stairs":4,"minecraft:amethyst_block":79,"born_in_chaos_v1:black_argillite":1,"minecraft:string":71,"alexsmobs:ancient_dart":3,"minecraft:raw_copper":91,"minecraft:cooked_salmon":58,"minecraft:iron_leggings":87,"minecraft:pufferfish":4,"minecraft:experience_bottle":96,"minecraft:beetroot":9,"minecraft:sea_pickle":1,"minecraft:smooth_stone":1,"minecraft:gold_nugget":6,"minecraft:cobbled_deepslate":63,"minecraft:bucket":18,"minecraft:spruce_planks":537,"minecraft:redstone_torch":1,"minecraft:calcite":2,"minecraft:smooth_quartz":52,"minecraft:iron_pickaxe":148,"minecraft:melon_slice":15,"minecraft:coal_block":30,"evilcraft:blood_extractor":6,"minecraft:smooth_quartz_stairs":10,"minecraft:iron_boots":74,"minecraft:furnace":1,"minecraft:tipped_arrow":15,"minecraft:golden_helmet":4,"minecraft:stick":221,"minecraft:oak_fence":1,"minecraft:torch":1682,"minecraft:acacia_log":3,"minecraft:spruce_stairs":1,"minecraft:sandstone_wall":4,"minecraft:porkchop":11,"minecraft:dried_kelp":30,"minecraft:golden_chestplate":3,"gobber2:gobber2_foo":15,"minecraft:quartz_block":4,"minecraft:stone_sword":4,"minecraft:rotten_flesh":48,"minecraft:polished_basalt":38,"minecraft:iron_block":21,"minecraft:mangrove_roots":2,"evilcraft:condensed_blood":4,"minecraft:cod":42,"minecraft:iron_bars":89,"minecraft:snowball":77,"minecraft:cobblestone":3899,"minecraft:nautilus_shell":5,"minecraft:birch_log":2,"minecraft:magma_block":4,"minecraft:leather_chestplate":3,"minecraft:cooked_beef":131,"minecraft:iron_door":1,"minecraft:water_bucket":30,"minecraft:andesite":2,"minecraft:golden_leggings":1,"minecraft:chiseled_quartz_block":26,"minecraft:potato":52,"alexsmobs:bison_fur":5,"minecraft:flint":3,"evilcraft:flesh_humanoid":156,"minecraft:prismarine_bricks":1,"minecraft:lantern":5,"minecraft:dirt":2148,"minecraft:lapis_lazuli":67,"minecraft:stripped_birch_log":14,"minecraft:name_tag":8,"minecraft:leather_boots":4,"minecraft:bone":149,"minecraft:acacia_planks":10,"minecraft:bow":34,"gobber2:gobber2_gooey_beef":18,"minecraft:wheat_seeds":66,"minecraft:raw_gold":1,"minecraft:waxed_weathered_cut_copper_slab":3,"minecraft:mossy_stone_bricks":24,"minecraft:oak_planks":47,"minecraft:stone_hoe":2,"minecraft:mossy_stone_brick_stairs":3,"gobber2:gobber2_gooey_bread":1,"minecraft:cooked_porkchop":3,"minecraft:music_disc_13":5,"minecraft:sand":13,"minecraft:stripped_spruce_log":7,"minecraft:nether_brick_stairs":2,"minecraft:spectral_arrow":2,"minecraft:mossy_cobblestone":14,"travelersbackpack:white_sleeping_bag":44,"minecraft:iron_hoe":3,"minecraft:diamond":4,"minecraft:slime_block":3,"minecraft:writable_book":1,"minecraft:crossbow":10,"minecraft:granite":8,"minecraft:bone_meal":35,"minecraft:golden_apple":10,"minecraft:chainmail_helmet":11,"minecraft:emerald":313,"minecraft:bread":1041,"minecraft:dark_oak_fence":8,"born_in_chaos_v1:rotten_fish":5,"minecraft:bricks":3,"gobber2:gobber2_goo":13,"minecraft:crafting_table":11,"minecraft:fishing_rod":1,"minecraft:charcoal":2,"minecraft:coarse_dirt":10,"evilcraft:dark_power_gem":1,"tconstruct:materials_and_you":1,"minecraft:wooden_pickaxe":3,"tconstruct:sword":24,"minecraft:diamond_horse_armor":8,"minecraft:shield":66,"minecraft:red_bed":7,"minecraft:iron_axe":21,"born_in_chaos_v1:intoxicating_decoction":3,"minecraft:iron_shovel":60,"graveyard:corruption":3,"minecraft:cracked_stone_bricks":5,"travelersbackpack:lapis":1,"minecraft:beef":7,"born_in_chaos_v1:gnawed_bones":3,"minecraft:player_head":5,"minecraft:iron_nugget":21,"minecraft:chest":4,"minecraft:birch_sapling":1,"minecraft:phantom_membrane":12,"minecraft:egg":1,"minecraft:raw_iron":78,"minecraft:sandstone":245,"minecraft:copper_ingot":3,"minecraft:white_dye":8,"minecraft:carrot":677,"minecraft:redstone":5,"minecraft:stone_pressure_plate":1,"minecraft:tnt":1,"minecraft:stone_shovel":1,"minecraft:arrow":1200,"minecraft:cooked_cod":51,"minecraft:beetroot_seeds":25,"born_in_chaos_v1:wood_splitter_axe":4,"minecraft:nether_bricks":39,"minecraft:shears":10,"architects_palette:withered_bone":6,"minecraft:totem_of_undying":4,"minecraft:saddle":1,"minecraft:gold_ingot":88,"minecraft:skeleton_skull":1,"minecraft:white_wool":103,"born_in_chaos_v1:fused_bone":3,"born_in_chaos_v1:corpse_maggot":10,"minecraft:salmon":5,"gobber2:gobber2_gooey_beefstew":2,"minecraft:chainmail_chestplate":36,"minecraft:oak_log":34,"minecraft:waxed_copper_block":1,"minecraft:gunpowder":58,"tconstruct:sky_slime_crystal_block":1,"minecraft:paper":2,"minecraft:smooth_sandstone":237,"chococraft:gysahl_green":78,"minecraft:apple":5,"minecraft:stone_bricks":335,"minecraft:kelp":8,"alexsmobs:cockroach_wing_fragment":3,"minecraft:spruce_wood":2,"minecraft:iron_ingot":404,"minecraft:stone_pickaxe":8,"minecraft:glass_bottle":4,"minecraft:iron_sword":101,"minecraft:dark_oak_stairs":2,"minecraft:book":27,"minecraft:dark_oak_slab":8,"minecraft:emerald_block":4,"minecraft:pumpkin":6,"minecraft:chiseled_stone_bricks":1,"born_in_chaos_v1:ethereal_spirit":1,"minecraft:gravel":46,"minecraft:amethyst_shard":4,"chococraft:gysahl_green_seeds":12,"minecraft:spruce_sapling":4,"minecraft:blast_furnace":5,"minecraft:spruce_log":52,"minecraft:spider_eye":3,"minecraft:oak_wood":27,"minecraft:slime_ball":1,"minecraft:light_gray_candle":18,"minecraft:campfire":7,"minecraft:stone_axe":66,"evilcraft:dark_gem":41,"minecraft:iron_helmet":74,"minecraft:diamond_axe":1,"minecraft:gray_wool":14,"minecraft:mossy_cobblestone_stairs":1,"minecraft:baked_potato":665,"minecraft:stripped_dark_oak_log":16,"minecraft:smooth_quartz_slab":1,"minecraft:coal":961,"minecraft:ender_pearl":3},"minecraft:killed_by":{"minecraft:wither_skeleton":18,"minecraft:creeper":5,"born_in_chaos_v1:glutton_fish":1,"born_in_chaos_v1:corpse_fly":1,"graveyard:acolyte":7,"sanitydim:rotting_stalker":2,"minecraft:vindicator":13,"sanitydim:sneaking_terror":2,"minecraft:silverfish":1,"minecraft:zombie":10,"minecraft:vex":14,"rottencreatures:undead_miner":2,"minecraft:player":4,"born_in_chaos_v1:restless_spirit":1,"minecraft:stray":8,"minecraft:spider":1,"minecraft:enderman":1,"minecraft:skeleton":37},"minecraft:killed":{"minecraft:cave_spider":3,"born_in_chaos_v1:restless_spirit":1,"born_in_chaos_v1:zombie_lumberjack":1,"minecraft:spider":2,"born_in_chaos_v1:siamese_skeletonsright":1,"minecraft:skeleton":19,"born_in_chaos_v1:skeleton_thrasher":1,"minecraft:silverfish":7,"minecraft:pig":4,"minecraft:zombie_villager":1,"born_in_chaos_v1:diamond_termite":1,"minecraft:salmon":2,"minecraft:creeper":3,"laendli_transport:crab":5,"minecraft:zombie":26,"born_in_chaos_v1:corpse_fly":4,"minecraft:stray":5,"born_in_chaos_v1:siamese_skeletonsleft":1,"graveyard:revenant":1,"alexsmobs:raccoon":2,"alexsmobs:sugar_glider":1,"born_in_chaos_v1:maggot":2,"alexsmobs:bison":2,"born_in_chaos_v1:corpse_fish":1,"born_in_chaos_v1:barrel_zombie":1,"laendli_transport:slabcrab":4,"born_in_chaos_v1:decrepit_skeleton":1,"minecraft:wither_skeleton":1},"minecraft:used":{"gobber2:gobber2_goo":2,"minecraft:iron_shovel":112,"travelersbackpack:lapis":1,"minecraft:chest":10,"gobber2:gobber2_gooey_bread":1,"minecraft:shield":185,"minecraft:iron_sword":783,"minecraft:iron_chestplate":2,"tconstruct:sword":120,"minecraft:carrot":34,"minecraft:snowball":5,"minecraft:lantern":1,"minecraft:stone_bricks":11,"minecraft:bow":50,"minecraft:cooked_cod":5,"minecraft:furnace":2,"minecraft:egg":1,"minecraft:potato":27,"minecraft:mossy_stone_bricks":4,"minecraft:stone_pickaxe":143,"minecraft:wooden_pickaxe":20,"minecraft:sandstone":20,"minecraft:white_wool":1,"minecraft:sand":8,"minecraft:chiseled_quartz_block":3,"gobber2:gobber2_gooey_beefstew":2,"minecraft:melon_slice":4,"minecraft:bread":35,"minecraft:gravel":12,"minecraft:pufferfish":2,"born_in_chaos_v1:rotten_fish":2,"minecraft:coarse_dirt":4,"minecraft:stone_sword":11,"minecraft:dried_kelp":4,"minecraft:spruce_planks":9,"minecraft:cooked_salmon":5,"minecraft:stone_hoe":2,"minecraft:torch":219,"minecraft:dirt":60,"minecraft:iron_hoe":33,"minecraft:iron_axe":41,"minecraft:iron_boots":1,"evilcraft:flesh_humanoid":4,"gobber2:gobber2_gooey_beef":2,"minecraft:cooked_beef":25,"minecraft:cobbled_deepslate":3,"minecraft:pumpkin":2,"minecraft:iron_leggings":3,"minecraft:wheat_seeds":16,"minecraft:water_bucket":1,"minecraft:baked_potato":37,"minecraft:crafting_table":4,"minecraft:campfire":3,"minecraft:cod":1,"minecraft:spruce_log":7,"minecraft:apple":1,"minecraft:iron_pickaxe":701,"travelersbackpack:white_sleeping_bag":8,"minecraft:stone_axe":266,"minecraft:cobblestone":95,"minecraft:porkchop":2,"minecraft:bucket":2,"born_in_chaos_v1:wood_splitter_axe":81},"minecraft:mined":{"minecraft:spruce_planks":5,"minecraft:farmland":1,"minecraft:granite":2,"minecraft:budding_amethyst":8,"minecraft:grass_block":26,"gobber2:gobber2_lucky_block":9,"minecraft:coal_block":4,"minecraft:spawner":17,"minecraft:smooth_stone":1,"minecraft:magma_block":2,"minecraft:mossy_cobblestone_stairs":1,"minecraft:iron_ore":4,"minecraft:pumpkin":2,"minecraft:deepslate_lapis_ore":4,"minecraft:nether_brick_stairs":1,"minecraft:dark_oak_stairs":2,"chococraft:gysahl_green":5,"minecraft:dirt_path":1,"minecraft:oak_stairs":2,"minecraft:iron_bars":30,"minecraft:light_gray_concrete":1,"minecraft:spruce_wood":2,"minecraft:iron_block":21,"minecraft:player_head":1,"minecraft:tripwire":1,"minecraft:quartz_block":2,"minecraft:red_bed":1,"minecraft:kelp_plant":1,"minecraft:chiseled_quartz_block":6,"minecraft:torch":40,"minecraft:calcite":1,"minecraft:chest":4,"minecraft:smooth_quartz_slab":1,"minecraft:cobblestone":12,"minecraft:oak_planks":4,"minecraft:sugar_cane":2,"minecraft:bricks":3,"minecraft:wall_torch":20,"minecraft:amethyst_block":73,"minecraft:skeleton_skull":1,"minecraft:light_gray_candle":1,"minecraft:light_gray_stained_glass":2,"minecraft:wheat":24,"minecraft:tnt":1,"minecraft:stone_brick_stairs":3,"minecraft:grass":60,"minecraft:oak_log":22,"minecraft:beetroots":8,"minecraft:dirt":17,"minecraft:sand":9,"minecraft:smooth_quartz":12,"minecraft:sandstone_wall":2,"minecraft:oak_leaves":5,"minecraft:deepslate":30,"minecraft:emerald_block":2,"minecraft:mossy_cobblestone":5,"minecraft:mangrove_roots":1,"minecraft:nether_bricks":6,"born_in_chaos_v1:black_argillite":1,"minecraft:redstone_wire":2,"travelersbackpack:white_sleeping_bag":6,"minecraft:spruce_leaves":12,"minecraft:sandstone":51,"born_in_chaos_v1:gnawed_bones":1,"minecraft:large_fern":6,"minecraft:black_stained_glass_pane":1,"minecraft:furnace":1,"minecraft:carrots":13,"minecraft:snow":1,"minecraft:andesite":2,"minecraft:stripped_spruce_log":3,"minecraft:mossy_stone_brick_stairs":1,"minecraft:potatoes":12,"minecraft:deepslate_iron_ore":11,"minecraft:vine":5,"minecraft:lantern":1,"minecraft:smooth_quartz_stairs":12,"minecraft:stone":371,"minecraft:white_wool":19,"minecraft:cake":1,"minecraft:redstone_block":2,"minecraft:glass_pane":1,"minecraft:smooth_sandstone":6,"minecraft:crafting_table":3,"minecraft:oak_wood":25,"minecraft:campfire":1,"minecraft:copper_ore":5,"minecraft:tall_grass":12,"minecraft:lapis_ore":2,"minecraft:spruce_stairs":1,"minecraft:coarse_dirt":3,"minecraft:spruce_log":27,"gobber2:gobber2_lucky_block_deepslate":1,"minecraft:coal_ore":54,"evilcraft:blood_stain":1,"minecraft:gravel":24,"minecraft:cobweb":5,"minecraft:cracked_stone_bricks":2,"minecraft:stone_bricks":15,"minecraft:mossy_stone_bricks":4,"minecraft:fern":1},"minecraft:dropped":{"minecraft:nether_brick_stairs":1,"minecraft:iron_sword":11,"minecraft:cooked_beef":2,"minecraft:baked_potato":1,"minecraft:crafting_table":1,"architects_palette:withered_bone":3,"minecraft:crossbow":1,"minecraft:mossy_stone_brick_stairs":1,"minecraft:cracked_stone_bricks":1,"evilcraft:dark_power_gem":1,"minecraft:emerald":17,"minecraft:flint":3,"minecraft:dirt":1,"minecraft:dark_oak_fence":4,"minecraft:snowball":17,"minecraft:iron_pickaxe":4,"minecraft:bone":6,"minecraft:stone_axe":7,"minecraft:rotten_flesh":8,"evilcraft:flesh_humanoid":22,"minecraft:carrot":3,"minecraft:chainmail_chestplate":1,"travelersbackpack:white_sleeping_bag":1,"minecraft:oak_wood":3,"minecraft:leather_boots":1,"minecraft:arrow":8,"minecraft:water_bucket":2,"minecraft:iron_ingot":10,"minecraft:bread":19,"minecraft:mossy_cobblestone":2,"minecraft:iron_helmet":2,"minecraft:cobblestone":2,"evilcraft:dark_gem":10,"minecraft:coal_block":1,"minecraft:coal":30,"minecraft:golden_apple":1,"evilcraft:blood_extractor":1,"minecraft:torch":63,"minecraft:iron_leggings":1,"minecraft:iron_axe":3,"minecraft:iron_shovel":1,"minecraft:string":2,"minecraft:lapis_block":1,"minecraft:coarse_dirt":1,"minecraft:raw_iron":1,"minecraft:iron_boots":1,"minecraft:slime_block":1,"minecraft:shield":1,"minecraft:spruce_planks":3,"minecraft:stone_bricks":21,"minecraft:spruce_log":3,"minecraft:bow":3,"minecraft:stone_pickaxe":1,"minecraft:wooden_pickaxe":1},"minecraft:custom":{"minecraft:interact_with_crafting_table":47,"minecraft:open_barrel":20,"minecraft:leave_game":10,"minecraft:time_since_death":16298,"minecraft:sprint_one_cm":753333,"minecraft:damage_blocked_by_shield":6520,"minecraft:drop":194,"minecraft:talked_to_villager":3,"minecraft:play_time":909404,"minecraft:deaths":226,"minecraft:jump":6333,"minecraft:walk_on_water_one_cm":101515,"minecraft:interact_with_furnace":86,"minecraft:interact_with_loom":2,"minecraft:sleep_in_bed":36,"minecraft:waystone_activated":1,"minecraft:damage_dealt":29915,"minecraft:player_kills":2,"minecraft:crouch_one_cm":5544,"minecraft:inspect_dispenser":5,"minecraft:mob_kills":125,"minecraft:damage_dealt_resisted":120,"minecraft:climb_one_cm":34984,"minecraft:walk_one_cm":2701047,"minecraft:sneak_time":7011,"minecraft:walk_under_water_one_cm":90573,"minecraft:interact_with_lectern":1,"minecraft:interact_with_blast_furnace":2,"minecraft:total_world_time":909404,"minecraft:tune_noteblock":5,"minecraft:time_since_rest":16327,"minecraft:damage_taken":71077,"minecraft:swim_one_cm":48941,"minecraft:fly_one_cm":454817,"minecraft:open_chest":728,"minecraft:fall_one_cm":150068},"minecraft:crafted":{"minecraft:oak_planks":104,"minecraft:bow":2,"minecraft:iron_boots":4,"minecraft:chest":6,"minecraft:crafting_table":3,"minecraft:spruce_planks":64,"minecraft:baked_potato":76,"minecraft:wooden_pickaxe":1,"minecraft:iron_helmet":3,"minecraft:campfire":4,"minecraft:iron_chestplate":1,"minecraft:shield":3,"minecraft:stick":188,"minecraft:iron_ingot":14,"minecraft:iron_pickaxe":6,"minecraft:stone_sword":1,"minecraft:coal":27,"travelersbackpack:white_sleeping_bag":4,"minecraft:spruce_wood":6,"minecraft:stone_pickaxe":6,"minecraft:dark_oak_planks":16,"minecraft:cooked_beef":7,"minecraft:cooked_cod":5,"minecraft:iron_sword":6,"minecraft:cooked_salmon":5,"minecraft:stone_axe":2,"minecraft:bread":12,"minecraft:air":0,"minecraft:iron_shovel":1,"minecraft:iron_leggings":2,"minecraft:acacia_planks":4,"minecraft:torch":224,"minecraft:lapis_block":1}},"DataVersion":3120}