{"stats":{"minecraft:killed":{"born_in_chaos_v1:door_knight_not_despawn":1,"minecraft:spider":9,"minecraft:skeleton":7,"minecraft:silverfish":7,"born_in_chaos_v1:firelight_not_despawn":4,"minecraft:wolf":1,"born_in_chaos_v1:diamond_termite":3,"laendli_transport:crab":12,"minecraft:zombie":20,"minecraft:stray":2,"born_in_chaos_v1:corpse_fly":5,"minecraft:cow":2,"graveyard:revenant":1,"minecraft:slime":3,"born_in_chaos_v1:zombie_bruiser":1,"born_in_chaos_v1:maggot":6,"born_in_chaos_v1:corpse_fish":4,"laendli_transport:slabcrab":9,"graveyard:ghoul":2,"minecraft:bat":1,"born_in_chaos_v1:decrepit_skeleton":5,"iceandfire:ghost":1},"minecraft:dropped":{"minecraft:iron_sword":11,"minecraft:baked_potato":122,"minecraft:mossy_stone_brick_stairs":1,"minecraft:dirt":1,"minecraft:chain":1,"minecraft:bone_meal":6,"minecraft:iron_pickaxe":4,"minecraft:gravel":39,"minecraft:cobbled_deepslate":6,"minecraft:rotten_flesh":13,"minecraft:gunpowder":3,"minecraft:quartz_block":4,"minecraft:stone_brick_stairs":10,"tconstruct:seared_glass":1,"minecraft:water_bucket":2,"minecraft:bread":1,"minecraft:iron_ingot":23,"minecraft:golden_helmet":2,"minecraft:deepslate_brick_stairs":10,"evilcraft:blood_extractor":2,"minecraft:iron_leggings":1,"minecraft:dried_kelp":10,"minecraft:iron_axe":1,"minecraft:iron_shovel":3,"minecraft:string":5,"minecraft:name_tag":1,"minecraft:shield":1,"minecraft:brown_bed":1,"minecraft:stone_bricks":2,"minecraft:bow":2,"minecraft:light_blue_terracotta":1,"minecraft:nautilus_shell":4},"minecraft:custom":{"minecraft:interact_with_crafting_table":17,"minecraft:open_barrel":20,"minecraft:bell_ring":10,"minecraft:leave_game":3,"minecraft:time_since_death":6548,"minecraft:damage_resisted":13,"minecraft:sprint_one_cm":906376,"minecraft:damage_blocked_by_shield":5215,"minecraft:drop":83,"minecraft:talked_to_villager":3,"minecraft:play_time":686058,"minecraft:deaths":135,"minecraft:jump":5612,"minecraft:walk_on_water_one_cm":247867,"minecraft:interact_with_furnace":39,"minecraft:interact_with_cartography_table":3,"minecraft:interact_with_loom":1,"minecraft:sleep_in_bed":22,"minecraft:damage_dealt":23425,"minecraft:player_kills":2,"minecraft:crouch_one_cm":4421,"minecraft:interact_with_smoker":21,"minecraft:interact_with_smithing_table":4,"minecraft:mob_kills":115,"minecraft:interact_with_anvil":1,"minecraft:damage_dealt_resisted":1050,"minecraft:climb_one_cm":14679,"minecraft:walk_one_cm":2002877,"minecraft:sneak_time":4571,"minecraft:walk_under_water_one_cm":398105,"minecraft:interact_with_blast_furnace":51,"minecraft:total_world_time":686058,"minecraft:interact_with_grindstone":1,"minecraft:interact_with_stonecutter":1,"minecraft:time_since_rest":6589,"minecraft:damage_taken":44309,"minecraft:trigger_trapped_chest":4,"minecraft:swim_one_cm":134323,"minecraft:fly_one_cm":468275,"minecraft:open_chest":515,"minecraft:fall_one_cm":125461},"minecraft:killed_by":{"born_in_chaos_v1:nightmare_stalker":1,"minecraft:creeper":8,"iceandfire:siren":1,"born_in_chaos_v1:zombie_bruiser":1,"tconstruct:sky_slime":1,"graveyard:skeleton_creeper":1,"iceandfire:sea_serpent":15,"minecraft:vindicator":1,"born_in_chaos_v1:diamond_termite":1,"iceandfire:ice_dragon":28,"minecraft:zombie":8,"alexsmobs:grizzly_bear":2,"graveyard:revenant":1,"minecraft:player":1,"born_in_chaos_v1:restless_spirit":2,"minecraft:wolf":1,"graveyard:ghoul":8,"born_in_chaos_v1:zombie_lumberjack":1,"minecraft:slime":1,"laendli_transport:slabcrab":18,"born_in_chaos_v1:decaying_zombie":1,"minecraft:skeleton":7,"born_in_chaos_v1:corpse_fish":2,"iceandfire:ghost":14,"born_in_chaos_v1:dread_hound":2,"iceandfire:troll":1},"minecraft:broken":{"minecraft:iron_shovel":1,"minecraft:shield":1,"minecraft:iron_pickaxe":1},"minecraft:mined":{"minecraft:spruce_planks":1,"iceandfire:graveyard_soil":5,"minecraft:brewing_stand":1,"minecraft:spruce_trapdoor":4,"minecraft:cave_vines_plant":1,"minecraft:grass_block":7,"minecraft:chiseled_stone_bricks":3,"minecraft:spawner":18,"minecraft:smooth_stone":1,"minecraft:tall_seagrass":1,"minecraft:iron_ore":83,"minecraft:cobbled_deepslate":36,"born_in_chaos_v1:black_argillite_brick_stairs":1,"minecraft:deepslate_lapis_ore":2,"minecraft:cave_vines":2,"minecraft:iron_bars":8,"minecraft:azalea":5,"minecraft:spruce_slab":2,"minecraft:deepslate_redstone_ore":15,"minecraft:brown_mushroom":1,"minecraft:quartz_block":9,"minecraft:red_bed":1,"minecraft:medium_amethyst_bud":1,"minecraft:clay":54,"minecraft:torch":6,"minecraft:blast_furnace":1,"minecraft:calcite":2,"minecraft:chest":7,"iceandfire:frozen_dirt":1,"born_in_chaos_v1:black_argillite_column_slab":2,"minecraft:cobblestone":5,"minecraft:oak_planks":1,"minecraft:wall_torch":11,"minecraft:amethyst_block":8,"minecraft:seagrass":1,"minecraft:white_terracotta":4,"minecraft:light_blue_terracotta":3,"minecraft:chain":3,"born_in_chaos_v1:fired_black_argillite":1,"minecraft:lilac":1,"minecraft:stone_brick_stairs":9,"minecraft:black_bed":1,"born_in_chaos_v1:black_argillite_brick":2,"minecraft:grass":28,"minecraft:sand":360,"minecraft:dirt":18,"born_in_chaos_v1:black_argillite_wall":1,"minecraft:oak_leaves":16,"minecraft:deepslate":271,"minecraft:tuff":14,"iceandfire:silver_ore":3,"minecraft:mossy_cobblestone":8,"minecraft:deepslate_diamond_ore":3,"born_in_chaos_v1:infected_diamond_ore":5,"minecraft:glow_lichen":1,"minecraft:cobbled_deepslate_slab":4,"minecraft:spruce_fence":1,"iceandfire:deepslate_silver_ore":1,"minecraft:spruce_leaves":25,"minecraft:moss_block":2,"minecraft:large_fern":4,"born_in_chaos_v1:black_argillite_column":1,"minecraft:deepslate_brick_slab":3,"minecraft:furnace":1,"minecraft:andesite":1,"minecraft:stripped_spruce_log":2,"evilcraft:dark_ore":2,"minecraft:gold_block":1,"minecraft:big_dripleaf_stem":3,"minecraft:mossy_stone_brick_stairs":3,"minecraft:deepslate_iron_ore":23,"minecraft:cobblestone_slab":2,"minecraft:vine":5,"minecraft:lantern":1,"minecraft:stone":56,"tconstruct:earth_congealed_slime":10,"minecraft:podzol":2,"minecraft:flowering_azalea":4,"minecraft:glass_pane":1,"minecraft:stone_brick_slab":1,"minecraft:rose_bush":1,"minecraft:stone_slab":2,"minecraft:tall_grass":15,"minecraft:copper_ore":11,"minecraft:lapis_ore":8,"minecraft:deepslate_gold_ore":7,"minecraft:big_dripleaf":1,"biomemakeover:mesmerite":4,"minecraft:spruce_stairs":2,"minecraft:coarse_dirt":6,"minecraft:sweet_berry_bush":6,"minecraft:gray_bed":1,"minecraft:spruce_log":143,"minecraft:coal_ore":89,"minecraft:gravel":47,"minecraft:cobweb":5,"minecraft:cracked_stone_bricks":5,"minecraft:stone_bricks":17,"minecraft:small_dripleaf":2,"minecraft:mossy_stone_bricks":3,"minecraft:gold_ore":7,"minecraft:infested_stone":1,"minecraft:fern":5},"minecraft:used":{"iceandfire:deepslate_silver_ore":1,"minecraft:iron_shovel":429,"minecraft:chest":7,"minecraft:shield":202,"minecraft:iron_sword":630,"minecraft:iron_chestplate":2,"minecraft:lantern":1,"minecraft:stone_bricks":3,"born_in_chaos_v1:fired_black_argillite":1,"minecraft:bow":1,"minecraft:sweet_berries":6,"minecraft:furnace":2,"minecraft:gray_bed":1,"minecraft:diorite":1,"minecraft:oak_planks":1,"minecraft:blast_furnace":5,"minecraft:black_bed":2,"minecraft:bread":28,"minecraft:gravel":1,"minecraft:diamond_sword":59,"minecraft:coarse_dirt":1,"minecraft:dried_kelp":1,"minecraft:torch":55,"minecraft:brewing_stand":1,"minecraft:dirt":74,"minecraft:granite":2,"minecraft:wooden_axe":1,"minecraft:bookshelf":18,"minecraft:iron_axe":151,"evilcraft:flesh_humanoid":1,"minecraft:beef":2,"minecraft:cooked_beef":2,"minecraft:cobbled_deepslate":205,"minecraft:iron_leggings":3,"minecraft:water_bucket":1,"minecraft:baked_potato":94,"minecraft:cracked_stone_bricks":1,"minecraft:crafting_table":1,"minecraft:spruce_log":19,"minecraft:smoker":1,"minecraft:oak_log":1,"minecraft:iron_pickaxe":846,"minecraft:spruce_trapdoor":3,"minecraft:chiseled_stone_bricks":1,"minecraft:cobblestone":15,"minecraft:cooked_porkchop":2,"minecraft:bucket":1,"minecraft:pumpkin_pie":2,"alexsmobs:animal_dictionary":2,"minecraft:smooth_stone":1},"minecraft:crafted":{"minecraft:oak_planks":8,"minecraft:cooked_mutton":2,"minecraft:iron_boots":4,"minecraft:chest":1,"minecraft:iron_door":3,"minecraft:cooked_porkchop":2,"minecraft:crafting_table":2,"minecraft:spruce_planks":176,"minecraft:iron_helmet":2,"minecraft:baked_potato":121,"minecraft:brown_bed":1,"minecraft:iron_chestplate":3,"minecraft:shield":6,"minecraft:stick":40,"minecraft:iron_ingot":89,"minecraft:iron_pickaxe":6,"minecraft:iron_axe":3,"minecraft:cooked_beef":5,"minecraft:iron_sword":3,"minecraft:air":0,"iceandfire:armor_silver_metal_helmet":2,"securitycraft:door_indestructible_iron_item":2,"minecraft:wooden_axe":1,"minecraft:iron_shovel":3,"minecraft:iron_leggings":2,"minecraft:torch":64},"minecraft:picked_up":{"minecraft:wooden_axe":1,"minecraft:iron_chestplate":58,"minecraft:chainmail_boots":11,"minecraft:flower_pot":1,"minecraft:stone_slab":2,"minecraft:diamond_sword":7,"minecraft:enchanted_book":2,"minecraft:potion":2,"minecraft:stone_brick_stairs":17,"born_in_chaos_v1:black_argillite_wall":7,"minecraft:brewing_stand":1,"minecraft:amethyst_block":64,"minecraft:string":45,"minecraft:raw_copper":79,"iceandfire:sea_serpent_scales_teal":6,"minecraft:iron_leggings":28,"minecraft:cobbled_deepslate":1485,"minecraft:gold_nugget":16,"minecraft:smooth_stone":2,"minecraft:spruce_planks":314,"minecraft:horn_coral_block":3,"minecraft:rose_bush":7,"minecraft:cobblestone_slab":2,"minecraft:azalea":14,"minecraft:iron_pickaxe":77,"evilcraft:blood_extractor":15,"minecraft:furnace":1,"minecraft:iron_boots":17,"minecraft:golden_helmet":2,"minecraft:stick":276,"born_in_chaos_v1:shattered_skull":4,"minecraft:big_dripleaf":37,"minecraft:torch":926,"minecraft:spruce_stairs":2,"iceandfire:silver_ore":3,"minecraft:dried_kelp":22,"minecraft:diorite":9,"born_in_chaos_v1:nightmare_claw":3,"minecraft:quartz_block":12,"minecraft:horn_coral_fan":21,"minecraft:rotten_flesh":163,"minecraft:tropical_fish":2,"alexsmobs:flying_fish_boots":17,"minecraft:white_terracotta":4,"minecraft:deepslate_brick_stairs":14,"minecraft:iron_bars":22,"minecraft:cod":14,"alexsmobs:flying_fish":1,"minecraft:cobblestone":495,"minecraft:nautilus_shell":7,"minecraft:leather_chestplate":7,"minecraft:cooked_beef":13,"minecraft:lilac":2,"minecraft:water_bucket":19,"minecraft:black_bed":3,"minecraft:smoker":1,"minecraft:potato":39,"minecraft:flint":22,"minecraft:tuff":14,"evilcraft:flesh_humanoid":77,"minecraft:map":3,"minecraft:lapis_lazuli":82,"minecraft:dirt":1232,"minecraft:lantern":1,"minecraft:name_tag":7,"minecraft:leather_boots":6,"minecraft:bone":140,"minecraft:bow":9,"minecraft:wheat_seeds":13,"minecraft:deepslate_brick_slab":6,"minecraft:raw_gold":114,"minecraft:cobbled_deepslate_slab":12,"minecraft:grindstone":1,"minecraft:mossy_stone_bricks":1,"minecraft:moss_block":9,"minecraft:oak_planks":3,"minecraft:mossy_stone_brick_stairs":3,"minecraft:cooked_porkchop":2,"biomemakeover:mesmerite":2,"minecraft:sand":328,"minecraft:stripped_spruce_log":4,"minecraft:ink_sac":7,"iceandfire:frozen_dirt":3,"minecraft:spectral_arrow":7,"alexsmobs:animal_dictionary":2,"minecraft:mossy_cobblestone":10,"minecraft:light_blue_terracotta":5,"born_in_chaos_v1:fire_dust":14,"minecraft:diamond":6,"waystones:waystone":1,"iceandfire:dragon_ice":11,"minecraft:granite":2,"minecraft:bone_meal":41,"minecraft:golden_apple":5,"minecraft:emerald":18,"minecraft:chainmail_helmet":8,"minecraft:bread":374,"minecraft:oak_sapling":13,"born_in_chaos_v1:rotten_fish":4,"iceandfire:silver_nugget":6,"born_in_chaos_v1:diamond_termite_shard":9,"minecraft:fishing_rod":1,"minecraft:crafting_table":1,"minecraft:coarse_dirt":13,"minecraft:ladder":3,"minecraft:clay_ball":296,"minecraft:leather_leggings":4,"minecraft:packed_ice":4,"minecraft:brown_mushroom":6,"tconstruct:materials_and_you":3,"minecraft:gold_block":1,"minecraft:chain":3,"born_in_chaos_v1:fired_black_argillite":1,"minecraft:shield":43,"iceandfire:sea_serpent_scales_blue":7,"born_in_chaos_v1:black_argillite_column":10,"minecraft:red_bed":5,"minecraft:moss_carpet":6,"minecraft:iron_axe":22,"tconstruct:seared_glass":1,"born_in_chaos_v1:intoxicating_decoction":1,"minecraft:iron_shovel":44,"born_in_chaos_v1:black_argillite_brick":10,"graveyard:corruption":5,"iceandfire:graveyard_soil":8,"minecraft:cracked_stone_bricks":2,"minecraft:beef":6,"minecraft:iron_nugget":22,"minecraft:poppy":1,"minecraft:spruce_slab":2,"minecraft:chest":7,"minecraft:birch_sapling":3,"minecraft:spruce_trapdoor":10,"minecraft:phantom_membrane":4,"minecraft:dark_oak_sapling":2,"iceandfire:dragonbone":21,"minecraft:raw_iron":732,"minecraft:sandstone":2,"minecraft:stone":2,"minecraft:spruce_fence":1,"minecraft:white_dye":17,"born_in_chaos_v1:pieceofdarkmetal":11,"minecraft:redstone":282,"minecraft:prismarine_crystals":2,"iceandfire:silver_ingot":12,"minecraft:arrow":107,"minecraft:pumpkin_pie":7,"minecraft:tube_coral_fan":20,"minecraft:deepslate_bricks":4,"iceandfire:deepslate_silver_ore":1,"minecraft:gold_ingot":32,"minecraft:glow_berries":2,"born_in_chaos_v1:corpse_maggot":42,"born_in_chaos_v1:black_argillite_column_slab":10,"iceandfire:sea_serpent_fang":5,"born_in_chaos_v1:monster_flesh":1,"minecraft:glow_ink_sac":14,"minecraft:leather":6,"minecraft:fern":1,"minecraft:oak_log":65,"minecraft:chainmail_chestplate":1,"iceandfire:ectoplasm":2,"minecraft:gunpowder":31,"minecraft:paper":12,"minecraft:apple":6,"minecraft:stone_bricks":25,"iceandfire:armor_silver_metal_helmet":8,"minecraft:stone_pickaxe":5,"minecraft:iron_ingot":74,"minecraft:cobweb":3,"minecraft:gray_bed":2,"minecraft:iron_sword":83,"minecraft:flowering_azalea":11,"minecraft:sweet_berries":12,"minecraft:chiseled_stone_bricks":5,"minecraft:stone_brick_slab":1,"born_in_chaos_v1:black_argillitepressureplate":1,"born_in_chaos_v1:ethereal_spirit":4,"minecraft:dandelion":2,"minecraft:gravel":40,"minecraft:spruce_sapling":13,"chococraft:gysahl_green_seeds":2,"minecraft:blast_furnace":1,"minecraft:spruce_log":191,"minecraft:spruce_door":2,"minecraft:spider_eye":5,"minecraft:pumpkin_seeds":14,"minecraft:slime_ball":46,"minecraft:stone_axe":7,"iceandfire:silver_sword":5,"minecraft:chainmail_leggings":6,"minecraft:iron_helmet":48,"evilcraft:dark_gem":104,"minecraft:baked_potato":1840,"minecraft:coal":183,"minecraft:ender_pearl":2}},"DataVersion":3120}