{"stats":{"minecraft:custom":{"minecraft:interact_with_crafting_table":33,"minecraft:open_barrel":19,"minecraft:leave_game":7,"minecraft:time_since_death":18241,"minecraft:sprint_one_cm":475289,"minecraft:damage_blocked_by_shield":1230,"minecraft:drop":148,"minecraft:talked_to_villager":3,"minecraft:play_time":606592,"minecraft:deaths":168,"minecraft:jump":4908,"minecraft:walk_on_water_one_cm":82122,"minecraft:interact_with_furnace":55,"minecraft:interact_with_loom":2,"minecraft:sleep_in_bed":22,"minecraft:waystone_activated":1,"minecraft:damage_dealt":17903,"minecraft:player_kills":2,"minecraft:crouch_one_cm":4815,"minecraft:inspect_dispenser":5,"minecraft:mob_kills":62,"minecraft:damage_dealt_resisted":20,"minecraft:climb_one_cm":21326,"minecraft:walk_one_cm":1686508,"minecraft:sneak_time":6010,"minecraft:walk_under_water_one_cm":52273,"minecraft:interact_with_lectern":1,"minecraft:interact_with_blast_furnace":2,"minecraft:total_world_time":606592,"minecraft:tune_noteblock":5,"minecraft:time_since_rest":2217,"minecraft:damage_taken":51319,"minecraft:swim_one_cm":37164,"minecraft:fly_one_cm":337100,"minecraft:open_chest":441,"minecraft:fall_one_cm":119783},"minecraft:killed_by":{"minecraft:creeper":2,"sanitydim:rotting_stalker":1,"minecraft:vindicator":13,"sanitydim:sneaking_terror":2,"minecraft:vex":14,"minecraft:player":4,"minecraft:skeleton":35},"minecraft:broken":{"minecraft:iron_shovel":1,"minecraft:iron_boots":1,"minecraft:stone_axe":1,"minecraft:iron_sword":1},"minecraft:picked_up":{"chococraft:loverly_gysahl_green":4,"minecraft:iron_chestplate":52,"minecraft:wheat":41,"minecraft:redstone_block":10,"minecraft:lead":1,"minecraft:oak_stairs":2,"minecraft:potion":11,"minecraft:enchanted_book":20,"minecraft:stone_brick_stairs":4,"born_in_chaos_v1:black_argillite":1,"minecraft:string":13,"minecraft:raw_copper":91,"alexsmobs:ancient_dart":1,"minecraft:iron_leggings":50,"minecraft:experience_bottle":88,"minecraft:beetroot":1,"minecraft:sea_pickle":1,"minecraft:smooth_stone":1,"minecraft:gold_nugget":6,"minecraft:cobbled_deepslate":63,"minecraft:bucket":17,"minecraft:spruce_planks":271,"minecraft:redstone_torch":1,"minecraft:smooth_quartz":52,"minecraft:iron_pickaxe":108,"minecraft:melon_slice":15,"minecraft:coal_block":27,"minecraft:smooth_quartz_stairs":10,"minecraft:iron_boots":40,"minecraft:furnace":1,"minecraft:tipped_arrow":5,"minecraft:stick":213,"minecraft:oak_fence":1,"minecraft:torch":1087,"minecraft:acacia_log":3,"minecraft:spruce_stairs":1,"minecraft:sandstone_wall":4,"minecraft:porkchop":11,"minecraft:dried_kelp":27,"gobber2:gobber2_foo":15,"minecraft:stone_sword":4,"minecraft:rotten_flesh":13,"minecraft:polished_basalt":38,"minecraft:iron_block":21,"minecraft:iron_bars":17,"minecraft:snowball":77,"minecraft:cobblestone":3387,"minecraft:birch_log":2,"minecraft:leather_chestplate":2,"minecraft:cooked_beef":37,"minecraft:water_bucket":8,"minecraft:andesite":2,"minecraft:chiseled_quartz_block":26,"minecraft:potato":4,"alexsmobs:bison_fur":5,"minecraft:flint":2,"evilcraft:flesh_humanoid":115,"minecraft:prismarine_bricks":1,"minecraft:lantern":1,"minecraft:dirt":2144,"minecraft:stripped_birch_log":14,"minecraft:lapis_lazuli":61,"minecraft:name_tag":4,"minecraft:bone":100,"minecraft:acacia_planks":10,"minecraft:bow":9,"gobber2:gobber2_gooey_beef":18,"minecraft:wheat_seeds":2,"minecraft:waxed_weathered_cut_copper_slab":3,"minecraft:stone_hoe":2,"minecraft:oak_planks":47,"gobber2:gobber2_gooey_bread":1,"minecraft:cooked_porkchop":3,"minecraft:music_disc_13":5,"minecraft:sand":13,"minecraft:stripped_spruce_log":7,"minecraft:spectral_arrow":2,"travelersbackpack:white_sleeping_bag":15,"minecraft:iron_hoe":1,"minecraft:slime_block":3,"minecraft:writable_book":1,"minecraft:crossbow":10,"minecraft:granite":8,"minecraft:bone_meal":35,"minecraft:golden_apple":8,"minecraft:bread":915,"minecraft:chainmail_helmet":11,"minecraft:emerald":309,"born_in_chaos_v1:rotten_fish":5,"minecraft:dark_oak_fence":8,"minecraft:bricks":3,"gobber2:gobber2_goo":13,"minecraft:crafting_table":11,"minecraft:charcoal":2,"minecraft:coarse_dirt":10,"tconstruct:materials_and_you":1,"minecraft:wooden_pickaxe":3,"tconstruct:sword":5,"minecraft:shield":30,"minecraft:red_bed":7,"minecraft:iron_axe":21,"born_in_chaos_v1:intoxicating_decoction":3,"minecraft:iron_shovel":35,"minecraft:beef":7,"born_in_chaos_v1:gnawed_bones":3,"minecraft:player_head":5,"minecraft:iron_nugget":21,"minecraft:chest":4,"minecraft:birch_sapling":1,"minecraft:phantom_membrane":12,"minecraft:egg":1,"minecraft:raw_iron":78,"minecraft:sandstone":245,"minecraft:carrot":226,"minecraft:redstone":5,"minecraft:tnt":1,"minecraft:arrow":585,"minecraft:beetroot_seeds":2,"born_in_chaos_v1:wood_splitter_axe":4,"minecraft:shears":10,"minecraft:totem_of_undying":4,"minecraft:saddle":1,"minecraft:gold_ingot":74,"minecraft:skeleton_skull":1,"minecraft:white_wool":72,"born_in_chaos_v1:fused_bone":2,"born_in_chaos_v1:corpse_maggot":4,"minecraft:salmon":3,"gobber2:gobber2_gooey_beefstew":2,"minecraft:waxed_copper_block":1,"minecraft:oak_log":29,"minecraft:chainmail_chestplate":4,"minecraft:gunpowder":55,"tconstruct:sky_slime_crystal_block":1,"minecraft:smooth_sandstone":237,"chococraft:gysahl_green":78,"minecraft:apple":5,"minecraft:stone_bricks":5,"alexsmobs:cockroach_wing_fragment":3,"minecraft:spruce_wood":2,"minecraft:iron_ingot":165,"minecraft:stone_pickaxe":8,"minecraft:glass_bottle":3,"minecraft:iron_sword":55,"minecraft:dark_oak_stairs":2,"minecraft:book":27,"minecraft:dark_oak_slab":8,"minecraft:pumpkin":6,"minecraft:gravel":28,"minecraft:spruce_sapling":4,"chococraft:gysahl_green_seeds":12,"minecraft:blast_furnace":5,"minecraft:spruce_log":26,"minecraft:oak_wood":3,"minecraft:light_gray_candle":18,"minecraft:campfire":5,"minecraft:stone_axe":42,"minecraft:iron_helmet":33,"evilcraft:dark_gem":1,"minecraft:gray_wool":14,"minecraft:baked_potato":536,"minecraft:stripped_dark_oak_log":16,"minecraft:coal":960,"minecraft:smooth_quartz_slab":1},"minecraft:killed":{"born_in_chaos_v1:zombie_lumberjack":1,"minecraft:skeleton":14,"minecraft:pig":4,"born_in_chaos_v1:diamond_termite":1,"minecraft:zombie_villager":1,"minecraft:salmon":2,"minecraft:creeper":2,"minecraft:zombie":3,"born_in_chaos_v1:corpse_fly":3,"alexsmobs:raccoon":2,"alexsmobs:sugar_glider":1,"alexsmobs:bison":2,"born_in_chaos_v1:corpse_fish":1,"born_in_chaos_v1:barrel_zombie":1,"born_in_chaos_v1:decrepit_skeleton":1},"minecraft:dropped":{"minecraft:iron_sword":8,"minecraft:cooked_beef":1,"minecraft:baked_potato":1,"minecraft:crafting_table":1,"minecraft:crossbow":1,"minecraft:flint":2,"minecraft:emerald":17,"minecraft:dirt":1,"minecraft:dark_oak_fence":4,"minecraft:snowball":17,"minecraft:iron_pickaxe":3,"minecraft:stone_axe":7,"evilcraft:flesh_humanoid":8,"minecraft:carrot":3,"travelersbackpack:white_sleeping_bag":1,"minecraft:oak_wood":3,"minecraft:iron_ingot":2,"minecraft:bread":2,"minecraft:cobblestone":2,"minecraft:coal":30,"minecraft:golden_apple":1,"minecraft:torch":30,"minecraft:iron_axe":3,"minecraft:string":2,"minecraft:lapis_block":1,"minecraft:coarse_dirt":1,"minecraft:raw_iron":1,"minecraft:slime_block":1,"minecraft:shield":1,"minecraft:spruce_planks":3,"minecraft:spruce_log":3,"minecraft:bow":2,"minecraft:stone_pickaxe":1,"minecraft:wooden_pickaxe":1},"minecraft:used":{"gobber2:gobber2_goo":2,"minecraft:iron_shovel":81,"gobber2:gobber2_gooey_bread":1,"minecraft:chest":8,"minecraft:shield":19,"minecraft:iron_sword":490,"minecraft:iron_chestplate":2,"tconstruct:sword":20,"minecraft:carrot":2,"minecraft:snowball":5,"minecraft:lantern":1,"minecraft:bow":13,"minecraft:furnace":2,"minecraft:egg":1,"minecraft:stone_pickaxe":143,"minecraft:wooden_pickaxe":20,"minecraft:sandstone":20,"minecraft:sand":8,"minecraft:chiseled_quartz_block":3,"gobber2:gobber2_gooey_beefstew":1,"minecraft:melon_slice":4,"minecraft:bread":23,"minecraft:gravel":11,"minecraft:coarse_dirt":4,"minecraft:stone_sword":11,"minecraft:dried_kelp":4,"minecraft:spruce_planks":5,"minecraft:stone_hoe":2,"minecraft:torch":96,"minecraft:dirt":56,"minecraft:iron_axe":41,"evilcraft:flesh_humanoid":4,"gobber2:gobber2_gooey_beef":2,"minecraft:cooked_beef":5,"minecraft:cobbled_deepslate":3,"minecraft:pumpkin":2,"minecraft:iron_leggings":2,"minecraft:baked_potato":30,"minecraft:crafting_table":3,"minecraft:campfire":3,"minecraft:apple":1,"minecraft:iron_pickaxe":522,"travelersbackpack:white_sleeping_bag":7,"minecraft:stone_axe":206,"minecraft:cobblestone":95,"minecraft:porkchop":2,"born_in_chaos_v1:wood_splitter_axe":81},"minecraft:crafted":{"minecraft:oak_planks":8,"minecraft:bow":1,"minecraft:iron_boots":2,"minecraft:chest":4,"minecraft:crafting_table":2,"minecraft:spruce_planks":64,"minecraft:wooden_pickaxe":1,"minecraft:baked_potato":55,"minecraft:iron_helmet":2,"minecraft:campfire":3,"minecraft:stick":120,"minecraft:iron_pickaxe":6,"minecraft:iron_ingot":13,"minecraft:stone_sword":1,"travelersbackpack:white_sleeping_bag":3,"minecraft:spruce_wood":6,"minecraft:stone_pickaxe":6,"minecraft:dark_oak_planks":16,"minecraft:cooked_beef":7,"minecraft:iron_sword":6,"minecraft:stone_axe":2,"minecraft:bread":4,"minecraft:air":0,"minecraft:iron_shovel":1,"minecraft:acacia_planks":4,"minecraft:torch":92,"minecraft:lapis_block":1},"minecraft:mined":{"minecraft:spruce_planks":3,"minecraft:granite":2,"minecraft:grass_block":25,"gobber2:gobber2_lucky_block":9,"minecraft:coal_block":3,"minecraft:spawner":8,"minecraft:smooth_stone":1,"minecraft:iron_ore":4,"minecraft:pumpkin":2,"minecraft:deepslate_lapis_ore":4,"minecraft:dark_oak_stairs":2,"chococraft:gysahl_green":5,"minecraft:oak_stairs":2,"minecraft:iron_bars":4,"minecraft:light_gray_concrete":1,"minecraft:spruce_wood":2,"minecraft:iron_block":21,"minecraft:player_head":1,"minecraft:tripwire":1,"minecraft:red_bed":1,"minecraft:chiseled_quartz_block":6,"minecraft:torch":7,"minecraft:chest":4,"minecraft:smooth_quartz_slab":1,"minecraft:cobblestone":12,"minecraft:bricks":3,"minecraft:sugar_cane":2,"minecraft:oak_planks":4,"minecraft:wall_torch":16,"minecraft:skeleton_skull":1,"minecraft:light_gray_candle":1,"minecraft:light_gray_stained_glass":2,"minecraft:tnt":1,"minecraft:stone_brick_stairs":1,"minecraft:grass":48,"minecraft:oak_log":17,"minecraft:sand":9,"minecraft:dirt":16,"minecraft:smooth_quartz":12,"minecraft:sandstone_wall":2,"minecraft:oak_leaves":4,"minecraft:deepslate":29,"born_in_chaos_v1:black_argillite":1,"minecraft:redstone_wire":2,"travelersbackpack:white_sleeping_bag":5,"minecraft:spruce_leaves":12,"born_in_chaos_v1:gnawed_bones":1,"minecraft:sandstone":51,"minecraft:large_fern":6,"minecraft:black_stained_glass_pane":1,"minecraft:furnace":1,"minecraft:snow":1,"minecraft:andesite":2,"minecraft:stripped_spruce_log":3,"minecraft:deepslate_iron_ore":11,"minecraft:lantern":1,"minecraft:smooth_quartz_stairs":12,"minecraft:stone":371,"minecraft:cake":1,"minecraft:redstone_block":2,"minecraft:glass_pane":1,"minecraft:crafting_table":3,"minecraft:smooth_sandstone":6,"minecraft:oak_wood":1,"minecraft:campfire":1,"minecraft:tall_grass":5,"minecraft:copper_ore":5,"minecraft:lapis_ore":2,"minecraft:spruce_stairs":1,"minecraft:coarse_dirt":3,"minecraft:spruce_log":21,"gobber2:gobber2_lucky_block_deepslate":1,"minecraft:coal_ore":54,"minecraft:gravel":24,"minecraft:cobweb":2,"minecraft:stone_bricks":3,"minecraft:fern":1}},"DataVersion":3120}