{"stats":{"minecraft:killed_by":{"minecraft:piglin_brute":7,"minecraft:wither_skeleton":1,"born_in_chaos_v1:nightmare_stalker":1,"minecraft:creeper":10,"iceandfire:siren":1,"born_in_chaos_v1:zombie_bruiser":1,"tconstruct:sky_slime":1,"graveyard:skeleton_creeper":1,"iceandfire:sea_serpent":15,"minecraft:vindicator":1,"born_in_chaos_v1:diamond_termite":1,"iceandfire:ice_dragon":28,"minecraft:zombie":19,"alexsmobs:grizzly_bear":2,"graveyard:revenant":1,"minecraft:player":3,"minecraft:wolf":1,"born_in_chaos_v1:restless_spirit":2,"minecraft:stray":7,"graveyard:ghoul":8,"minecraft:spider":1,"born_in_chaos_v1:zombie_lumberjack":1,"minecraft:enderman":3,"minecraft:slime":1,"laendli_transport:slabcrab":18,"born_in_chaos_v1:decaying_zombie":1,"minecraft:skeleton":11,"born_in_chaos_v1:corpse_fish":2,"iceandfire:ghost":15,"cave_dweller:cave_dweller":1,"born_in_chaos_v1:dread_hound":2,"iceandfire:troll":1},"minecraft:custom":{"minecraft:animals_bred":11,"minecraft:interact_with_crafting_table":20,"minecraft:open_barrel":80,"minecraft:bell_ring":10,"minecraft:leave_game":4,"minecraft:time_since_death":5098,"minecraft:damage_resisted":1701,"minecraft:sprint_one_cm":1761689,"minecraft:damage_blocked_by_shield":13196,"minecraft:drop":256,"minecraft:talked_to_villager":8,"minecraft:play_time":1664469,"minecraft:deaths":179,"minecraft:jump":11105,"minecraft:walk_on_water_one_cm":435018,"minecraft:interact_with_furnace":56,"minecraft:interact_with_cartography_table":3,"minecraft:interact_with_loom":1,"minecraft:sleep_in_bed":31,"minecraft:damage_dealt":64817,"minecraft:player_kills":2,"minecraft:crouch_one_cm":9940,"minecraft:interact_with_smoker":32,"minecraft:interact_with_smithing_table":8,"minecraft:interact_with_anvil":13,"minecraft:mob_kills":354,"minecraft:damage_dealt_resisted":6088,"minecraft:climb_one_cm":121647,"minecraft:walk_one_cm":4674634,"minecraft:sneak_time":11242,"minecraft:walk_under_water_one_cm":466733,"minecraft:boat_one_cm":3878,"minecraft:interact_with_blast_furnace":67,"minecraft:total_world_time":1664469,"minecraft:interact_with_stonecutter":1,"minecraft:interact_with_grindstone":5,"minecraft:time_since_rest":5139,"minecraft:damage_taken":64967,"minecraft:trigger_trapped_chest":5,"minecraft:swim_one_cm":151064,"minecraft:fly_one_cm":690138,"minecraft:open_chest":1235,"minecraft:fall_one_cm":220363},"minecraft:used":{"iceandfire:deepslate_silver_ore":1,"minecraft:iron_shovel":431,"minecraft:chest":9,"minecraft:white_terracotta":2,"minecraft:shield":354,"minecraft:iron_sword":1046,"minecraft:creeper_head":2,"minecraft:iron_chestplate":3,"minecraft:soul_sand":32,"tconstruct:sledge_hammer":6,"minecraft:carrot":65,"minecraft:spruce_boat":4,"minecraft:lantern":1,"minecraft:quartz_block":1,"minecraft:stone_bricks":9,"born_in_chaos_v1:fired_black_argillite":1,"minecraft:bow":84,"minecraft:sweet_berries":9,"minecraft:furnace":2,"minecraft:gray_bed":1,"minecraft:diamond_boots":1,"minecraft:potato":1,"player_companions:welsh_corgi_default":13,"minecraft:deepslate_brick_wall":2,"minecraft:mossy_stone_bricks":63,"minecraft:diorite":1,"minecraft:leather_leggings":1,"minecraft:wither_skeleton_skull":2,"minecraft:oak_planks":1,"minecraft:dark_oak_sign":7,"travelersbackpack:melon":1,"minecraft:cookie":5,"minecraft:blast_furnace":5,"minecraft:black_bed":3,"minecraft:bread":51,"minecraft:gravel":1,"minecraft:nether_wart_block":1,"minecraft:diamond_sword":65,"minecraft:coarse_dirt":1,"evilcraft:sanguinary_pedestal_0":1,"minecraft:dried_kelp":1,"minecraft:netherrack":12,"minecraft:torch":177,"minecraft:brewing_stand":1,"minecraft:dirt":87,"minecraft:granite":8,"minecraft:wooden_axe":1,"minecraft:bookshelf":18,"minecraft:iron_axe":243,"minecraft:iron_boots":1,"evilcraft:flesh_humanoid":1,"minecraft:beef":2,"minecraft:deepslate_tile_stairs":18,"minecraft:cooked_beef":2,"minecraft:cobbled_deepslate":648,"minecraft:iron_leggings":3,"minecraft:water_bucket":5,"minecraft:lead":4,"minecraft:baked_potato":232,"minecraft:cracked_stone_bricks":1,"minecraft:crafting_table":1,"minecraft:spruce_log":19,"minecraft:smoker":1,"minecraft:oak_log":1,"minecraft:apple":3,"minecraft:diamond_pickaxe":11,"minecraft:diamond_shovel":309,"minecraft:iron_pickaxe":1978,"minecraft:spruce_trapdoor":15,"minecraft:chiseled_stone_bricks":1,"minecraft:cobblestone":22,"evilcraft:dark_tank":1,"travelersbackpack:standard":1,"minecraft:cooked_porkchop":2,"minecraft:bucket":6,"tconstruct:cleaver":350,"minecraft:pumpkin_pie":2,"alexsmobs:animal_dictionary":2,"tconstruct:clear_item_frame":35,"minecraft:kelp":28,"minecraft:smooth_stone":1},"minecraft:broken":{"minecraft:iron_shovel":1,"minecraft:iron_leggings":1,"minecraft:chainmail_boots":1,"minecraft:shield":2,"minecraft:iron_pickaxe":5,"minecraft:iron_helmet":2},"minecraft:mined":{"minecraft:spruce_planks":3,"iceandfire:graveyard_soil":5,"minecraft:brewing_stand":1,"minecraft:spruce_trapdoor":12,"minecraft:obsidian":9,"minecraft:cave_vines_plant":1,"minecraft:granite":121,"minecraft:grass_block":33,"minecraft:soul_soil":10,"minecraft:coal_block":6,"minecraft:deepslate_tile_stairs":8,"minecraft:chiseled_stone_bricks":19,"minecraft:spawner":45,"minecraft:polished_blackstone_bricks":1,"minecraft:smooth_stone":1,"minecraft:tall_seagrass":13,"minecraft:mossy_cobblestone_stairs":16,"minecraft:iron_ore":94,"minecraft:fire":28,"minecraft:cobbled_deepslate":203,"born_in_chaos_v1:black_argillite_brick_stairs":1,"tconstruct:cobalt_ore":4,"minecraft:deepslate_lapis_ore":4,"chococraft:gysahl_green":1,"minecraft:cave_vines":2,"minecraft:iron_bars":16,"minecraft:smooth_sandstone_stairs":1,"minecraft:azalea":5,"minecraft:spruce_slab":2,"minecraft:deepslate_redstone_ore":44,"minecraft:blackstone":6,"minecraft:brown_mushroom":1,"minecraft:quartz_block":19,"minecraft:red_bed":1,"minecraft:soul_fire":9,"minecraft:kelp_plant":6,"minecraft:medium_amethyst_bud":1,"minecraft:clay":69,"minecraft:torch":22,"minecraft:blast_furnace":1,"minecraft:calcite":2,"gobber2:gobber2_lucky_block_nether":9,"minecraft:chest":10,"iceandfire:sapphire_ore":1,"minecraft:creeper_wall_head":1,"iceandfire:frozen_dirt":1,"born_in_chaos_v1:black_argillite_column_slab":2,"minecraft:nether_quartz_ore":36,"minecraft:cobblestone":10,"minecraft:oak_planks":2,"minecraft:sugar_cane":2,"minecraft:wall_torch":40,"minecraft:amethyst_block":8,"minecraft:seagrass":11,"minecraft:white_terracotta":7,"minecraft:light_blue_terracotta":3,"minecraft:chain":3,"minecraft:nether_wart_block":2,"born_in_chaos_v1:fired_black_argillite":1,"minecraft:lilac":4,"born_in_chaos_v1:black_argillite_brick":2,"minecraft:black_bed":2,"minecraft:stone_brick_stairs":17,"minecraft:grass":31,"minecraft:oak_log":1,"minecraft:sand":661,"minecraft:dirt":35,"born_in_chaos_v1:black_argillite_wall":1,"minecraft:netherrack":442,"minecraft:oak_leaves":17,"minecraft:deepslate":1623,"evilcraft:hardened_blood":1,"minecraft:nether_gold_ore":7,"minecraft:infested_deepslate":1,"minecraft:tuff":20,"iceandfire:silver_ore":5,"minecraft:mossy_cobblestone":137,"minecraft:deepslate_diamond_ore":3,"born_in_chaos_v1:infected_diamond_ore":5,"minecraft:glow_lichen":1,"minecraft:nether_bricks":20,"minecraft:cobbled_deepslate_slab":4,"minecraft:allium":1,"minecraft:spruce_fence":1,"minecraft:crimson_roots":1,"iceandfire:deepslate_silver_ore":1,"minecraft:spruce_leaves":25,"minecraft:moss_block":4,"minecraft:kelp":13,"minecraft:large_fern":4,"born_in_chaos_v1:black_argillite_column":1,"minecraft:deepslate_brick_slab":3,"minecraft:furnace":1,"minecraft:carrots":23,"minecraft:acacia_wood":4,"minecraft:andesite":93,"minecraft:stripped_spruce_log":2,"evilcraft:dark_ore":3,"minecraft:gold_block":1,"minecraft:big_dripleaf_stem":3,"minecraft:mossy_stone_brick_stairs":27,"minecraft:cobblestone_slab":2,"minecraft:deepslate_iron_ore":30,"minecraft:vine":121,"minecraft:lantern":1,"tconstruct:budding_ichor_slime_crystal":1,"minecraft:stripped_oak_log":3,"minecraft:stone":463,"tconstruct:earth_congealed_slime":10,"tconstruct:ichor_slime_crystal_block":1,"minecraft:podzol":2,"minecraft:flowering_azalea":5,"minecraft:glass_pane":1,"minecraft:soul_sand":5,"minecraft:basalt":15,"minecraft:stone_brick_slab":1,"minecraft:oak_fence":1,"minecraft:smooth_sandstone":1,"minecraft:rose_bush":1,"minecraft:stone_slab":2,"minecraft:copper_ore":11,"minecraft:tall_grass":17,"minecraft:lapis_ore":14,"minecraft:deepslate_gold_ore":13,"minecraft:diorite":32,"minecraft:big_dripleaf":1,"biomemakeover:mesmerite":4,"minecraft:spruce_stairs":2,"minecraft:coarse_dirt":6,"minecraft:sweet_berry_bush":8,"minecraft:spruce_log":143,"minecraft:gray_bed":1,"minecraft:birch_leaves":3,"minecraft:coal_ore":92,"minecraft:dark_oak_sign":1,"minecraft:gravel":101,"minecraft:cobweb":14,"minecraft:cracked_stone_bricks":33,"minecraft:stone_bricks":42,"minecraft:small_dripleaf":2,"minecraft:mossy_stone_bricks":131,"minecraft:gold_ore":7,"minecraft:infested_stone":4,"minecraft:fern":5},"minecraft:killed":{"minecraft:cave_spider":1,"rottencreatures:burned":2,"born_in_chaos_v1:skeleton_demoman":4,"born_in_chaos_v1:zombie_lumberjack":1,"born_in_chaos_v1:restless_spirit":5,"born_in_chaos_v1:door_knight_not_despawn":1,"minecraft:spider":19,"born_in_chaos_v1:siamese_skeletonsright":1,"born_in_chaos_v1:baby_skeleton_minion":9,"minecraft:skeleton":18,"born_in_chaos_v1:skeleton_thrasher":1,"minecraft:silverfish":11,"born_in_chaos_v1:firelight_not_despawn":4,"minecraft:piglin":1,"minecraft:wolf":1,"born_in_chaos_v1:bonescaller":2,"born_in_chaos_v1:diamond_termite":3,"minecraft:creeper":3,"laendli_transport:crab":40,"minecraft:zombie":41,"minecraft:ghast":1,"born_in_chaos_v1:dread_hound":1,"born_in_chaos_v1:corpse_fly":6,"minecraft:stray":15,"cave_dweller:cave_dweller":1,"born_in_chaos_v1:door_knight":1,"minecraft:cow":2,"graveyard:revenant":3,"minecraft:slime":3,"born_in_chaos_v1:zombie_bruiser":1,"born_in_chaos_v1:maggot":12,"born_in_chaos_v1:corpse_fish":6,"rottencreatures:undead_miner":2,"laendli_transport:slabcrab":21,"graveyard:ghoul":2,"born_in_chaos_v1:baby_skeleton":6,"minecraft:bat":1,"born_in_chaos_v1:decrepit_skeleton":19,"iceandfire:ghost":1,"minecraft:wither_skeleton":48,"minecraft:enderman":9},"minecraft:dropped":{"minecraft:iron_sword":11,"evilcraft:broom_part":3,"minecraft:baked_potato":124,"architects_palette:withered_bone":166,"minecraft:mangrove_planks":16,"minecraft:mossy_stone_brick_stairs":1,"minecraft:cracked_stone_bricks":1,"born_in_chaos_v1:pieceofdarkmetal":4,"minecraft:deepslate_tile_stairs":1,"minecraft:dirt":1,"gobber2:gobber2_gooey_bread_nether":1,"minecraft:gilded_blackstone":9,"minecraft:chain":1,"minecraft:bone_meal":20,"minecraft:iron_pickaxe":6,"minecraft:fishing_rod":1,"minecraft:cauldron":1,"minecraft:bone":96,"minecraft:gravel":39,"minecraft:golden_chestplate":1,"minecraft:cobbled_deepslate":9,"minecraft:obsidian":8,"tconstruct:sky_slime_sapling":1,"minecraft:rotten_flesh":21,"minecraft:diamond_shovel":1,"tconstruct:cleaver":7,"evilcraft:flesh_humanoid":9,"minecraft:gunpowder":7,"minecraft:quartz_block":4,"born_in_chaos_v1:corpse_maggot":4,"minecraft:chainmail_boots":2,"minecraft:white_dye":7,"minecraft:iron_bars":2,"minecraft:arrow":11,"minecraft:glass":51,"minecraft:stone_brick_stairs":10,"minecraft:netherrack":368,"tconstruct:seared_glass":1,"minecraft:water_bucket":2,"minecraft:iron_ingot":23,"minecraft:bread":2,"minecraft:golden_helmet":2,"minecraft:mossy_cobblestone":4,"minecraft:cobblestone":36,"minecraft:granite":6,"minecraft:chainmail_helmet":2,"evilcraft:vengeance_pickaxe":1,"minecraft:deepslate_brick_stairs":10,"evilcraft:blood_extractor":3,"tconstruct:necrotic_bone":3,"minecraft:torch":37,"tconstruct:sky_slime_grass_seeds":4,"born_in_chaos_v1:fused_bone":4,"minecraft:iron_leggings":4,"minecraft:dried_kelp":12,"minecraft:iron_axe":2,"minecraft:iron_shovel":3,"minecraft:string":17,"minecraft:anvil":1,"minecraft:kelp":32,"minecraft:sweet_berries":4,"minecraft:soul_soil":8,"minecraft:dark_oak_sign":2,"iceandfire:witherbone":97,"minecraft:clay_ball":12,"minecraft:iron_boots":2,"minecraft:name_tag":1,"minecraft:potato":2,"minecraft:shield":11,"minecraft:diamond_chestplate":3,"minecraft:spruce_planks":8,"minecraft:diamond_pickaxe":1,"minecraft:mossy_stone_bricks":3,"minecraft:golden_leggings":2,"minecraft:brown_bed":1,"minecraft:stone_bricks":3,"minecraft:bow":3,"minecraft:light_blue_terracotta":1,"minecraft:nautilus_shell":12},"minecraft:picked_up":{"minecraft:wooden_axe":1,"minecraft:iron_chestplate":96,"minecraft:wheat":158,"minecraft:chainmail_boots":40,"minecraft:creeper_head":3,"minecraft:flower_pot":1,"minecraft:lead":34,"minecraft:stone_slab":2,"minecraft:diamond_sword":9,"minecraft:gilded_blackstone":9,"minecraft:soul_soil":15,"minecraft:potion":8,"minecraft:enchanted_book":8,"minecraft:golden_shovel":5,"minecraft:golden_sword":2,"minecraft:stone_brick_stairs":23,"born_in_chaos_v1:black_argillite_wall":7,"minecraft:brewing_stand":1,"minecraft:amethyst_block":64,"minecraft:music_disc_cat":1,"minecraft:string":85,"minecraft:raw_copper":80,"iceandfire:sea_serpent_scales_teal":6,"minecraft:iron_leggings":65,"gobber2:gobber2_glass_nether":21,"minecraft:pufferfish":2,"minecraft:diamond_leggings":4,"minecraft:smooth_stone":2,"minecraft:gold_nugget":66,"minecraft:cobbled_deepslate":3738,"minecraft:bucket":4,"minecraft:horn_coral_block":3,"minecraft:spruce_planks":320,"minecraft:rose_bush":7,"minecraft:cobblestone_slab":2,"minecraft:azalea":14,"minecraft:iron_pickaxe":133,"alexsmobs:raccoon_tail":2,"minecraft:enchanted_golden_apple":6,"minecraft:coal_block":20,"evilcraft:blood_extractor":37,"minecraft:iron_boots":49,"minecraft:furnace":1,"minecraft:tipped_arrow":8,"minecraft:golden_helmet":5,"minecraft:stick":277,"born_in_chaos_v1:shattered_skull":17,"minecraft:big_dripleaf":37,"minecraft:oak_fence":1,"minecraft:torch":1468,"minecraft:spruce_stairs":2,"iceandfire:silver_ore":5,"minecraft:dried_kelp":35,"minecraft:diorite":41,"born_in_chaos_v1:nightmare_claw":3,"minecraft:deepslate_tile_stairs":9,"minecraft:golden_chestplate":10,"minecraft:quartz_block":17,"evilcraft:box_of_eternal_closure":3,"minecraft:horn_coral_fan":21,"minecraft:rotten_flesh":262,"minecraft:tropical_fish":3,"alexsmobs:flying_fish_boots":17,"minecraft:white_terracotta":7,"minecraft:magma_block":1,"minecraft:blaze_powder":5,"minecraft:deepslate_brick_stairs":14,"minecraft:obsidian":16,"minecraft:iron_bars":34,"minecraft:cod":30,"alexsmobs:flying_fish":1,"minecraft:cobblestone":938,"minecraft:nautilus_shell":17,"evilcraft:vengeance_pickaxe":2,"iceandfire:sapphire_gem":1,"minecraft:feather":19,"minecraft:leather_chestplate":20,"minecraft:lilac":5,"minecraft:cooked_beef":13,"minecraft:water_bucket":24,"minecraft:andesite":92,"minecraft:black_bed":4,"minecraft:golden_leggings":7,"born_in_chaos_v1:mint_ice_cream":3,"minecraft:smoker":1,"minecraft:potato":41,"minecraft:flint":27,"biomemakeover:moth_scales":6,"minecraft:tuff":20,"minecraft:smooth_sandstone_stairs":1,"evilcraft:flesh_humanoid":133,"gobber2:gobber2_gooey_bread_nether":3,"minecraft:wither_skeleton_skull":2,"minecraft:map":3,"minecraft:lapis_lazuli":154,"minecraft:dirt":1333,"minecraft:lantern":1,"minecraft:name_tag":17,"minecraft:leather_boots":15,"minecraft:bone":297,"minecraft:bow":42,"minecraft:wheat_seeds":18,"minecraft:deepslate_brick_slab":6,"minecraft:raw_gold":123,"minecraft:cobbled_deepslate_slab":12,"minecraft:grindstone":1,"minecraft:dark_oak_sign":10,"minecraft:diamond_helmet":8,"minecraft:mossy_stone_bricks":130,"minecraft:moss_block":11,"tconstruct:sky_slime_sapling":3,"born_in_chaos_v1:mint_candy":2,"minecraft:oak_planks":5,"minecraft:mossy_stone_brick_stairs":26,"minecraft:ghast_tear":6,"evilcraft:broom_part":3,"tconstruct:necrotic_bone":5,"gobber2:gobber2_rod_nether":6,"minecraft:cooked_porkchop":2,"biomemakeover:mesmerite":2,"player_companions:welsh_corgi_default":1,"minecraft:sand":617,"minecraft:dark_oak_log":4,"tconstruct:clear_item_frame":6,"minecraft:stripped_spruce_log":4,"minecraft:ink_sac":7,"alexsmobs:animal_dictionary":2,"minecraft:spectral_arrow":8,"iceandfire:frozen_dirt":3,"minecraft:mossy_cobblestone":141,"minecraft:iron_hoe":2,"born_in_chaos_v1:fire_dust":14,"minecraft:light_blue_terracotta":5,"minecraft:diamond":15,"minecraft:spruce_boat":6,"waystones:waystone":1,"aquamirae:cooked_spinefish":1,"iceandfire:dragon_ice":11,"minecraft:granite":125,"minecraft:bone_meal":62,"minecraft:golden_apple":15,"minecraft:chainmail_helmet":16,"minecraft:emerald":18,"minecraft:bread":435,"minecraft:oak_sapling":13,"born_in_chaos_v1:rotten_fish":6,"rottencreatures:magma_rotten_flesh":6,"minecraft:netherrack":755,"iceandfire:silver_nugget":6,"minecraft:diamond_pickaxe":7,"minecraft:coarse_dirt":13,"minecraft:fishing_rod":3,"minecraft:crafting_table":1,"born_in_chaos_v1:diamond_termite_shard":9,"minecraft:allium":1,"iceandfire:witherbone":138,"minecraft:ladder":3,"minecraft:clay_ball":360,"born_in_chaos_v1:seedof_chaos":2,"minecraft:leather_leggings":19,"minecraft:brown_mushroom":6,"minecraft:packed_ice":4,"tconstruct:materials_and_you":3,"minecraft:gold_block":1,"minecraft:diamond_horse_armor":7,"minecraft:chain":11,"born_in_chaos_v1:fired_black_argillite":1,"minecraft:shield":111,"iceandfire:sea_serpent_scales_blue":7,"born_in_chaos_v1:black_argillite_column":10,"minecraft:red_bed":5,"minecraft:moss_carpet":6,"minecraft:iron_axe":49,"minecraft:blackstone":8,"born_in_chaos_v1:intoxicating_decoction":1,"tconstruct:seared_glass":1,"minecraft:iron_shovel":55,"born_in_chaos_v1:black_argillite_brick":10,"tconstruct:cleaver":20,"graveyard:corruption":6,"iceandfire:graveyard_soil":8,"minecraft:cracked_stone_bricks":30,"minecraft:beef":8,"minecraft:poppy":1,"minecraft:iron_nugget":22,"minecraft:spruce_slab":2,"minecraft:sugar_cane":3,"minecraft:chest":13,"minecraft:birch_sapling":3,"minecraft:spruce_trapdoor":35,"minecraft:phantom_membrane":4,"tconstruct:raw_cobalt":12,"minecraft:dark_oak_sapling":2,"minecraft:raw_iron":751,"minecraft:sandstone":2,"iceandfire:dragonbone":21,"minecraft:stone":2,"evilcraft:blook":14,"tconstruct:pickaxe":4,"minecraft:spruce_fence":1,"minecraft:white_dye":27,"minecraft:cookie":15,"born_in_chaos_v1:pieceofdarkmetal":15,"minecraft:carrot":83,"minecraft:redstone":430,"minecraft:prismarine_crystals":2,"minecraft:tnt":45,"minecraft:diamond_chestplate":13,"iceandfire:silver_ingot":12,"minecraft:arrow":773,"minecraft:pumpkin_pie":8,"minecraft:nether_bricks":19,"minecraft:tube_coral_fan":20,"minecraft:deepslate_bricks":4,"minecraft:diamond_boots":6,"minecraft:saddle":11,"architects_palette:withered_bone":350,"minecraft:gold_ingot":527,"iceandfire:deepslate_silver_ore":1,"minecraft:glow_berries":6,"minecraft:mutton":1,"born_in_chaos_v1:fused_bone":4,"minecraft:stripped_oak_log":3,"minecraft:basalt":60,"born_in_chaos_v1:corpse_maggot":70,"minecraft:air":0,"minecraft:golden_carrot":4,"born_in_chaos_v1:black_argillite_column_slab":10,"born_in_chaos_v1:monster_flesh":3,"iceandfire:sea_serpent_fang":5,"travelersbackpack:melon":1,"minecraft:glow_ink_sac":14,"minecraft:leather":12,"minecraft:fern":1,"aquamirae:spinefish":1,"minecraft:acacia_wood":4,"minecraft:oak_log":67,"minecraft:chainmail_chestplate":24,"iceandfire:ectoplasm":2,"minecraft:nether_wart_block":5,"minecraft:gunpowder":85,"minecraft:wooden_hoe":1,"minecraft:paper":17,"minecraft:smooth_sandstone":1,"chococraft:gysahl_green":3,"minecraft:apple":91,"minecraft:stone_bricks":345,"tconstruct:sledge_hammer":14,"minecraft:kelp":120,"iceandfire:armor_silver_metal_helmet":8,"tconstruct:sky_slime_grass_seeds":12,"minecraft:iron_ingot":141,"minecraft:stone_pickaxe":5,"minecraft:cobweb":3,"minecraft:mangrove_planks":8,"travelersbackpack:blank_upgrade":2,"minecraft:glass_bottle":6,"minecraft:gray_bed":2,"minecraft:iron_sword":129,"minecraft:flowering_azalea":12,"minecraft:soul_sand":62,"minecraft:sweet_berries":81,"minecraft:chiseled_stone_bricks":21,"minecraft:quartz":165,"born_in_chaos_v1:ethereal_spirit":11,"minecraft:stone_brick_slab":1,"born_in_chaos_v1:black_argillitepressureplate":1,"minecraft:dandelion":2,"minecraft:gravel":94,"chococraft:gysahl_green_seeds":3,"minecraft:spruce_sapling":14,"minecraft:blast_furnace":1,"minecraft:spruce_log":192,"minecraft:spruce_door":2,"minecraft:spider_eye":31,"minecraft:leather_helmet":5,"travelersbackpack:standard":1,"minecraft:diamond_shovel":17,"minecraft:pumpkin_seeds":14,"minecraft:slime_ball":46,"minecraft:stone_axe":9,"iceandfire:silver_sword":11,"minecraft:diamond_axe":2,"minecraft:chainmail_leggings":9,"evilcraft:dark_gem":108,"minecraft:iron_helmet":78,"minecraft:mossy_cobblestone_stairs":15,"minecraft:baked_potato":2525,"gobber2:gobber2_goo_nether":6,"minecraft:coal":305,"minecraft:ender_pearl":12},"minecraft:crafted":{"minecraft:oak_planks":8,"minecraft:cooked_mutton":2,"minecraft:glass":160,"minecraft:diamond_leggings":1,"minecraft:bow":2,"minecraft:iron_boots":5,"minecraft:chest":1,"minecraft:iron_door":3,"travelersbackpack:iron_tier_upgrade":1,"minecraft:cooked_porkchop":2,"minecraft:crafting_table":2,"travelersbackpack:standard":1,"minecraft:spruce_planks":176,"minecraft:iron_helmet":2,"minecraft:baked_potato":316,"minecraft:brown_bed":1,"player_companions:tame_bone":11,"minecraft:iron_chestplate":3,"minecraft:shield":6,"minecraft:stick":52,"minecraft:iron_ingot":89,"minecraft:iron_pickaxe":10,"minecraft:iron_block":1,"tconstruct:clear_item_frame":4,"tconstruct:cleaver":1,"minecraft:dark_oak_sign":3,"minecraft:glass_pane":96,"evilcraft:dark_block":3,"evilcraft:sanguinary_pedestal_0":1,"minecraft:iron_axe":4,"minecraft:diamond_boots":1,"minecraft:dark_oak_planks":24,"minecraft:lead":12,"minecraft:cooked_beef":5,"evilcraft:dark_tank":1,"minecraft:iron_sword":3,"minecraft:air":0,"iceandfire:armor_silver_metal_helmet":2,"securitycraft:door_indestructible_iron_item":2,"minecraft:wooden_axe":1,"minecraft:iron_shovel":3,"minecraft:iron_leggings":3,"minecraft:torch":100,"tconstruct:sledge_hammer":2}},"DataVersion":3120}