{"stats":{"minecraft:killed":{"mutationcraft:assimilated_donkey":1,"born_in_chaos_v1:zombie_lumberjack":1,"alexsmobs:raccoon":1,"alexsmobs:sugar_glider":1,"mutationcraft:reductor":1,"mutationcraft:necroptor":2,"alexsmobs:bison":2,"mutationcraft:assimilated_roamer":2,"mutationcraft:developed_roamer":5,"minecraft:pig":4,"mutationcraft:assimilated_spider":1,"born_in_chaos_v1:decrepit_skeleton":1,"minecraft:zombie":1,"mutationcraft:assimilated_human":1},"minecraft:custom":{"minecraft:mob_kills":27,"minecraft:interact_with_crafting_table":19,"minecraft:open_barrel":16,"minecraft:leave_game":1,"minecraft:time_since_death":2233,"minecraft:climb_one_cm":7567,"minecraft:sprint_one_cm":142444,"minecraft:walk_one_cm":644792,"minecraft:drop":114,"minecraft:talked_to_villager":2,"minecraft:play_time":214580,"minecraft:deaths":108,"minecraft:sneak_time":4677,"minecraft:walk_under_water_one_cm":18729,"minecraft:interact_with_lectern":1,"minecraft:jump":2096,"minecraft:interact_with_blast_furnace":2,"minecraft:walk_on_water_one_cm":35366,"minecraft:total_world_time":214580,"minecraft:interact_with_furnace":8,"minecraft:interact_with_loom":1,"minecraft:sleep_in_bed":5,"minecraft:time_since_rest":2259,"minecraft:waystone_activated":1,"minecraft:damage_taken":31329,"minecraft:damage_dealt":8605,"minecraft:swim_one_cm":1732,"minecraft:fly_one_cm":87380,"minecraft:player_kills":2,"minecraft:open_chest":89,"minecraft:crouch_one_cm":663,"minecraft:fall_one_cm":61712},"minecraft:killed_by":{"mutationcraft:assimilated_pig":1,"minecraft:player":3,"mutationcraft:assimilated_donkey":3,"mutationcraft:assimilated_spider":1,"sanitydim:rotting_stalker":1,"mutationcraft:assimilated_wandering_trader":1,"mutationcraft:assimilated_bear":1,"mutationcraft:assimilated_human":3,"minecraft:vindicator":13,"mutationcraft:assimilated_wolf":8,"mutationcraft:necroptor":11,"minecraft:skeleton":3,"mutationcraft:assimilated_villager":2,"mutationcraft:human_stage_3":1,"mutationcraft:assimilated_roamer":17,"mutationcraft:developed_roamer":17,"mutationcraft:assimilated_enderman":5,"minecraft:vex":14},"minecraft:dropped":{"minecraft:bread":1,"minecraft:iron_sword":4,"minecraft:cooked_beef":1,"minecraft:coal":30,"minecraft:golden_apple":1,"minecraft:dirt":1,"minecraft:dark_oak_fence":2,"minecraft:torch":29,"minecraft:snowball":17,"minecraft:string":1,"mutationcraft:putrid_claw":31,"minecraft:stone_axe":4,"minecraft:coarse_dirt":1,"evilcraft:flesh_humanoid":6,"minecraft:carrot":3,"minecraft:spruce_planks":3,"minecraft:oak_wood":3,"minecraft:spruce_log":3,"minecraft:stone_pickaxe":1,"minecraft:wooden_pickaxe":1,"mutationcraft:putrid_brain":4},"minecraft:crafted":{"minecraft:spruce_wood":6,"minecraft:stone_pickaxe":6,"minecraft:cooked_beef":7,"minecraft:crafting_table":2,"minecraft:spruce_planks":56,"minecraft:wooden_pickaxe":1,"minecraft:iron_sword":2,"minecraft:campfire":2,"minecraft:stone_axe":2,"minecraft:air":0,"minecraft:stick":72,"minecraft:iron_pickaxe":3,"minecraft:stone_sword":1,"minecraft:acacia_planks":4,"minecraft:torch":56},"minecraft:used":{"minecraft:stone_sword":11,"minecraft:iron_shovel":81,"minecraft:spruce_planks":4,"minecraft:iron_sword":216,"minecraft:torch":12,"minecraft:dirt":43,"minecraft:snowball":5,"minecraft:iron_axe":5,"evilcraft:flesh_humanoid":4,"mutationcraft:putrid_claw":3,"minecraft:cooked_beef":3,"minecraft:pumpkin":2,"minecraft:stone_pickaxe":143,"minecraft:wooden_pickaxe":20,"minecraft:crafting_table":2,"minecraft:campfire":2,"minecraft:bread":13,"minecraft:iron_pickaxe":156,"minecraft:stone_axe":126,"minecraft:cobblestone":8,"minecraft:porkchop":2,"born_in_chaos_v1:wood_splitter_axe":81,"minecraft:coarse_dirt":4},"minecraft:broken":{"minecraft:iron_shovel":1,"minecraft:stone_axe":1,"minecraft:iron_sword":1},"minecraft:picked_up":{"minecraft:iron_chestplate":6,"minecraft:crafting_table":9,"minecraft:coarse_dirt":10,"chococraft:loverly_gysahl_green":4,"minecraft:wheat":41,"minecraft:wooden_pickaxe":3,"minecraft:enchanted_book":19,"minecraft:shield":5,"minecraft:string":8,"minecraft:red_bed":5,"minecraft:iron_axe":4,"minecraft:iron_leggings":2,"born_in_chaos_v1:intoxicating_decoction":3,"minecraft:iron_shovel":3,"minecraft:experience_bottle":4,"minecraft:bucket":5,"minecraft:spruce_planks":76,"minecraft:beef":7,"born_in_chaos_v1:gnawed_bones":3,"minecraft:iron_pickaxe":36,"minecraft:birch_sapling":1,"minecraft:iron_boots":5,"minecraft:stick":135,"minecraft:raw_iron":5,"minecraft:oak_fence":1,"minecraft:torch":652,"minecraft:acacia_log":3,"mutationcraft:putrid_claw":76,"minecraft:porkchop":11,"minecraft:carrot":200,"minecraft:stone_sword":4,"minecraft:arrow":98,"minecraft:rotten_flesh":12,"born_in_chaos_v1:wood_splitter_axe":4,"minecraft:shears":2,"minecraft:totem_of_undying":4,"minecraft:saddle":1,"minecraft:gold_ingot":15,"minecraft:skeleton_skull":1,"minecraft:snowball":77,"minecraft:white_wool":16,"minecraft:cobblestone":1940,"minecraft:birch_log":2,"minecraft:cooked_beef":11,"alexsmobs:bison_fur":5,"evilcraft:flesh_humanoid":84,"minecraft:oak_log":4,"minecraft:waxed_copper_block":1,"minecraft:gunpowder":16,"minecraft:stripped_birch_log":14,"minecraft:dirt":2025,"chococraft:gysahl_green":78,"minecraft:bone":6,"mutationcraft:putrid_brain":7,"minecraft:acacia_planks":10,"minecraft:stone_bricks":2,"minecraft:wheat_seeds":1,"minecraft:iron_ingot":9,"minecraft:stone_pickaxe":5,"minecraft:waxed_weathered_cut_copper_slab":3,"minecraft:iron_sword":24,"minecraft:book":1,"minecraft:pumpkin":6,"minecraft:sand":5,"minecraft:spruce_sapling":4,"minecraft:stripped_spruce_log":7,"chococraft:gysahl_green_seeds":12,"minecraft:blast_furnace":5,"minecraft:spruce_log":26,"minecraft:oak_wood":3,"minecraft:stone_axe":6,"minecraft:campfire":5,"minecraft:writable_book":1,"minecraft:crossbow":10,"minecraft:golden_apple":7,"minecraft:emerald":243,"minecraft:bread":846,"minecraft:stripped_dark_oak_log":12,"minecraft:dark_oak_fence":8,"minecraft:bricks":3,"minecraft:coal":168},"minecraft:mined":{"minecraft:grass_block":23,"minecraft:spruce_leaves":12,"born_in_chaos_v1:gnawed_bones":1,"minecraft:large_fern":6,"minecraft:iron_ore":1,"minecraft:snow":1,"minecraft:stripped_spruce_log":3,"minecraft:pumpkin":2,"chococraft:gysahl_green":5,"minecraft:stone":241,"minecraft:red_bed":1,"minecraft:crafting_table":1,"minecraft:tall_grass":3,"minecraft:cobblestone":8,"minecraft:sugar_cane":2,"minecraft:bricks":3,"minecraft:wall_torch":5,"minecraft:skeleton_skull":1,"minecraft:coarse_dirt":3,"minecraft:spruce_log":21,"minecraft:grass":24,"minecraft:oak_log":2,"minecraft:coal_ore":46,"minecraft:dirt":14,"minecraft:sand":1,"minecraft:cobweb":1,"minecraft:stone_bricks":2,"minecraft:oak_leaves":1,"minecraft:fern":1}},"DataVersion":3120}