{"stats":{"minecraft:killed":{"minecraft:spider":1,"born_in_chaos_v1:decrepit_skeleton":2,"iceandfire:ghost":1,"born_in_chaos_v1:corpse_fly":4,"minecraft:silverfish":7,"born_in_chaos_v1:firelight_not_despawn":3},"minecraft:killed_by":{"born_in_chaos_v1:decaying_zombie":1,"minecraft:skeleton":1,"minecraft:creeper":1,"iceandfire:ghost":9,"graveyard:skeleton_creeper":1,"born_in_chaos_v1:dread_hound":2},"minecraft:mined":{"minecraft:brown_mushroom":1,"iceandfire:graveyard_soil":1,"minecraft:mossy_cobblestone":1,"minecraft:blast_furnace":1,"minecraft:chest":6,"minecraft:rose_bush":1,"iceandfire:deepslate_silver_ore":1,"born_in_chaos_v1:black_argillite_column_slab":2,"minecraft:cobblestone":2,"minecraft:spruce_leaves":1,"born_in_chaos_v1:black_argillite_column":1,"minecraft:tall_seagrass":1,"minecraft:coarse_dirt":6,"minecraft:furnace":1,"born_in_chaos_v1:fired_black_argillite":1,"minecraft:gray_bed":1,"minecraft:spruce_log":1,"minecraft:black_bed":1,"born_in_chaos_v1:black_argillite_brick":2,"minecraft:grass":2,"minecraft:vine":2,"minecraft:iron_bars":2,"minecraft:lantern":1,"minecraft:dirt":1,"born_in_chaos_v1:black_argillite_wall":1,"minecraft:infested_stone":1},"minecraft:custom":{"minecraft:interact_with_furnace":3,"minecraft:interact_with_anvil":1,"minecraft:mob_kills":20,"minecraft:interact_with_crafting_table":5,"minecraft:interact_with_loom":1,"minecraft:bell_ring":10,"minecraft:interact_with_grindstone":1,"minecraft:time_since_death":22069,"minecraft:sleep_in_bed":5,"minecraft:climb_one_cm":1096,"minecraft:time_since_rest":3111,"minecraft:sprint_one_cm":144905,"minecraft:damage_taken":5873,"minecraft:walk_one_cm":323212,"minecraft:damage_blocked_by_shield":820,"minecraft:trigger_trapped_chest":2,"minecraft:drop":2,"minecraft:damage_dealt":4685,"minecraft:swim_one_cm":56648,"minecraft:talked_to_villager":2,"minecraft:fly_one_cm":54869,"minecraft:open_chest":69,"minecraft:crouch_one_cm":174,"minecraft:play_time":88812,"minecraft:deaths":16,"minecraft:sneak_time":475,"minecraft:walk_under_water_one_cm":62932,"minecraft:jump":673,"minecraft:interact_with_blast_furnace":4,"minecraft:walk_on_water_one_cm":51994,"minecraft:total_world_time":88812,"minecraft:interact_with_smoker":5,"minecraft:fall_one_cm":10755},"minecraft:picked_up":{"minecraft:wooden_axe":1,"minecraft:iron_chestplate":1,"minecraft:coarse_dirt":13,"born_in_chaos_v1:corpse_maggot":34,"minecraft:crafting_table":1,"born_in_chaos_v1:black_argillite_column_slab":10,"minecraft:flower_pot":1,"minecraft:black_bed":2,"minecraft:brown_mushroom":6,"minecraft:fern":1,"tconstruct:materials_and_you":3,"minecraft:smoker":1,"minecraft:potato":39,"minecraft:oak_log":49,"born_in_chaos_v1:black_argillite_wall":7,"evilcraft:flesh_humanoid":25,"minecraft:shield":5,"born_in_chaos_v1:fired_black_argillite":1,"minecraft:gunpowder":6,"minecraft:map":3,"born_in_chaos_v1:black_argillite_column":10,"minecraft:dirt":624,"minecraft:paper":12,"minecraft:lantern":1,"minecraft:bone":17,"born_in_chaos_v1:black_argillite_brick":10,"iceandfire:graveyard_soil":4,"minecraft:stone_bricks":1,"minecraft:wheat_seeds":4,"minecraft:smooth_stone":1,"minecraft:spruce_planks":313,"minecraft:grindstone":1,"minecraft:rose_bush":7,"minecraft:iron_nugget":3,"minecraft:iron_pickaxe":12,"minecraft:spruce_trapdoor":3,"minecraft:birch_sapling":3,"minecraft:gray_bed":2,"minecraft:chest":6,"minecraft:iron_sword":14,"minecraft:furnace":1,"minecraft:stick":47,"minecraft:stone":2,"minecraft:sweet_berries":6,"born_in_chaos_v1:black_argillitepressureplate":1,"minecraft:spruce_sapling":7,"minecraft:blast_furnace":1,"minecraft:spruce_log":6,"minecraft:spruce_door":2,"minecraft:mossy_cobblestone":4,"alexsmobs:animal_dictionary":2,"minecraft:pumpkin_seeds":14,"minecraft:rotten_flesh":61,"born_in_chaos_v1:fire_dust":11,"minecraft:iron_helmet":9,"minecraft:chainmail_helmet":8,"minecraft:bread":248,"iceandfire:deepslate_silver_ore":1,"minecraft:oak_sapling":11,"minecraft:iron_bars":12,"minecraft:cobblestone":6},"minecraft:crafted":{"minecraft:cooked_beef":5,"minecraft:cooked_porkchop":2,"minecraft:crafting_table":1,"minecraft:spruce_planks":72,"minecraft:cooked_mutton":2,"minecraft:air":0,"minecraft:shield":2,"minecraft:stick":8,"minecraft:iron_pickaxe":1,"minecraft:wooden_axe":1},"minecraft:used":{"iceandfire:deepslate_silver_ore":1,"minecraft:chest":6,"minecraft:shield":32,"minecraft:iron_sword":142,"minecraft:blast_furnace":5,"minecraft:smoker":1,"minecraft:oak_log":1,"minecraft:wooden_axe":1,"minecraft:lantern":1,"minecraft:bread":28,"minecraft:iron_pickaxe":23,"born_in_chaos_v1:fired_black_argillite":1,"minecraft:furnace":2,"minecraft:gray_bed":1,"alexsmobs:animal_dictionary":2,"minecraft:coarse_dirt":1},"minecraft:dropped":{"minecraft:iron_sword":1,"minecraft:bread":1}},"DataVersion":3120}