{"stats":{"minecraft:killed_by":{"born_in_chaos_v1:nightmare_stalker":1,"minecraft:piglin_brute":7,"iceandfire:siren":1,"tconstruct:sky_slime":1,"minecraft:vindicator":1,"minecraft:zombie":19,"alexsmobs:grizzly_bear":2,"graveyard:revenant":1,"born_in_chaos_v1:restless_spirit":2,"minecraft:wolf":1,"minecraft:stray":7,"born_in_chaos_v1:zombie_lumberjack":1,"minecraft:slime":1,"iceandfire:ghost":15,"cave_dweller:cave_dweller":1,"born_in_chaos_v1:dread_hound":2,"minecraft:wither_skeleton":1,"minecraft:creeper":10,"born_in_chaos_v1:zombie_bruiser":1,"graveyard:skeleton_creeper":1,"iceandfire:sea_serpent":15,"born_in_chaos_v1:diamond_termite":1,"iceandfire:ice_dragon":28,"minecraft:player":3,"graveyard:ghoul":8,"minecraft:spider":1,"minecraft:enderman":3,"born_in_chaos_v1:decaying_zombie":1,"laendli_transport:slabcrab":18,"minecraft:skeleton":11,"born_in_chaos_v1:corpse_fish":2,"iceandfire:troll":1},"minecraft:custom":{"minecraft:interact_with_crafting_table":20,"minecraft:open_barrel":88,"minecraft:bell_ring":10,"minecraft:leave_game":4,"minecraft:time_since_death":65098,"minecraft:damage_blocked_by_shield":13486,"minecraft:play_time":1724469,"minecraft:deaths":179,"minecraft:jump":11801,"minecraft:interact_with_furnace":63,"minecraft:interact_with_cartography_table":3,"minecraft:sleep_in_bed":31,"minecraft:damage_dealt":68704,"minecraft:interact_with_smoker":39,"minecraft:interact_with_smithing_table":9,"minecraft:interact_with_anvil":13,"minecraft:sneak_time":11516,"minecraft:interact_with_blast_furnace":72,"minecraft:total_world_time":1724469,"minecraft:interact_with_stonecutter":1,"minecraft:time_since_rest":65139,"minecraft:swim_one_cm":151064,"minecraft:fly_one_cm":747755,"minecraft:open_chest":1308,"minecraft:fall_one_cm":230935,"minecraft:animals_bred":11,"minecraft:damage_resisted":1804,"minecraft:sprint_one_cm":1948696,"minecraft:drop":263,"minecraft:talked_to_villager":10,"minecraft:interact_with_brewingstand":1,"minecraft:walk_on_water_one_cm":435072,"minecraft:interact_with_loom":1,"minecraft:player_kills":2,"minecraft:crouch_one_cm":9940,"minecraft:mob_kills":374,"minecraft:damage_dealt_resisted":7815,"minecraft:climb_one_cm":134635,"minecraft:walk_one_cm":4889692,"minecraft:walk_under_water_one_cm":466733,"minecraft:boat_one_cm":77346,"minecraft:interact_with_grindstone":5,"minecraft:damage_taken":65563,"minecraft:trigger_trapped_chest":5},"minecraft:used":{"iceandfire:deepslate_silver_ore":1,"minecraft:chest":9,"tconstruct:sledge_hammer":6,"minecraft:soul_sand":32,"minecraft:spruce_boat":7,"rottencreatures:magma_rotten_flesh":2,"minecraft:quartz_block":1,"born_in_chaos_v1:fired_black_argillite":1,"minecraft:bow":87,"minecraft:sweet_berries":9,"minecraft:furnace":2,"minecraft:potato":1,"minecraft:deepslate_brick_wall":2,"minecraft:mossy_stone_bricks":63,"minecraft:diorite":1,"minecraft:leather_leggings":1,"minecraft:cookie":15,"minecraft:blast_furnace":5,"minecraft:nether_wart_block":1,"minecraft:diamond_sword":65,"evilcraft:sanguinary_pedestal_0":1,"minecraft:netherrack":12,"minecraft:torch":177,"minecraft:brewing_stand":1,"minecraft:iron_axe":243,"minecraft:beef":2,"minecraft:cobbled_deepslate":648,"minecraft:water_bucket":5,"minecraft:lead":4,"securitycraft:scanner_door_item":1,"minecraft:cracked_stone_bricks":1,"minecraft:crafting_table":1,"minecraft:spruce_log":19,"minecraft:oak_log":1,"minecraft:diamond_pickaxe":11,"minecraft:diamond_shovel":309,"minecraft:iron_pickaxe":2032,"minecraft:spruce_trapdoor":15,"minecraft:chiseled_stone_bricks":1,"minecraft:cobblestone":22,"travelersbackpack:standard":1,"evilcraft:dark_tank":1,"minecraft:cooked_porkchop":2,"tconstruct:clear_item_frame":35,"minecraft:kelp":28,"minecraft:iron_shovel":431,"minecraft:shield":359,"minecraft:white_terracotta":2,"minecraft:iron_sword":1046,"minecraft:creeper_head":2,"minecraft:iron_chestplate":3,"minecraft:carrot":65,"minecraft:lantern":1,"minecraft:stone_bricks":9,"minecraft:gray_bed":1,"player_companions:welsh_corgi_default":13,"minecraft:diamond_boots":1,"minecraft:wither_skeleton_skull":2,"minecraft:dark_oak_sign":7,"minecraft:oak_planks":1,"travelersbackpack:melon":1,"minecraft:black_bed":3,"minecraft:bread":51,"minecraft:gravel":1,"minecraft:andesite":8,"minecraft:coarse_dirt":1,"minecraft:dried_kelp":1,"minecraft:dirt":87,"minecraft:granite":8,"minecraft:wooden_axe":1,"minecraft:bookshelf":18,"minecraft:iron_boots":1,"evilcraft:flesh_humanoid":3,"minecraft:deepslate_tile_stairs":18,"minecraft:cooked_beef":2,"minecraft:iron_leggings":3,"minecraft:baked_potato":239,"minecraft:smoker":1,"minecraft:apple":10,"minecraft:bucket":6,"tconstruct:cleaver":417,"minecraft:pumpkin_pie":2,"alexsmobs:animal_dictionary":2,"minecraft:smooth_stone":1},"minecraft:broken":{"minecraft:iron_leggings":1,"minecraft:chainmail_boots":1,"minecraft:shield":2,"minecraft:iron_pickaxe":5,"minecraft:iron_helmet":2,"minecraft:iron_shovel":1},"minecraft:mined":{"minecraft:obsidian":9,"minecraft:granite":121,"minecraft:coal_block":6,"minecraft:deepslate_tile_stairs":8,"minecraft:chiseled_stone_bricks":19,"minecraft:spawner":45,"minecraft:polished_blackstone_bricks":1,"minecraft:tall_seagrass":13,"minecraft:mossy_cobblestone_stairs":16,"minecraft:cobbled_deepslate":203,"minecraft:fire":29,"tconstruct:cobalt_ore":5,"minecraft:deepslate_lapis_ore":4,"minecraft:cave_vines":2,"minecraft:smooth_sandstone_stairs":1,"minecraft:brown_mushroom":1,"minecraft:red_bed":1,"minecraft:kelp_plant":6,"minecraft:soul_fire":9,"minecraft:torch":22,"minecraft:blast_furnace":1,"gobber2:gobber2_lucky_block_nether":9,"minecraft:creeper_wall_head":1,"iceandfire:sapphire_ore":1,"minecraft:sugar_cane":2,"minecraft:amethyst_block":8,"minecraft:white_terracotta":7,"minecraft:chain":3,"minecraft:lilac":4,"minecraft:black_bed":2,"born_in_chaos_v1:black_argillite_brick":2,"minecraft:stone_brick_stairs":17,"minecraft:grass":31,"minecraft:deepslate":1623,"evilcraft:hardened_blood":1,"minecraft:infested_deepslate":1,"iceandfire:silver_ore":5,"minecraft:mossy_cobblestone":137,"minecraft:nether_bricks":20,"minecraft:cobbled_deepslate_slab":4,"minecraft:allium":1,"minecraft:spruce_fence":1,"minecraft:crimson_roots":1,"iceandfire:deepslate_silver_ore":1,"minecraft:moss_block":4,"minecraft:kelp":13,"minecraft:acacia_wood":4,"minecraft:andesite":101,"minecraft:big_dripleaf_stem":3,"minecraft:mossy_stone_brick_stairs":27,"minecraft:vine":121,"minecraft:cobblestone_slab":2,"tconstruct:earth_congealed_slime":10,"minecraft:glass_pane":1,"minecraft:soul_sand":5,"minecraft:stone_brick_slab":1,"minecraft:smooth_sandstone":1,"minecraft:tall_grass":17,"minecraft:copper_ore":11,"minecraft:deepslate_gold_ore":13,"minecraft:diorite":32,"minecraft:big_dripleaf":1,"minecraft:coarse_dirt":6,"minecraft:spruce_log":143,"minecraft:birch_leaves":3,"minecraft:dark_oak_sign":1,"minecraft:gravel":101,"minecraft:cobweb":16,"minecraft:stone_bricks":42,"minecraft:gold_ore":7,"minecraft:fern":5,"minecraft:infested_stone":4,"minecraft:spruce_planks":3,"iceandfire:graveyard_soil":5,"minecraft:brewing_stand":1,"minecraft:spruce_trapdoor":12,"minecraft:cave_vines_plant":1,"minecraft:grass_block":33,"minecraft:soul_soil":10,"minecraft:smooth_stone":1,"minecraft:iron_ore":94,"born_in_chaos_v1:black_argillite_brick_stairs":1,"chococraft:gysahl_green":1,"minecraft:iron_bars":16,"minecraft:azalea":5,"minecraft:spruce_slab":2,"minecraft:deepslate_redstone_ore":44,"minecraft:quartz_block":19,"minecraft:blackstone":6,"minecraft:medium_amethyst_bud":1,"minecraft:clay":69,"minecraft:calcite":2,"minecraft:chest":10,"born_in_chaos_v1:black_argillite_column_slab":2,"iceandfire:frozen_dirt":1,"minecraft:nether_quartz_ore":36,"minecraft:cobblestone":10,"minecraft:oak_planks":2,"minecraft:wall_torch":40,"minecraft:seagrass":11,"minecraft:light_blue_terracotta":3,"minecraft:nether_wart_block":2,"born_in_chaos_v1:fired_black_argillite":1,"minecraft:oak_log":1,"minecraft:sand":661,"minecraft:dirt":35,"born_in_chaos_v1:black_argillite_wall":1,"minecraft:netherrack":480,"minecraft:oak_leaves":17,"minecraft:nether_gold_ore":12,"minecraft:tuff":20,"minecraft:deepslate_diamond_ore":3,"born_in_chaos_v1:infected_diamond_ore":5,"minecraft:glow_lichen":1,"minecraft:spruce_leaves":26,"minecraft:large_fern":4,"born_in_chaos_v1:black_argillite_column":1,"minecraft:deepslate_brick_slab":3,"minecraft:furnace":1,"minecraft:carrots":23,"minecraft:stripped_spruce_log":2,"evilcraft:dark_ore":3,"minecraft:gold_block":1,"minecraft:deepslate_iron_ore":30,"minecraft:lantern":1,"tconstruct:budding_ichor_slime_crystal":1,"minecraft:stripped_oak_log":3,"minecraft:stone":463,"tconstruct:ichor_slime_crystal_block":1,"minecraft:podzol":2,"minecraft:flowering_azalea":5,"minecraft:basalt":15,"minecraft:spruce_door":1,"minecraft:oak_fence":1,"minecraft:rose_bush":1,"minecraft:stone_slab":2,"minecraft:lapis_ore":14,"biomemakeover:mesmerite":4,"minecraft:spruce_stairs":2,"minecraft:sweet_berry_bush":8,"minecraft:gray_bed":1,"minecraft:coal_ore":92,"minecraft:cracked_stone_bricks":33,"minecraft:small_dripleaf":2,"minecraft:mossy_stone_bricks":131},"minecraft:killed":{"minecraft:cave_spider":1,"born_in_chaos_v1:restless_spirit":9,"born_in_chaos_v1:zombie_lumberjack":1,"born_in_chaos_v1:door_knight_not_despawn":1,"born_in_chaos_v1:skeleton_demoman":4,"born_in_chaos_v1:siamese_skeletonsright":1,"born_in_chaos_v1:baby_skeleton_minion":9,"minecraft:skeleton":22,"born_in_chaos_v1:skeleton_thrasher":2,"born_in_chaos_v1:bone_imp":1,"laendli_transport:crab":43,"minecraft:zombie":41,"born_in_chaos_v1:corpse_fly":6,"born_in_chaos_v1:door_knight":1,"minecraft:cow":2,"rottencreatures:undead_miner":2,"graveyard:ghoul":2,"born_in_chaos_v1:decrepit_skeleton":20,"iceandfire:ghost":1,"minecraft:enderman":9,"rottencreatures:burned":2,"minecraft:spider":19,"minecraft:silverfish":11,"born_in_chaos_v1:firelight_not_despawn":4,"minecraft:wolf":1,"minecraft:piglin":1,"born_in_chaos_v1:bonescaller":2,"born_in_chaos_v1:diamond_termite":3,"minecraft:zombie_villager":2,"minecraft:creeper":3,"born_in_chaos_v1:dread_hound":1,"minecraft:stray":15,"minecraft:ghast":1,"cave_dweller:cave_dweller":1,"graveyard:revenant":3,"minecraft:slime":3,"born_in_chaos_v1:zombie_bruiser":1,"born_in_chaos_v1:maggot":12,"minecraft:drowned":1,"born_in_chaos_v1:corpse_fish":6,"laendli_transport:slabcrab":21,"born_in_chaos_v1:baby_skeleton":9,"minecraft:bat":1,"minecraft:wither_skeleton":48},"minecraft:dropped":{"minecraft:iron_sword":11,"evilcraft:broom_part":3,"architects_palette:withered_bone":166,"minecraft:mossy_stone_brick_stairs":1,"minecraft:cracked_stone_bricks":1,"born_in_chaos_v1:pieceofdarkmetal":4,"minecraft:dirt":1,"minecraft:chain":1,"minecraft:bone_meal":20,"minecraft:iron_pickaxe":6,"minecraft:fishing_rod":1,"minecraft:bone":96,"minecraft:golden_chestplate":1,"minecraft:cobbled_deepslate":9,"minecraft:obsidian":8,"minecraft:rotten_flesh":21,"evilcraft:flesh_humanoid":9,"minecraft:quartz_block":4,"minecraft:white_dye":7,"minecraft:glass":51,"minecraft:stone_brick_stairs":10,"minecraft:iron_ingot":23,"minecraft:cobblestone":36,"minecraft:apple":1,"minecraft:granite":6,"minecraft:chainmail_helmet":2,"tconstruct:necrotic_bone":3,"minecraft:dried_kelp":12,"minecraft:iron_shovel":3,"minecraft:string":17,"minecraft:soul_soil":8,"minecraft:dark_oak_sign":2,"minecraft:clay_ball":12,"minecraft:iron_boots":2,"minecraft:name_tag":1,"minecraft:potato":2,"minecraft:spruce_boat":1,"minecraft:spruce_planks":8,"minecraft:diamond_pickaxe":1,"minecraft:brown_bed":1,"minecraft:stone_bricks":3,"minecraft:bow":3,"securitycraft:retinal_scanner":1,"minecraft:baked_potato":124,"securitycraft:door_indestructible_iron_item":1,"minecraft:mangrove_planks":16,"minecraft:deepslate_tile_stairs":1,"gobber2:gobber2_bow_nether":1,"gobber2:gobber2_gooey_bread_nether":1,"minecraft:gilded_blackstone":9,"minecraft:cauldron":1,"minecraft:gravel":39,"tconstruct:sky_slime_sapling":1,"minecraft:diamond_shovel":1,"tconstruct:cleaver":8,"minecraft:gunpowder":7,"born_in_chaos_v1:corpse_maggot":4,"minecraft:chainmail_boots":2,"minecraft:iron_bars":2,"minecraft:arrow":11,"tconstruct:seared_glass":1,"minecraft:netherrack":368,"minecraft:water_bucket":2,"minecraft:bread":2,"minecraft:golden_helmet":2,"minecraft:mossy_cobblestone":4,"evilcraft:vengeance_pickaxe":1,"evilcraft:blood_extractor":3,"minecraft:deepslate_brick_stairs":10,"minecraft:torch":37,"tconstruct:sky_slime_grass_seeds":4,"born_in_chaos_v1:fused_bone":4,"minecraft:iron_leggings":4,"minecraft:iron_axe":2,"minecraft:anvil":1,"minecraft:kelp":32,"minecraft:sweet_berries":4,"iceandfire:witherbone":97,"minecraft:shield":11,"minecraft:diamond_chestplate":3,"minecraft:andesite":1,"minecraft:mossy_stone_bricks":3,"minecraft:golden_leggings":2,"minecraft:light_blue_terracotta":1,"minecraft:nautilus_shell":12},"minecraft:picked_up":{"minecraft:wooden_axe":1,"minecraft:iron_chestplate":96,"minecraft:chainmail_boots":40,"minecraft:creeper_head":3,"minecraft:flower_pot":1,"minecraft:diamond_sword":9,"minecraft:stone_slab":2,"minecraft:lead":34,"minecraft:enchanted_book":8,"minecraft:golden_shovel":5,"minecraft:brewing_stand":1,"minecraft:golden_sword":2,"minecraft:amethyst_block":64,"minecraft:music_disc_cat":1,"minecraft:string":87,"minecraft:soul_soil":15,"gobber2:gobber2_glass_nether":21,"minecraft:pufferfish":2,"minecraft:diamond_leggings":4,"minecraft:cobbled_deepslate":3738,"minecraft:gold_nugget":86,"minecraft:spruce_planks":320,"minecraft:horn_coral_block":3,"minecraft:enchanted_golden_apple":6,"minecraft:coal_block":20,"minecraft:golden_helmet":5,"born_in_chaos_v1:shattered_skull":18,"minecraft:big_dripleaf":37,"iceandfire:silver_ore":5,"minecraft:deepslate_tile_stairs":9,"minecraft:golden_chestplate":10,"evilcraft:box_of_eternal_closure":3,"minecraft:horn_coral_fan":21,"minecraft:tropical_fish":3,"alexsmobs:flying_fish_boots":17,"minecraft:white_terracotta":7,"minecraft:iron_bars":34,"alexsmobs:flying_fish":1,"evilcraft:vengeance_pickaxe":2,"iceandfire:sapphire_gem":1,"minecraft:magma_block":1,"minecraft:cooked_beef":13,"minecraft:feather":19,"minecraft:water_bucket":24,"minecraft:smoker":1,"minecraft:flint":27,"gobber2:gobber2_gooey_bread_nether":3,"minecraft:map":3,"minecraft:lantern":1,"gobber2:gobber2_bow_nether":2,"minecraft:dark_oak_sign":10,"minecraft:diamond_helmet":8,"minecraft:moss_block":11,"tconstruct:sky_slime_sapling":3,"born_in_chaos_v1:mint_candy":2,"biomemakeover:mesmerite":2,"minecraft:stripped_spruce_log":4,"minecraft:ink_sac":7,"minecraft:dark_oak_log":4,"alexsmobs:animal_dictionary":2,"minecraft:iron_hoe":2,"aquamirae:cooked_spinefish":1,"minecraft:granite":125,"minecraft:bread":435,"minecraft:chainmail_helmet":16,"born_in_chaos_v1:rotten_fish":6,"minecraft:diamond_pickaxe":7,"minecraft:crafting_table":1,"minecraft:coarse_dirt":13,"iceandfire:witherbone":138,"minecraft:clay_ball":360,"born_in_chaos_v1:seedof_chaos":2,"minecraft:leather_leggings":20,"tconstruct:materials_and_you":3,"born_in_chaos_v1:fired_black_argillite":1,"iceandfire:sea_serpent_scales_blue":7,"born_in_chaos_v1:black_argillite_column":10,"minecraft:red_bed":5,"born_in_chaos_v1:intoxicating_decoction":1,"minecraft:iron_shovel":55,"born_in_chaos_v1:black_argillite_brick":10,"tconstruct:cleaver":21,"iceandfire:graveyard_soil":8,"minecraft:cracked_stone_bricks":30,"minecraft:beef":8,"minecraft:iron_nugget":22,"minecraft:poppy":1,"minecraft:spruce_slab":2,"minecraft:chest":13,"minecraft:birch_sapling":3,"minecraft:sandstone":2,"minecraft:stone":2,"tconstruct:pickaxe":4,"minecraft:spruce_fence":1,"minecraft:white_dye":28,"born_in_chaos_v1:pieceofdarkmetal":16,"minecraft:carrot":83,"minecraft:redstone":430,"minecraft:prismarine_crystals":2,"minecraft:tnt":45,"minecraft:diamond_chestplate":13,"minecraft:tube_coral_fan":20,"minecraft:diamond_boots":6,"minecraft:deepslate_bricks":4,"architects_palette:withered_bone":350,"minecraft:gold_ingot":527,"minecraft:glow_berries":6,"minecraft:mutton":1,"minecraft:stripped_oak_log":3,"born_in_chaos_v1:black_argillite_column_slab":10,"iceandfire:sea_serpent_fang":5,"born_in_chaos_v1:monster_flesh":3,"minecraft:fern":1,"aquamirae:spinefish":1,"minecraft:acacia_wood":4,"minecraft:oak_log":67,"minecraft:paper":17,"chococraft:gysahl_green":3,"minecraft:apple":92,"minecraft:stone_bricks":345,"minecraft:kelp":120,"minecraft:stone_pickaxe":5,"minecraft:cobweb":3,"minecraft:glass_bottle":6,"minecraft:gray_bed":2,"minecraft:mangrove_planks":8,"minecraft:iron_sword":129,"minecraft:flowering_azalea":12,"travelersbackpack:blank_upgrade":2,"minecraft:sweet_berries":81,"born_in_chaos_v1:ethereal_spirit":16,"minecraft:gravel":94,"minecraft:spruce_sapling":14,"minecraft:spruce_log":192,"minecraft:leather_helmet":5,"travelersbackpack:standard":1,"minecraft:diamond_shovel":17,"minecraft:slime_ball":46,"minecraft:stone_axe":9,"iceandfire:silver_sword":11,"minecraft:diamond_axe":2,"minecraft:baked_potato":2525,"gobber2:gobber2_goo_nether":6,"minecraft:ender_pearl":12,"minecraft:wheat":159,"minecraft:potion":8,"minecraft:gilded_blackstone":9,"minecraft:stone_brick_stairs":23,"born_in_chaos_v1:black_argillite_wall":7,"minecraft:raw_copper":80,"iceandfire:sea_serpent_scales_teal":6,"minecraft:iron_leggings":65,"minecraft:smooth_stone":2,"minecraft:bucket":4,"minecraft:rose_bush":7,"minecraft:cobblestone_slab":2,"minecraft:azalea":14,"minecraft:iron_pickaxe":133,"alexsmobs:raccoon_tail":2,"evilcraft:blood_extractor":37,"minecraft:iron_boots":49,"minecraft:furnace":1,"minecraft:tipped_arrow":8,"minecraft:stick":277,"minecraft:oak_fence":1,"minecraft:torch":1468,"minecraft:spruce_stairs":2,"minecraft:dried_kelp":36,"minecraft:diorite":41,"born_in_chaos_v1:nightmare_claw":3,"minecraft:quartz_block":17,"minecraft:rotten_flesh":264,"minecraft:deepslate_brick_stairs":14,"minecraft:obsidian":16,"minecraft:cod":30,"minecraft:blaze_powder":5,"minecraft:cobblestone":938,"minecraft:nautilus_shell":17,"minecraft:leather_chestplate":20,"minecraft:lilac":5,"minecraft:andesite":100,"minecraft:golden_leggings":7,"minecraft:black_bed":4,"born_in_chaos_v1:mint_ice_cream":3,"minecraft:potato":41,"minecraft:smooth_sandstone_stairs":1,"minecraft:tuff":20,"biomemakeover:moth_scales":6,"evilcraft:flesh_humanoid":133,"minecraft:wither_skeleton_skull":2,"minecraft:dirt":1333,"minecraft:lapis_lazuli":154,"minecraft:name_tag":17,"minecraft:leather_boots":15,"minecraft:bone":309,"minecraft:bow":42,"minecraft:wheat_seeds":18,"minecraft:deepslate_brick_slab":6,"minecraft:raw_gold":123,"minecraft:cobbled_deepslate_slab":12,"minecraft:grindstone":1,"minecraft:mossy_stone_bricks":130,"minecraft:oak_planks":5,"minecraft:mossy_stone_brick_stairs":26,"minecraft:ghast_tear":6,"tconstruct:necrotic_bone":5,"evilcraft:broom_part":3,"gobber2:gobber2_rod_nether":6,"minecraft:cooked_porkchop":2,"minecraft:sand":617,"player_companions:welsh_corgi_default":1,"iceandfire:frozen_dirt":3,"minecraft:spectral_arrow":8,"tconstruct:clear_item_frame":6,"minecraft:mossy_cobblestone":141,"minecraft:light_blue_terracotta":5,"born_in_chaos_v1:fire_dust":14,"minecraft:diamond":15,"minecraft:spruce_boat":9,"waystones:waystone":1,"iceandfire:dragon_ice":11,"minecraft:bone_meal":64,"minecraft:golden_apple":15,"minecraft:emerald":18,"minecraft:oak_sapling":13,"minecraft:netherrack":778,"iceandfire:silver_nugget":6,"rottencreatures:magma_rotten_flesh":6,"minecraft:fishing_rod":3,"born_in_chaos_v1:diamond_termite_shard":9,"minecraft:allium":1,"minecraft:ladder":3,"minecraft:brown_mushroom":6,"minecraft:packed_ice":4,"minecraft:gold_block":1,"minecraft:diamond_horse_armor":7,"minecraft:chain":12,"minecraft:shield":111,"minecraft:moss_carpet":6,"minecraft:iron_axe":49,"tconstruct:seared_glass":1,"minecraft:blackstone":8,"graveyard:corruption":6,"minecraft:sugar_cane":3,"minecraft:phantom_membrane":4,"minecraft:spruce_trapdoor":35,"minecraft:dark_oak_sapling":2,"minecraft:raw_iron":751,"iceandfire:dragonbone":21,"tconstruct:raw_cobalt":13,"evilcraft:blook":14,"minecraft:cookie":15,"iceandfire:silver_ingot":12,"minecraft:arrow":777,"minecraft:pumpkin_pie":8,"minecraft:nether_bricks":19,"minecraft:saddle":11,"iceandfire:deepslate_silver_ore":1,"born_in_chaos_v1:fused_bone":4,"born_in_chaos_v1:corpse_maggot":70,"minecraft:air":0,"minecraft:basalt":60,"minecraft:glow_ink_sac":14,"travelersbackpack:melon":1,"minecraft:golden_carrot":4,"minecraft:leather":12,"minecraft:chainmail_chestplate":24,"iceandfire:ectoplasm":2,"minecraft:nether_wart_block":5,"minecraft:gunpowder":85,"minecraft:wooden_hoe":1,"minecraft:smooth_sandstone":1,"tconstruct:sledge_hammer":14,"iceandfire:armor_silver_metal_helmet":8,"tconstruct:sky_slime_grass_seeds":12,"minecraft:iron_ingot":141,"minecraft:soul_sand":62,"minecraft:chiseled_stone_bricks":21,"securitycraft:reinforced_andesite":16,"minecraft:stone_brick_slab":1,"born_in_chaos_v1:black_argillitepressureplate":1,"minecraft:quartz":165,"minecraft:dandelion":2,"chococraft:gysahl_green_seeds":3,"minecraft:blast_furnace":1,"minecraft:spider_eye":31,"minecraft:spruce_door":4,"minecraft:pumpkin_seeds":14,"minecraft:chainmail_leggings":9,"evilcraft:dark_gem":108,"minecraft:iron_helmet":78,"minecraft:mossy_cobblestone_stairs":15,"minecraft:coal":307},"minecraft:crafted":{"securitycraft:scanner_door_item":1,"minecraft:cooked_mutton":2,"minecraft:glass":160,"minecraft:diamond_leggings":1,"minecraft:iron_door":3,"minecraft:cooked_porkchop":2,"travelersbackpack:standard":1,"minecraft:brown_bed":1,"minecraft:iron_pickaxe":10,"minecraft:iron_block":1,"tconstruct:cleaver":1,"evilcraft:dark_block":3,"minecraft:diamond_boots":1,"minecraft:dark_oak_planks":24,"minecraft:lead":12,"evilcraft:dark_tank":1,"securitycraft:door_indestructible_iron_item":2,"minecraft:wooden_axe":1,"minecraft:iron_shovel":3,"minecraft:iron_leggings":3,"minecraft:oak_planks":8,"securitycraft:laser_block":1,"minecraft:bow":2,"minecraft:iron_boots":5,"minecraft:chest":1,"minecraft:ender_eye":2,"travelersbackpack:iron_tier_upgrade":1,"minecraft:crafting_table":2,"minecraft:spruce_planks":176,"minecraft:baked_potato":330,"minecraft:iron_helmet":2,"player_companions:tame_bone":11,"minecraft:iron_chestplate":3,"minecraft:shield":6,"minecraft:stick":56,"minecraft:iron_ingot":89,"tconstruct:clear_item_frame":4,"securitycraft:universal_block_reinforcer_lvl1":1,"minecraft:dark_oak_sign":3,"securitycraft:retinal_scanner":2,"minecraft:glass_pane":96,"minecraft:iron_axe":4,"evilcraft:sanguinary_pedestal_0":1,"minecraft:cooked_beef":5,"minecraft:iron_sword":3,"minecraft:air":0,"iceandfire:armor_silver_metal_helmet":2,"minecraft:torch":100,"tconstruct:sledge_hammer":2}},"DataVersion":3120}