{"stats":{"minecraft:killed_by":{"graveyard:ghoul":1,"minecraft:creeper":2,"born_in_chaos_v1:zombie_bruiser":1,"graveyard:skeleton_creeper":1,"laendli_transport:slabcrab":11,"born_in_chaos_v1:decaying_zombie":1,"minecraft:skeleton":7,"iceandfire:ghost":9,"born_in_chaos_v1:dread_hound":2},"minecraft:killed":{"minecraft:spider":1,"minecraft:skeleton":1,"minecraft:silverfish":7,"born_in_chaos_v1:firelight_not_despawn":3,"laendli_transport:slabcrab":1,"graveyard:ghoul":1,"born_in_chaos_v1:diamond_termite":1,"minecraft:bat":1,"born_in_chaos_v1:decrepit_skeleton":2,"minecraft:zombie":1,"iceandfire:ghost":1,"born_in_chaos_v1:corpse_fly":4},"minecraft:mined":{"iceandfire:graveyard_soil":1,"minecraft:mossy_cobblestone":1,"minecraft:deepslate_diamond_ore":3,"born_in_chaos_v1:infected_diamond_ore":2,"minecraft:cave_vines_plant":1,"iceandfire:deepslate_silver_ore":1,"minecraft:spruce_leaves":6,"minecraft:moss_block":1,"born_in_chaos_v1:black_argillite_column":1,"minecraft:tall_seagrass":1,"minecraft:furnace":1,"minecraft:iron_ore":45,"minecraft:andesite":1,"evilcraft:dark_ore":2,"minecraft:big_dripleaf_stem":3,"minecraft:cave_vines":1,"minecraft:deepslate_iron_ore":20,"minecraft:vine":2,"minecraft:iron_bars":2,"minecraft:lantern":1,"minecraft:azalea":4,"minecraft:stone":7,"minecraft:deepslate_redstone_ore":12,"minecraft:flowering_azalea":4,"minecraft:brown_mushroom":1,"minecraft:medium_amethyst_bud":1,"minecraft:clay":7,"minecraft:blast_furnace":1,"minecraft:calcite":2,"minecraft:chest":6,"minecraft:rose_bush":1,"born_in_chaos_v1:black_argillite_column_slab":2,"minecraft:cobblestone":2,"minecraft:tall_grass":6,"minecraft:deepslate_gold_ore":1,"minecraft:lapis_ore":6,"minecraft:amethyst_block":8,"minecraft:wall_torch":1,"minecraft:big_dripleaf":1,"minecraft:seagrass":1,"minecraft:coarse_dirt":6,"born_in_chaos_v1:fired_black_argillite":1,"minecraft:gray_bed":1,"minecraft:spruce_log":1,"minecraft:black_bed":1,"born_in_chaos_v1:black_argillite_brick":2,"minecraft:grass":12,"minecraft:coal_ore":27,"minecraft:sand":140,"minecraft:dirt":5,"minecraft:small_dripleaf":2,"born_in_chaos_v1:black_argillite_wall":1,"minecraft:gold_ore":7,"minecraft:deepslate":6,"minecraft:infested_stone":1},"minecraft:custom":{"minecraft:mob_kills":27,"minecraft:interact_with_anvil":1,"minecraft:interact_with_crafting_table":12,"minecraft:bell_ring":10,"minecraft:time_since_death":3642,"minecraft:climb_one_cm":4638,"minecraft:sprint_one_cm":196534,"minecraft:walk_one_cm":525176,"minecraft:damage_blocked_by_shield":1180,"minecraft:drop":8,"minecraft:talked_to_villager":2,"minecraft:play_time":160812,"minecraft:deaths":36,"minecraft:sneak_time":1010,"minecraft:walk_under_water_one_cm":73703,"minecraft:jump":1731,"minecraft:interact_with_blast_furnace":12,"minecraft:walk_on_water_one_cm":81870,"minecraft:total_world_time":160812,"minecraft:interact_with_furnace":14,"minecraft:interact_with_cartography_table":2,"minecraft:interact_with_loom":1,"minecraft:interact_with_grindstone":1,"minecraft:interact_with_stonecutter":1,"minecraft:sleep_in_bed":6,"minecraft:time_since_rest":3719,"minecraft:damage_taken":11667,"minecraft:trigger_trapped_chest":2,"minecraft:damage_dealt":5865,"minecraft:player_kills":1,"minecraft:swim_one_cm":62093,"minecraft:fly_one_cm":83750,"minecraft:open_chest":114,"minecraft:crouch_one_cm":804,"minecraft:interact_with_smoker":10,"minecraft:fall_one_cm":40561,"minecraft:interact_with_smithing_table":1},"minecraft:picked_up":{"minecraft:wooden_axe":1,"born_in_chaos_v1:diamond_termite_shard":6,"minecraft:crafting_table":1,"minecraft:coarse_dirt":13,"minecraft:iron_chestplate":16,"minecraft:flower_pot":1,"minecraft:clay_ball":116,"minecraft:brown_mushroom":6,"tconstruct:materials_and_you":3,"born_in_chaos_v1:black_argillite_wall":7,"born_in_chaos_v1:fired_black_argillite":1,"minecraft:shield":17,"minecraft:amethyst_block":64,"born_in_chaos_v1:black_argillite_column":10,"minecraft:moss_carpet":6,"minecraft:iron_leggings":1,"minecraft:iron_shovel":2,"born_in_chaos_v1:black_argillite_brick":10,"iceandfire:graveyard_soil":4,"minecraft:cobbled_deepslate":18,"minecraft:smooth_stone":1,"minecraft:spruce_planks":313,"minecraft:rose_bush":7,"minecraft:azalea":12,"minecraft:iron_nugget":3,"minecraft:iron_pickaxe":23,"minecraft:chest":6,"minecraft:birch_sapling":3,"minecraft:spruce_trapdoor":7,"minecraft:iron_boots":1,"minecraft:furnace":1,"minecraft:stick":263,"minecraft:raw_iron":659,"minecraft:stone":2,"minecraft:big_dripleaf":37,"minecraft:torch":59,"minecraft:redstone":270,"minecraft:rotten_flesh":62,"minecraft:pumpkin_pie":7,"iceandfire:deepslate_silver_ore":1,"minecraft:glow_berries":2,"minecraft:iron_bars":12,"minecraft:cobblestone":380,"minecraft:nautilus_shell":3,"born_in_chaos_v1:corpse_maggot":34,"born_in_chaos_v1:black_argillite_column_slab":10,"minecraft:cooked_beef":2,"minecraft:glow_ink_sac":14,"minecraft:black_bed":2,"minecraft:fern":1,"minecraft:smoker":1,"minecraft:potato":39,"minecraft:oak_log":49,"evilcraft:flesh_humanoid":38,"minecraft:gunpowder":22,"minecraft:map":3,"minecraft:lapis_lazuli":42,"minecraft:dirt":967,"minecraft:paper":12,"minecraft:lantern":1,"minecraft:bone":111,"minecraft:stone_bricks":1,"minecraft:wheat_seeds":11,"minecraft:raw_gold":109,"minecraft:iron_ingot":23,"minecraft:grindstone":1,"minecraft:moss_block":8,"minecraft:gray_bed":2,"minecraft:iron_sword":22,"minecraft:flowering_azalea":11,"minecraft:cooked_porkchop":2,"minecraft:sweet_berries":6,"born_in_chaos_v1:black_argillitepressureplate":1,"minecraft:sand":129,"minecraft:spruce_sapling":7,"minecraft:blast_furnace":1,"minecraft:spruce_log":30,"alexsmobs:animal_dictionary":2,"minecraft:spruce_door":2,"minecraft:mossy_cobblestone":4,"minecraft:pumpkin_seeds":14,"born_in_chaos_v1:fire_dust":11,"minecraft:diamond":6,"evilcraft:dark_gem":104,"minecraft:iron_helmet":10,"minecraft:bread":254,"minecraft:chainmail_helmet":8,"minecraft:oak_sapling":11,"minecraft:coal":54},"minecraft:crafted":{"minecraft:cooked_mutton":2,"minecraft:iron_boots":1,"minecraft:cooked_beef":5,"minecraft:cooked_porkchop":2,"minecraft:crafting_table":1,"minecraft:spruce_planks":132,"minecraft:iron_helmet":1,"minecraft:baked_potato":7,"minecraft:iron_sword":1,"minecraft:air":0,"minecraft:iron_chestplate":1,"minecraft:shield":3,"minecraft:stick":40,"minecraft:iron_ingot":61,"minecraft:iron_pickaxe":2,"minecraft:wooden_axe":1,"minecraft:iron_shovel":1,"minecraft:iron_leggings":1,"minecraft:torch":24},"minecraft:used":{"iceandfire:deepslate_silver_ore":1,"minecraft:iron_shovel":143,"minecraft:chest":6,"minecraft:shield":41,"minecraft:iron_sword":190,"minecraft:torch":8,"minecraft:dirt":40,"minecraft:wooden_axe":1,"minecraft:lantern":1,"evilcraft:flesh_humanoid":1,"born_in_chaos_v1:fired_black_argillite":1,"minecraft:furnace":2,"minecraft:gray_bed":1,"minecraft:cooked_beef":1,"minecraft:blast_furnace":5,"minecraft:smoker":1,"minecraft:oak_log":1,"minecraft:bread":28,"minecraft:iron_pickaxe":189,"minecraft:spruce_trapdoor":3,"minecraft:pumpkin_pie":2,"alexsmobs:animal_dictionary":2,"minecraft:coarse_dirt":1},"minecraft:dropped":{"minecraft:iron_ingot":23,"minecraft:bread":1,"minecraft:iron_sword":3,"minecraft:dirt":1,"minecraft:iron_shovel":1,"minecraft:shield":1}},"DataVersion":3120}