{"stats":{"minecraft:picked_up":{"chococraft:loverly_gysahl_green":4,"minecraft:iron_chestplate":55,"minecraft:wheat":65,"minecraft:redstone_block":10,"minecraft:lead":1,"minecraft:oak_stairs":2,"minecraft:potion":11,"minecraft:enchanted_book":25,"minecraft:stone_brick_stairs":4,"minecraft:amethyst_block":79,"born_in_chaos_v1:black_argillite":1,"minecraft:string":50,"minecraft:raw_copper":91,"alexsmobs:ancient_dart":1,"minecraft:iron_leggings":61,"minecraft:experience_bottle":88,"minecraft:beetroot":9,"minecraft:sea_pickle":1,"minecraft:cobbled_deepslate":63,"minecraft:gold_nugget":6,"minecraft:smooth_stone":1,"minecraft:bucket":18,"minecraft:spruce_planks":271,"minecraft:redstone_torch":1,"minecraft:calcite":2,"minecraft:smooth_quartz":52,"minecraft:iron_pickaxe":121,"minecraft:melon_slice":15,"minecraft:coal_block":27,"evilcraft:blood_extractor":1,"minecraft:furnace":1,"minecraft:smooth_quartz_stairs":10,"minecraft:iron_boots":45,"minecraft:tipped_arrow":5,"minecraft:stick":213,"minecraft:oak_fence":1,"minecraft:torch":1207,"minecraft:acacia_log":3,"minecraft:spruce_stairs":1,"minecraft:sandstone_wall":4,"minecraft:porkchop":11,"minecraft:dried_kelp":27,"gobber2:gobber2_foo":15,"minecraft:stone_sword":4,"minecraft:rotten_flesh":16,"minecraft:polished_basalt":38,"minecraft:iron_block":21,"minecraft:mangrove_roots":1,"minecraft:iron_bars":55,"minecraft:snowball":77,"minecraft:cobblestone":3899,"minecraft:birch_log":2,"minecraft:leather_chestplate":2,"minecraft:cooked_beef":79,"minecraft:water_bucket":10,"minecraft:andesite":2,"minecraft:chiseled_quartz_block":26,"minecraft:potato":50,"alexsmobs:bison_fur":5,"minecraft:flint":2,"evilcraft:flesh_humanoid":122,"minecraft:prismarine_bricks":1,"minecraft:lantern":1,"minecraft:stripped_birch_log":14,"minecraft:lapis_lazuli":61,"minecraft:dirt":2148,"minecraft:name_tag":4,"minecraft:bone":122,"minecraft:acacia_planks":10,"minecraft:bow":20,"gobber2:gobber2_gooey_beef":18,"minecraft:wheat_seeds":65,"minecraft:raw_gold":1,"minecraft:waxed_weathered_cut_copper_slab":3,"minecraft:stone_hoe":2,"minecraft:oak_planks":47,"gobber2:gobber2_gooey_bread":1,"minecraft:cooked_porkchop":3,"minecraft:music_disc_13":5,"minecraft:sand":13,"minecraft:stripped_spruce_log":7,"minecraft:spectral_arrow":2,"minecraft:mossy_cobblestone":5,"travelersbackpack:white_sleeping_bag":17,"minecraft:iron_hoe":2,"minecraft:slime_block":3,"minecraft:writable_book":1,"minecraft:crossbow":10,"minecraft:granite":8,"minecraft:bone_meal":35,"minecraft:golden_apple":8,"minecraft:bread":943,"minecraft:emerald":309,"minecraft:chainmail_helmet":11,"born_in_chaos_v1:rotten_fish":5,"minecraft:dark_oak_fence":8,"minecraft:bricks":3,"gobber2:gobber2_goo":13,"minecraft:charcoal":2,"minecraft:crafting_table":11,"minecraft:coarse_dirt":10,"evilcraft:dark_power_gem":1,"tconstruct:materials_and_you":1,"minecraft:wooden_pickaxe":3,"tconstruct:sword":5,"minecraft:shield":38,"minecraft:red_bed":7,"minecraft:iron_axe":21,"born_in_chaos_v1:intoxicating_decoction":3,"minecraft:iron_shovel":36,"minecraft:beef":7,"born_in_chaos_v1:gnawed_bones":3,"minecraft:player_head":5,"minecraft:iron_nugget":21,"minecraft:chest":4,"minecraft:birch_sapling":1,"minecraft:phantom_membrane":12,"minecraft:egg":1,"minecraft:raw_iron":78,"minecraft:sandstone":245,"minecraft:carrot":274,"minecraft:redstone":5,"minecraft:tnt":1,"minecraft:arrow":952,"minecraft:beetroot_seeds":25,"born_in_chaos_v1:wood_splitter_axe":4,"minecraft:shears":10,"minecraft:totem_of_undying":4,"minecraft:saddle":1,"minecraft:gold_ingot":74,"minecraft:skeleton_skull":1,"minecraft:white_wool":88,"born_in_chaos_v1:fused_bone":2,"born_in_chaos_v1:corpse_maggot":4,"minecraft:salmon":3,"gobber2:gobber2_gooey_beefstew":2,"minecraft:waxed_copper_block":1,"minecraft:oak_log":34,"minecraft:chainmail_chestplate":4,"minecraft:gunpowder":55,"tconstruct:sky_slime_crystal_block":1,"minecraft:smooth_sandstone":237,"chococraft:gysahl_green":78,"minecraft:apple":5,"minecraft:stone_bricks":5,"minecraft:kelp":4,"alexsmobs:cockroach_wing_fragment":3,"minecraft:spruce_wood":2,"minecraft:iron_ingot":214,"minecraft:stone_pickaxe":8,"minecraft:glass_bottle":3,"minecraft:iron_sword":60,"minecraft:dark_oak_stairs":2,"minecraft:book":27,"minecraft:dark_oak_slab":8,"minecraft:emerald_block":2,"minecraft:pumpkin":6,"minecraft:gravel":28,"minecraft:amethyst_shard":4,"minecraft:spruce_sapling":4,"chococraft:gysahl_green_seeds":12,"minecraft:blast_furnace":5,"minecraft:spruce_log":26,"minecraft:oak_wood":27,"minecraft:light_gray_candle":18,"minecraft:campfire":5,"minecraft:stone_axe":43,"minecraft:iron_helmet":41,"evilcraft:dark_gem":1,"minecraft:gray_wool":14,"minecraft:baked_potato":585,"minecraft:stripped_dark_oak_log":16,"minecraft:coal":960,"minecraft:smooth_quartz_slab":1},"minecraft:mined":{"minecraft:spruce_planks":3,"minecraft:farmland":1,"minecraft:granite":2,"minecraft:budding_amethyst":8,"minecraft:grass_block":26,"gobber2:gobber2_lucky_block":9,"minecraft:coal_block":3,"minecraft:spawner":10,"minecraft:smooth_stone":1,"minecraft:iron_ore":4,"minecraft:pumpkin":2,"minecraft:deepslate_lapis_ore":4,"minecraft:dark_oak_stairs":2,"chococraft:gysahl_green":5,"minecraft:dirt_path":1,"minecraft:oak_stairs":2,"minecraft:iron_bars":8,"minecraft:light_gray_concrete":1,"minecraft:spruce_wood":2,"minecraft:iron_block":21,"minecraft:player_head":1,"minecraft:tripwire":1,"minecraft:red_bed":1,"minecraft:kelp_plant":1,"minecraft:chiseled_quartz_block":6,"minecraft:torch":8,"minecraft:calcite":1,"minecraft:chest":4,"minecraft:smooth_quartz_slab":1,"minecraft:cobblestone":12,"minecraft:sugar_cane":2,"minecraft:oak_planks":4,"minecraft:bricks":3,"minecraft:wall_torch":17,"minecraft:amethyst_block":73,"minecraft:skeleton_skull":1,"minecraft:light_gray_candle":1,"minecraft:light_gray_stained_glass":2,"minecraft:wheat":24,"minecraft:tnt":1,"minecraft:stone_brick_stairs":1,"minecraft:grass":59,"minecraft:oak_log":22,"minecraft:beetroots":8,"minecraft:sand":9,"minecraft:dirt":17,"minecraft:smooth_quartz":12,"minecraft:sandstone_wall":2,"minecraft:oak_leaves":5,"minecraft:deepslate":29,"minecraft:emerald_block":2,"minecraft:mossy_cobblestone":1,"minecraft:mangrove_roots":1,"born_in_chaos_v1:black_argillite":1,"minecraft:redstone_wire":2,"travelersbackpack:white_sleeping_bag":6,"minecraft:spruce_leaves":12,"born_in_chaos_v1:gnawed_bones":1,"minecraft:sandstone":51,"minecraft:large_fern":6,"minecraft:black_stained_glass_pane":1,"minecraft:furnace":1,"minecraft:carrots":13,"minecraft:snow":1,"minecraft:andesite":2,"minecraft:stripped_spruce_log":3,"minecraft:potatoes":12,"minecraft:deepslate_iron_ore":11,"minecraft:vine":2,"minecraft:lantern":1,"minecraft:smooth_quartz_stairs":12,"minecraft:stone":371,"minecraft:white_wool":19,"minecraft:cake":1,"minecraft:redstone_block":2,"minecraft:glass_pane":1,"minecraft:crafting_table":3,"minecraft:smooth_sandstone":6,"minecraft:oak_wood":25,"minecraft:campfire":1,"minecraft:tall_grass":6,"minecraft:copper_ore":5,"minecraft:lapis_ore":2,"minecraft:spruce_stairs":1,"minecraft:coarse_dirt":3,"minecraft:spruce_log":21,"gobber2:gobber2_lucky_block_deepslate":1,"minecraft:coal_ore":54,"minecraft:gravel":24,"minecraft:cobweb":5,"minecraft:stone_bricks":3,"minecraft:fern":1},"minecraft:broken":{"minecraft:iron_shovel":1,"minecraft:iron_boots":1,"minecraft:stone_axe":1,"minecraft:iron_sword":1},"minecraft:killed":{"minecraft:cave_spider":1,"born_in_chaos_v1:zombie_lumberjack":1,"minecraft:spider":1,"minecraft:skeleton":14,"minecraft:pig":4,"minecraft:zombie_villager":1,"born_in_chaos_v1:diamond_termite":1,"minecraft:salmon":2,"minecraft:creeper":2,"minecraft:zombie":3,"born_in_chaos_v1:corpse_fly":3,"alexsmobs:raccoon":2,"alexsmobs:sugar_glider":1,"born_in_chaos_v1:corpse_fish":1,"alexsmobs:bison":2,"born_in_chaos_v1:barrel_zombie":1,"born_in_chaos_v1:decrepit_skeleton":1},"minecraft:used":{"gobber2:gobber2_goo":2,"minecraft:iron_shovel":110,"minecraft:chest":8,"gobber2:gobber2_gooey_bread":1,"minecraft:shield":20,"minecraft:iron_sword":510,"minecraft:iron_chestplate":2,"tconstruct:sword":20,"minecraft:carrot":22,"minecraft:snowball":5,"minecraft:lantern":1,"minecraft:bow":14,"minecraft:furnace":2,"minecraft:egg":1,"minecraft:potato":27,"minecraft:stone_pickaxe":143,"minecraft:wooden_pickaxe":20,"minecraft:sandstone":20,"minecraft:white_wool":1,"minecraft:sand":8,"minecraft:chiseled_quartz_block":3,"gobber2:gobber2_gooey_beefstew":2,"minecraft:bread":26,"minecraft:melon_slice":4,"minecraft:gravel":11,"minecraft:coarse_dirt":4,"minecraft:stone_sword":11,"minecraft:dried_kelp":4,"minecraft:spruce_planks":5,"minecraft:stone_hoe":2,"minecraft:torch":102,"minecraft:dirt":60,"minecraft:iron_hoe":33,"minecraft:iron_axe":41,"evilcraft:flesh_humanoid":4,"gobber2:gobber2_gooey_beef":2,"minecraft:cooked_beef":5,"minecraft:cobbled_deepslate":3,"minecraft:pumpkin":2,"minecraft:iron_leggings":2,"minecraft:wheat_seeds":16,"minecraft:baked_potato":34,"minecraft:crafting_table":4,"minecraft:campfire":3,"minecraft:apple":1,"minecraft:iron_pickaxe":616,"travelersbackpack:white_sleeping_bag":8,"minecraft:stone_axe":258,"minecraft:cobblestone":95,"minecraft:porkchop":2,"minecraft:bucket":1,"born_in_chaos_v1:wood_splitter_axe":81},"minecraft:killed_by":{"minecraft:wither_skeleton":2,"minecraft:creeper":2,"born_in_chaos_v1:glutton_fish":1,"sanitydim:rotting_stalker":1,"minecraft:vindicator":13,"sanitydim:sneaking_terror":2,"minecraft:zombie":4,"minecraft:vex":14,"minecraft:player":4,"minecraft:stray":8,"minecraft:spider":1,"minecraft:enderman":1,"minecraft:skeleton":36},"minecraft:custom":{"minecraft:interact_with_crafting_table":36,"minecraft:open_barrel":20,"minecraft:leave_game":8,"minecraft:time_since_death":282,"minecraft:sprint_one_cm":538925,"minecraft:damage_blocked_by_shield":1260,"minecraft:drop":151,"minecraft:talked_to_villager":3,"minecraft:play_time":689134,"minecraft:deaths":187,"minecraft:jump":5527,"minecraft:walk_on_water_one_cm":92324,"minecraft:interact_with_furnace":64,"minecraft:interact_with_loom":2,"minecraft:sleep_in_bed":26,"minecraft:waystone_activated":1,"minecraft:damage_dealt":18234,"minecraft:player_kills":2,"minecraft:crouch_one_cm":5160,"minecraft:inspect_dispenser":5,"minecraft:mob_kills":64,"minecraft:damage_dealt_resisted":20,"minecraft:climb_one_cm":27808,"minecraft:walk_one_cm":1861052,"minecraft:sneak_time":6265,"minecraft:walk_under_water_one_cm":73319,"minecraft:interact_with_lectern":1,"minecraft:interact_with_blast_furnace":2,"minecraft:total_world_time":689134,"minecraft:tune_noteblock":5,"minecraft:time_since_rest":362,"minecraft:damage_taken":56738,"minecraft:swim_one_cm":46208,"minecraft:fly_one_cm":413827,"minecraft:open_chest":494,"minecraft:fall_one_cm":135202},"minecraft:crafted":{"minecraft:oak_planks":104,"minecraft:bow":1,"minecraft:iron_boots":3,"minecraft:chest":4,"minecraft:crafting_table":2,"minecraft:spruce_planks":64,"minecraft:wooden_pickaxe":1,"minecraft:baked_potato":76,"minecraft:iron_helmet":3,"minecraft:campfire":3,"minecraft:iron_chestplate":1,"minecraft:shield":2,"minecraft:stick":172,"minecraft:iron_ingot":14,"minecraft:iron_pickaxe":6,"minecraft:stone_sword":1,"minecraft:coal":9,"travelersbackpack:white_sleeping_bag":4,"minecraft:spruce_wood":6,"minecraft:stone_pickaxe":6,"minecraft:dark_oak_planks":16,"minecraft:cooked_beef":7,"minecraft:iron_sword":6,"minecraft:stone_axe":2,"minecraft:bread":4,"minecraft:air":0,"minecraft:iron_shovel":1,"minecraft:iron_leggings":1,"minecraft:acacia_planks":4,"minecraft:torch":128,"minecraft:lapis_block":1},"minecraft:dropped":{"minecraft:iron_sword":9,"minecraft:cooked_beef":1,"minecraft:baked_potato":1,"minecraft:crafting_table":1,"minecraft:crossbow":1,"evilcraft:dark_power_gem":1,"minecraft:emerald":17,"minecraft:flint":2,"minecraft:dirt":1,"minecraft:dark_oak_fence":4,"minecraft:snowball":17,"minecraft:iron_pickaxe":3,"minecraft:stone_axe":7,"evilcraft:flesh_humanoid":8,"minecraft:carrot":3,"travelersbackpack:white_sleeping_bag":1,"minecraft:oak_wood":3,"minecraft:bread":2,"minecraft:iron_ingot":2,"minecraft:cobblestone":2,"minecraft:coal":30,"minecraft:golden_apple":1,"evilcraft:blood_extractor":1,"minecraft:torch":30,"minecraft:iron_axe":3,"minecraft:string":2,"minecraft:lapis_block":1,"minecraft:coarse_dirt":1,"minecraft:raw_iron":1,"minecraft:slime_block":1,"minecraft:shield":1,"minecraft:spruce_planks":3,"minecraft:spruce_log":3,"minecraft:bow":2,"minecraft:stone_pickaxe":1,"minecraft:wooden_pickaxe":1}},"DataVersion":3120}