{"stats":{"minecraft:killed_by":{"graveyard:ghoul":1,"minecraft:creeper":2,"born_in_chaos_v1:zombie_bruiser":1,"graveyard:skeleton_creeper":1,"laendli_transport:slabcrab":2,"born_in_chaos_v1:decaying_zombie":1,"minecraft:skeleton":2,"iceandfire:ghost":9,"born_in_chaos_v1:dread_hound":2},"minecraft:killed":{"minecraft:spider":1,"minecraft:skeleton":1,"minecraft:silverfish":7,"born_in_chaos_v1:firelight_not_despawn":3,"graveyard:ghoul":1,"born_in_chaos_v1:diamond_termite":1,"minecraft:bat":1,"born_in_chaos_v1:decrepit_skeleton":2,"minecraft:zombie":1,"iceandfire:ghost":1,"born_in_chaos_v1:corpse_fly":4},"minecraft:mined":{"iceandfire:graveyard_soil":1,"minecraft:mossy_cobblestone":1,"minecraft:deepslate_diamond_ore":3,"born_in_chaos_v1:infected_diamond_ore":1,"iceandfire:deepslate_silver_ore":1,"minecraft:spruce_leaves":6,"minecraft:moss_block":1,"born_in_chaos_v1:black_argillite_column":1,"minecraft:tall_seagrass":1,"minecraft:furnace":1,"minecraft:iron_ore":45,"minecraft:andesite":1,"evilcraft:dark_ore":2,"minecraft:big_dripleaf_stem":1,"minecraft:deepslate_iron_ore":20,"minecraft:vine":2,"minecraft:iron_bars":2,"minecraft:lantern":1,"minecraft:azalea":1,"minecraft:stone":7,"minecraft:deepslate_redstone_ore":12,"minecraft:flowering_azalea":1,"minecraft:brown_mushroom":1,"minecraft:medium_amethyst_bud":1,"minecraft:clay":4,"minecraft:blast_furnace":1,"minecraft:calcite":2,"minecraft:chest":6,"minecraft:rose_bush":1,"born_in_chaos_v1:black_argillite_column_slab":2,"minecraft:cobblestone":2,"minecraft:tall_grass":1,"minecraft:deepslate_gold_ore":1,"minecraft:lapis_ore":6,"minecraft:amethyst_block":8,"minecraft:wall_torch":1,"minecraft:big_dripleaf":1,"minecraft:coarse_dirt":6,"born_in_chaos_v1:fired_black_argillite":1,"minecraft:gray_bed":1,"minecraft:spruce_log":1,"minecraft:black_bed":1,"born_in_chaos_v1:black_argillite_brick":2,"minecraft:grass":3,"minecraft:coal_ore":27,"minecraft:dirt":4,"minecraft:small_dripleaf":1,"born_in_chaos_v1:black_argillite_wall":1,"minecraft:gold_ore":7,"minecraft:deepslate":6,"minecraft:infested_stone":1},"minecraft:custom":{"minecraft:mob_kills":26,"minecraft:interact_with_anvil":1,"minecraft:interact_with_crafting_table":7,"minecraft:bell_ring":10,"minecraft:time_since_death":587,"minecraft:climb_one_cm":1979,"minecraft:sprint_one_cm":174370,"minecraft:walk_one_cm":438693,"minecraft:damage_blocked_by_shield":1090,"minecraft:drop":5,"minecraft:talked_to_villager":2,"minecraft:play_time":124812,"minecraft:deaths":22,"minecraft:sneak_time":1010,"minecraft:walk_under_water_one_cm":65506,"minecraft:jump":1320,"minecraft:interact_with_blast_furnace":7,"minecraft:walk_on_water_one_cm":63964,"minecraft:total_world_time":124812,"minecraft:interact_with_furnace":6,"minecraft:interact_with_loom":1,"minecraft:interact_with_grindstone":1,"minecraft:interact_with_stonecutter":1,"minecraft:sleep_in_bed":6,"minecraft:time_since_rest":696,"minecraft:damage_taken":7803,"minecraft:trigger_trapped_chest":2,"minecraft:damage_dealt":5612,"minecraft:swim_one_cm":62093,"minecraft:fly_one_cm":67187,"minecraft:open_chest":85,"minecraft:crouch_one_cm":804,"minecraft:interact_with_smoker":9,"minecraft:fall_one_cm":31900},"minecraft:picked_up":{"minecraft:wooden_axe":1,"born_in_chaos_v1:diamond_termite_shard":5,"minecraft:crafting_table":1,"minecraft:coarse_dirt":13,"minecraft:iron_chestplate":7,"minecraft:flower_pot":1,"minecraft:clay_ball":66,"minecraft:brown_mushroom":6,"tconstruct:materials_and_you":3,"born_in_chaos_v1:black_argillite_wall":7,"born_in_chaos_v1:fired_black_argillite":1,"minecraft:shield":11,"minecraft:amethyst_block":24,"born_in_chaos_v1:black_argillite_column":10,"minecraft:moss_carpet":3,"born_in_chaos_v1:black_argillite_brick":10,"iceandfire:graveyard_soil":4,"minecraft:cobbled_deepslate":12,"minecraft:smooth_stone":1,"minecraft:spruce_planks":313,"minecraft:rose_bush":7,"minecraft:azalea":5,"minecraft:iron_nugget":3,"minecraft:iron_pickaxe":16,"minecraft:chest":6,"minecraft:birch_sapling":3,"minecraft:spruce_trapdoor":3,"minecraft:furnace":1,"minecraft:stick":173,"minecraft:raw_iron":274,"minecraft:stone":2,"minecraft:big_dripleaf":29,"minecraft:torch":59,"minecraft:redstone":162,"minecraft:rotten_flesh":62,"minecraft:pumpkin_pie":7,"iceandfire:deepslate_silver_ore":1,"minecraft:iron_bars":12,"minecraft:cobblestone":164,"born_in_chaos_v1:corpse_maggot":34,"born_in_chaos_v1:black_argillite_column_slab":10,"minecraft:glow_ink_sac":12,"minecraft:black_bed":2,"minecraft:fern":1,"minecraft:smoker":1,"minecraft:potato":39,"minecraft:oak_log":49,"evilcraft:flesh_humanoid":28,"minecraft:gunpowder":11,"minecraft:map":3,"minecraft:lapis_lazuli":42,"minecraft:dirt":861,"minecraft:paper":12,"minecraft:lantern":1,"minecraft:bone":57,"minecraft:stone_bricks":1,"minecraft:wheat_seeds":5,"minecraft:raw_gold":37,"minecraft:grindstone":1,"minecraft:moss_block":7,"minecraft:gray_bed":2,"minecraft:iron_sword":21,"minecraft:flowering_azalea":7,"minecraft:sweet_berries":6,"born_in_chaos_v1:black_argillitepressureplate":1,"minecraft:spruce_sapling":7,"minecraft:blast_furnace":1,"minecraft:spruce_log":6,"alexsmobs:animal_dictionary":2,"minecraft:spruce_door":2,"minecraft:mossy_cobblestone":4,"minecraft:pumpkin_seeds":14,"born_in_chaos_v1:fire_dust":11,"minecraft:diamond":6,"evilcraft:dark_gem":32,"minecraft:iron_helmet":9,"minecraft:bread":253,"minecraft:chainmail_helmet":8,"minecraft:oak_sapling":11,"minecraft:coal":54},"minecraft:crafted":{"minecraft:cooked_mutton":2,"minecraft:cooked_beef":5,"minecraft:cooked_porkchop":2,"minecraft:crafting_table":1,"minecraft:spruce_planks":72,"minecraft:baked_potato":7,"minecraft:air":0,"minecraft:shield":2,"minecraft:stick":32,"minecraft:iron_pickaxe":1,"minecraft:wooden_axe":1,"minecraft:torch":24},"minecraft:used":{"iceandfire:deepslate_silver_ore":1,"minecraft:chest":6,"minecraft:shield":38,"minecraft:iron_sword":183,"minecraft:torch":8,"minecraft:dirt":40,"minecraft:wooden_axe":1,"minecraft:lantern":1,"born_in_chaos_v1:fired_black_argillite":1,"minecraft:furnace":2,"minecraft:gray_bed":1,"minecraft:blast_furnace":5,"minecraft:smoker":1,"minecraft:oak_log":1,"minecraft:bread":28,"minecraft:iron_pickaxe":185,"minecraft:pumpkin_pie":2,"alexsmobs:animal_dictionary":2,"minecraft:coarse_dirt":1},"minecraft:dropped":{"minecraft:bread":1,"minecraft:iron_sword":3,"minecraft:dirt":1}},"DataVersion":3120}