{"stats":{"minecraft:killed":{"mutationcraft:assimilated_donkey":1,"born_in_chaos_v1:zombie_lumberjack":1,"alexsmobs:raccoon":1,"alexsmobs:sugar_glider":1,"mutationcraft:reductor":1,"minecraft:skeleton":3,"mutationcraft:necroptor":3,"alexsmobs:bison":2,"mutationcraft:assimilated_roamer":2,"mutationcraft:developed_roamer":5,"minecraft:pig":4,"mutationcraft:assimilated_spider":1,"born_in_chaos_v1:decrepit_skeleton":1,"minecraft:zombie":2,"mutationcraft:assimilated_human":1,"born_in_chaos_v1:corpse_fly":3},"minecraft:broken":{"minecraft:iron_shovel":1,"minecraft:stone_axe":1,"minecraft:iron_sword":1},"minecraft:used":{"minecraft:stone_sword":11,"minecraft:iron_shovel":81,"minecraft:chest":4,"minecraft:spruce_planks":4,"minecraft:iron_sword":255,"minecraft:stone_hoe":2,"minecraft:iron_chestplate":1,"minecraft:torch":17,"minecraft:dirt":55,"minecraft:carrot":2,"minecraft:snowball":5,"minecraft:lantern":1,"minecraft:iron_axe":41,"evilcraft:flesh_humanoid":4,"mutationcraft:putrid_claw":3,"minecraft:furnace":2,"minecraft:egg":1,"minecraft:cooked_beef":3,"minecraft:pumpkin":2,"minecraft:iron_leggings":1,"minecraft:stone_pickaxe":143,"minecraft:baked_potato":1,"minecraft:wooden_pickaxe":20,"minecraft:crafting_table":3,"minecraft:campfire":3,"minecraft:bread":22,"minecraft:melon_slice":4,"travelersbackpack:white_sleeping_bag":3,"minecraft:iron_pickaxe":210,"minecraft:stone_axe":144,"minecraft:cobblestone":12,"minecraft:porkchop":2,"born_in_chaos_v1:wood_splitter_axe":81,"minecraft:coarse_dirt":4},"minecraft:picked_up":{"minecraft:charcoal":2,"minecraft:iron_chestplate":19,"chococraft:loverly_gysahl_green":4,"minecraft:coarse_dirt":10,"minecraft:crafting_table":10,"minecraft:wheat":41,"minecraft:lead":1,"minecraft:wooden_pickaxe":3,"minecraft:potion":1,"minecraft:enchanted_book":20,"minecraft:shield":5,"minecraft:string":9,"minecraft:red_bed":7,"alexsmobs:ancient_dart":1,"minecraft:iron_axe":18,"minecraft:iron_leggings":16,"born_in_chaos_v1:intoxicating_decoction":3,"minecraft:iron_shovel":7,"minecraft:experience_bottle":4,"minecraft:gold_nugget":6,"minecraft:bucket":5,"minecraft:spruce_planks":268,"minecraft:beef":7,"minecraft:redstone_torch":1,"born_in_chaos_v1:gnawed_bones":3,"minecraft:smooth_quartz":1,"minecraft:iron_pickaxe":49,"minecraft:chest":4,"minecraft:birch_sapling":1,"minecraft:egg":1,"minecraft:smooth_quartz_stairs":10,"minecraft:furnace":1,"minecraft:iron_boots":22,"minecraft:stick":191,"minecraft:raw_iron":5,"minecraft:oak_fence":1,"minecraft:torch":761,"minecraft:acacia_log":3,"mutationcraft:putrid_claw":76,"minecraft:porkchop":11,"minecraft:carrot":217,"minecraft:redstone":1,"minecraft:tnt":1,"minecraft:stone_sword":4,"minecraft:arrow":108,"minecraft:rotten_flesh":12,"minecraft:beetroot_seeds":2,"born_in_chaos_v1:wood_splitter_axe":4,"minecraft:shears":2,"minecraft:iron_block":21,"minecraft:saddle":1,"minecraft:gold_ingot":18,"minecraft:totem_of_undying":4,"minecraft:iron_bars":9,"minecraft:skeleton_skull":1,"minecraft:snowball":77,"minecraft:white_wool":16,"minecraft:cobblestone":2513,"born_in_chaos_v1:fused_bone":2,"minecraft:birch_log":2,"born_in_chaos_v1:corpse_maggot":4,"minecraft:leather_chestplate":2,"minecraft:cooked_beef":11,"alexsmobs:bison_fur":5,"minecraft:chainmail_chestplate":1,"minecraft:oak_log":14,"minecraft:prismarine_bricks":1,"minecraft:waxed_copper_block":1,"evilcraft:flesh_humanoid":89,"minecraft:gunpowder":16,"minecraft:stripped_birch_log":14,"minecraft:dirt":2119,"minecraft:lantern":1,"minecraft:acacia_planks":10,"minecraft:bone":18,"mutationcraft:putrid_brain":7,"chococraft:gysahl_green":78,"minecraft:apple":5,"minecraft:stone_bricks":2,"minecraft:wheat_seeds":2,"alexsmobs:cockroach_wing_fragment":3,"minecraft:iron_ingot":16,"minecraft:waxed_weathered_cut_copper_slab":3,"minecraft:stone_pickaxe":5,"minecraft:glass_bottle":3,"minecraft:iron_sword":33,"minecraft:stone_hoe":2,"minecraft:book":3,"minecraft:pumpkin":6,"minecraft:sand":5,"chococraft:gysahl_green_seeds":12,"minecraft:stripped_spruce_log":7,"minecraft:spruce_sapling":4,"minecraft:blast_furnace":5,"minecraft:spruce_log":26,"minecraft:spectral_arrow":2,"travelersbackpack:white_sleeping_bag":2,"minecraft:oak_wood":3,"minecraft:slime_block":2,"minecraft:campfire":5,"minecraft:stone_axe":8,"minecraft:writable_book":1,"minecraft:iron_helmet":12,"minecraft:crossbow":10,"minecraft:golden_apple":7,"minecraft:emerald":243,"minecraft:bread":909,"minecraft:baked_potato":91,"minecraft:dark_oak_fence":8,"minecraft:stripped_dark_oak_log":16,"minecraft:bricks":3,"minecraft:smooth_quartz_slab":1,"minecraft:coal":173},"minecraft:killed_by":{"mutationcraft:assimilated_pig":1,"minecraft:player":4,"mutationcraft:assimilated_donkey":4,"mutationcraft:assimilated_spider":1,"sanitydim:rotting_stalker":1,"mutationcraft:assimilated_wandering_trader":1,"mutationcraft:assimilated_bear":1,"mutationcraft:assimilated_human":3,"minecraft:vindicator":13,"sanitydim:sneaking_terror":1,"mutationcraft:assimilated_wolf":8,"mutationcraft:necroptor":16,"minecraft:skeleton":3,"mutationcraft:assimilated_villager":2,"mutationcraft:human_stage_3":1,"mutationcraft:assimilated_roamer":19,"mutationcraft:developed_roamer":20,"mutationcraft:assimilated_enderman":8,"minecraft:vex":14},"minecraft:crafted":{"travelersbackpack:white_sleeping_bag":2,"minecraft:spruce_wood":6,"minecraft:stone_pickaxe":6,"minecraft:chest":2,"minecraft:dark_oak_planks":16,"minecraft:cooked_beef":7,"minecraft:crafting_table":2,"minecraft:spruce_planks":64,"minecraft:iron_helmet":1,"minecraft:baked_potato":22,"minecraft:wooden_pickaxe":1,"minecraft:iron_sword":3,"minecraft:campfire":3,"minecraft:stone_axe":2,"minecraft:bread":4,"minecraft:air":0,"minecraft:stick":108,"minecraft:iron_pickaxe":5,"minecraft:stone_sword":1,"minecraft:acacia_planks":4,"minecraft:torch":56},"minecraft:mined":{"minecraft:grass_block":24,"minecraft:redstone_wire":1,"travelersbackpack:white_sleeping_bag":2,"minecraft:spruce_leaves":12,"born_in_chaos_v1:gnawed_bones":1,"minecraft:spawner":2,"minecraft:large_fern":6,"minecraft:furnace":1,"minecraft:iron_ore":1,"minecraft:snow":1,"minecraft:stripped_spruce_log":3,"minecraft:pumpkin":2,"chococraft:gysahl_green":5,"minecraft:lantern":1,"minecraft:iron_bars":2,"minecraft:smooth_quartz_stairs":12,"minecraft:stone":244,"minecraft:iron_block":21,"minecraft:cake":1,"minecraft:red_bed":1,"minecraft:crafting_table":2,"minecraft:chest":4,"minecraft:campfire":1,"minecraft:tall_grass":5,"minecraft:smooth_quartz_slab":1,"minecraft:cobblestone":12,"minecraft:sugar_cane":2,"minecraft:bricks":3,"minecraft:wall_torch":5,"minecraft:skeleton_skull":1,"minecraft:coarse_dirt":3,"minecraft:spruce_log":21,"minecraft:tnt":1,"minecraft:grass":48,"minecraft:coal_ore":46,"minecraft:oak_log":12,"minecraft:sand":1,"minecraft:smooth_quartz":1,"minecraft:dirt":16,"minecraft:cobweb":1,"minecraft:stone_bricks":2,"minecraft:oak_leaves":2,"minecraft:fern":1},"minecraft:custom":{"minecraft:mob_kills":33,"minecraft:interact_with_crafting_table":31,"minecraft:open_barrel":19,"minecraft:damage_dealt_resisted":20,"minecraft:leave_game":3,"minecraft:time_since_death":18717,"minecraft:climb_one_cm":7567,"minecraft:sprint_one_cm":261586,"minecraft:walk_one_cm":933139,"minecraft:drop":132,"minecraft:talked_to_villager":3,"minecraft:play_time":305326,"minecraft:deaths":125,"minecraft:sneak_time":4746,"minecraft:walk_under_water_one_cm":20348,"minecraft:interact_with_lectern":1,"minecraft:jump":2857,"minecraft:interact_with_blast_furnace":2,"minecraft:walk_on_water_one_cm":37158,"minecraft:total_world_time":305326,"minecraft:interact_with_furnace":24,"minecraft:interact_with_loom":1,"minecraft:sleep_in_bed":12,"minecraft:time_since_rest":0,"minecraft:waystone_activated":1,"minecraft:damage_taken":36511,"minecraft:damage_dealt":10169,"minecraft:swim_one_cm":1732,"minecraft:player_kills":2,"minecraft:fly_one_cm":146543,"minecraft:open_chest":203,"minecraft:crouch_one_cm":663,"minecraft:fall_one_cm":75894},"minecraft:dropped":{"minecraft:bread":2,"minecraft:iron_sword":6,"minecraft:cooked_beef":1,"minecraft:crafting_table":1,"minecraft:crossbow":1,"minecraft:coal":30,"minecraft:golden_apple":1,"minecraft:emerald":17,"minecraft:dirt":1,"minecraft:dark_oak_fence":4,"minecraft:torch":29,"minecraft:snowball":17,"minecraft:iron_axe":3,"minecraft:iron_pickaxe":2,"minecraft:string":2,"mutationcraft:putrid_claw":31,"minecraft:stone_axe":5,"minecraft:coarse_dirt":1,"minecraft:raw_iron":1,"evilcraft:flesh_humanoid":8,"minecraft:carrot":3,"travelersbackpack:white_sleeping_bag":1,"minecraft:spruce_planks":3,"minecraft:oak_wood":3,"minecraft:spruce_log":3,"minecraft:stone_pickaxe":1,"minecraft:wooden_pickaxe":1,"mutationcraft:putrid_brain":4}},"DataVersion":3120}