{"stats":{"minecraft:killed_by":{"minecraft:wither_skeleton":1,"born_in_chaos_v1:nightmare_stalker":1,"minecraft:creeper":8,"iceandfire:siren":1,"born_in_chaos_v1:zombie_bruiser":1,"tconstruct:sky_slime":1,"graveyard:skeleton_creeper":1,"iceandfire:sea_serpent":15,"minecraft:vindicator":1,"born_in_chaos_v1:diamond_termite":1,"iceandfire:ice_dragon":28,"minecraft:zombie":19,"alexsmobs:grizzly_bear":2,"graveyard:revenant":1,"minecraft:player":3,"minecraft:wolf":1,"born_in_chaos_v1:restless_spirit":2,"minecraft:stray":7,"graveyard:ghoul":8,"born_in_chaos_v1:zombie_lumberjack":1,"minecraft:enderman":3,"minecraft:slime":1,"laendli_transport:slabcrab":18,"born_in_chaos_v1:decaying_zombie":1,"minecraft:skeleton":11,"born_in_chaos_v1:corpse_fish":2,"iceandfire:ghost":15,"cave_dweller:cave_dweller":1,"born_in_chaos_v1:dread_hound":2,"iceandfire:troll":1},"minecraft:custom":{"minecraft:animals_bred":11,"minecraft:interact_with_crafting_table":19,"minecraft:open_barrel":48,"minecraft:bell_ring":10,"minecraft:leave_game":4,"minecraft:time_since_death":33397,"minecraft:damage_resisted":963,"minecraft:sprint_one_cm":1529313,"minecraft:damage_blocked_by_shield":11856,"minecraft:drop":181,"minecraft:talked_to_villager":7,"minecraft:play_time":1424469,"minecraft:deaths":168,"minecraft:jump":9483,"minecraft:walk_on_water_one_cm":434488,"minecraft:interact_with_furnace":52,"minecraft:interact_with_cartography_table":3,"minecraft:interact_with_loom":1,"minecraft:sleep_in_bed":31,"minecraft:damage_dealt":52245,"minecraft:player_kills":2,"minecraft:crouch_one_cm":9367,"minecraft:interact_with_smoker":29,"minecraft:interact_with_smithing_table":7,"minecraft:interact_with_anvil":8,"minecraft:mob_kills":275,"minecraft:damage_dealt_resisted":2242,"minecraft:climb_one_cm":98182,"minecraft:walk_one_cm":4133521,"minecraft:sneak_time":10429,"minecraft:walk_under_water_one_cm":466708,"minecraft:boat_one_cm":3878,"minecraft:interact_with_blast_furnace":63,"minecraft:total_world_time":1424469,"minecraft:interact_with_stonecutter":1,"minecraft:interact_with_grindstone":5,"minecraft:time_since_rest":33429,"minecraft:damage_taken":60454,"minecraft:trigger_trapped_chest":5,"minecraft:swim_one_cm":151064,"minecraft:fly_one_cm":616443,"minecraft:open_chest":1157,"minecraft:fall_one_cm":190581},"minecraft:used":{"iceandfire:deepslate_silver_ore":1,"minecraft:iron_shovel":429,"minecraft:chest":9,"minecraft:white_terracotta":2,"minecraft:shield":337,"minecraft:iron_sword":1046,"minecraft:creeper_head":2,"minecraft:iron_chestplate":3,"minecraft:soul_sand":32,"tconstruct:sledge_hammer":6,"minecraft:carrot":65,"minecraft:spruce_boat":4,"minecraft:lantern":1,"minecraft:quartz_block":1,"minecraft:stone_bricks":9,"born_in_chaos_v1:fired_black_argillite":1,"minecraft:bow":44,"minecraft:sweet_berries":9,"minecraft:furnace":2,"minecraft:gray_bed":1,"player_companions:welsh_corgi_default":13,"minecraft:deepslate_brick_wall":2,"minecraft:mossy_stone_bricks":63,"minecraft:diorite":1,"minecraft:leather_leggings":1,"minecraft:oak_planks":1,"minecraft:dark_oak_sign":7,"travelersbackpack:melon":1,"minecraft:blast_furnace":5,"minecraft:black_bed":3,"minecraft:bread":51,"minecraft:gravel":1,"minecraft:nether_wart_block":1,"minecraft:diamond_sword":65,"minecraft:coarse_dirt":1,"minecraft:dried_kelp":1,"minecraft:torch":177,"minecraft:brewing_stand":1,"minecraft:dirt":87,"minecraft:granite":8,"minecraft:wooden_axe":1,"minecraft:bookshelf":18,"minecraft:iron_axe":243,"minecraft:iron_boots":1,"evilcraft:flesh_humanoid":1,"minecraft:beef":2,"minecraft:deepslate_tile_stairs":18,"minecraft:cooked_beef":2,"minecraft:cobbled_deepslate":648,"minecraft:iron_leggings":3,"minecraft:water_bucket":5,"minecraft:lead":4,"minecraft:baked_potato":199,"minecraft:cracked_stone_bricks":1,"minecraft:crafting_table":1,"minecraft:spruce_log":19,"minecraft:smoker":1,"minecraft:oak_log":1,"minecraft:apple":3,"minecraft:diamond_pickaxe":11,"minecraft:diamond_shovel":302,"minecraft:iron_pickaxe":1978,"minecraft:spruce_trapdoor":15,"minecraft:chiseled_stone_bricks":1,"minecraft:cobblestone":22,"travelersbackpack:standard":1,"minecraft:cooked_porkchop":2,"minecraft:bucket":6,"tconstruct:cleaver":150,"minecraft:pumpkin_pie":2,"alexsmobs:animal_dictionary":2,"tconstruct:clear_item_frame":35,"minecraft:kelp":28,"minecraft:smooth_stone":1},"minecraft:broken":{"minecraft:iron_shovel":1,"minecraft:iron_leggings":1,"minecraft:chainmail_boots":1,"minecraft:shield":1,"minecraft:iron_pickaxe":5,"minecraft:iron_helmet":2},"minecraft:mined":{"minecraft:spruce_planks":3,"iceandfire:graveyard_soil":5,"minecraft:brewing_stand":1,"minecraft:spruce_trapdoor":12,"minecraft:obsidian":9,"minecraft:cave_vines_plant":1,"minecraft:granite":121,"minecraft:grass_block":30,"minecraft:coal_block":6,"minecraft:deepslate_tile_stairs":8,"minecraft:chiseled_stone_bricks":19,"minecraft:spawner":45,"minecraft:smooth_stone":1,"minecraft:tall_seagrass":13,"minecraft:mossy_cobblestone_stairs":16,"minecraft:iron_ore":94,"minecraft:fire":26,"minecraft:cobbled_deepslate":203,"born_in_chaos_v1:black_argillite_brick_stairs":1,"minecraft:deepslate_lapis_ore":4,"chococraft:gysahl_green":1,"minecraft:cave_vines":2,"minecraft:iron_bars":16,"minecraft:smooth_sandstone_stairs":1,"minecraft:azalea":5,"minecraft:spruce_slab":2,"minecraft:deepslate_redstone_ore":44,"minecraft:brown_mushroom":1,"minecraft:quartz_block":19,"minecraft:red_bed":1,"minecraft:kelp_plant":6,"minecraft:medium_amethyst_bud":1,"minecraft:clay":69,"minecraft:torch":22,"minecraft:blast_furnace":1,"minecraft:calcite":2,"minecraft:chest":10,"iceandfire:sapphire_ore":1,"minecraft:creeper_wall_head":1,"iceandfire:frozen_dirt":1,"born_in_chaos_v1:black_argillite_column_slab":2,"minecraft:cobblestone":10,"minecraft:oak_planks":2,"minecraft:sugar_cane":2,"minecraft:wall_torch":40,"minecraft:amethyst_block":8,"minecraft:seagrass":11,"minecraft:white_terracotta":7,"minecraft:light_blue_terracotta":3,"minecraft:chain":3,"minecraft:nether_wart_block":2,"born_in_chaos_v1:fired_black_argillite":1,"minecraft:lilac":4,"born_in_chaos_v1:black_argillite_brick":2,"minecraft:black_bed":2,"minecraft:stone_brick_stairs":17,"minecraft:grass":31,"minecraft:oak_log":1,"minecraft:sand":661,"minecraft:dirt":35,"born_in_chaos_v1:black_argillite_wall":1,"minecraft:netherrack":3,"minecraft:oak_leaves":17,"minecraft:deepslate":1623,"minecraft:infested_deepslate":1,"minecraft:tuff":20,"iceandfire:silver_ore":5,"minecraft:mossy_cobblestone":137,"minecraft:deepslate_diamond_ore":3,"born_in_chaos_v1:infected_diamond_ore":5,"minecraft:glow_lichen":1,"minecraft:nether_bricks":20,"minecraft:cobbled_deepslate_slab":4,"minecraft:allium":1,"minecraft:spruce_fence":1,"iceandfire:deepslate_silver_ore":1,"minecraft:spruce_leaves":25,"minecraft:moss_block":4,"minecraft:kelp":13,"minecraft:large_fern":4,"born_in_chaos_v1:black_argillite_column":1,"minecraft:deepslate_brick_slab":3,"minecraft:furnace":1,"minecraft:carrots":23,"minecraft:acacia_wood":4,"minecraft:andesite":93,"minecraft:stripped_spruce_log":2,"evilcraft:dark_ore":3,"minecraft:gold_block":1,"minecraft:big_dripleaf_stem":3,"minecraft:mossy_stone_brick_stairs":27,"minecraft:cobblestone_slab":2,"minecraft:deepslate_iron_ore":30,"minecraft:vine":121,"minecraft:lantern":1,"minecraft:stripped_oak_log":3,"minecraft:stone":463,"tconstruct:earth_congealed_slime":10,"minecraft:podzol":2,"minecraft:flowering_azalea":5,"minecraft:glass_pane":1,"minecraft:soul_sand":4,"minecraft:stone_brick_slab":1,"minecraft:oak_fence":1,"minecraft:smooth_sandstone":1,"minecraft:rose_bush":1,"minecraft:stone_slab":2,"minecraft:copper_ore":11,"minecraft:tall_grass":17,"minecraft:lapis_ore":14,"minecraft:deepslate_gold_ore":13,"minecraft:diorite":32,"minecraft:big_dripleaf":1,"biomemakeover:mesmerite":4,"minecraft:spruce_stairs":2,"minecraft:coarse_dirt":6,"minecraft:sweet_berry_bush":8,"minecraft:spruce_log":143,"minecraft:gray_bed":1,"minecraft:birch_leaves":3,"minecraft:coal_ore":92,"minecraft:dark_oak_sign":1,"minecraft:gravel":101,"minecraft:cobweb":6,"minecraft:cracked_stone_bricks":33,"minecraft:stone_bricks":42,"minecraft:small_dripleaf":2,"minecraft:mossy_stone_bricks":131,"minecraft:gold_ore":7,"minecraft:infested_stone":4,"minecraft:fern":5},"minecraft:killed":{"minecraft:cave_spider":1,"born_in_chaos_v1:door_knight_not_despawn":1,"minecraft:spider":18,"born_in_chaos_v1:baby_skeleton_minion":2,"minecraft:skeleton":14,"minecraft:silverfish":11,"born_in_chaos_v1:firelight_not_despawn":4,"minecraft:wolf":1,"born_in_chaos_v1:bonescaller":1,"born_in_chaos_v1:diamond_termite":3,"minecraft:creeper":3,"laendli_transport:crab":37,"minecraft:zombie":41,"born_in_chaos_v1:dread_hound":1,"born_in_chaos_v1:corpse_fly":5,"minecraft:stray":15,"cave_dweller:cave_dweller":1,"born_in_chaos_v1:door_knight":1,"minecraft:cow":2,"graveyard:revenant":2,"minecraft:slime":3,"born_in_chaos_v1:zombie_bruiser":1,"born_in_chaos_v1:maggot":10,"born_in_chaos_v1:corpse_fish":6,"rottencreatures:undead_miner":2,"laendli_transport:slabcrab":20,"graveyard:ghoul":2,"minecraft:bat":1,"born_in_chaos_v1:decrepit_skeleton":8,"iceandfire:ghost":1,"minecraft:wither_skeleton":30,"minecraft:enderman":9},"minecraft:dropped":{"minecraft:iron_sword":11,"minecraft:baked_potato":124,"minecraft:mossy_stone_brick_stairs":1,"minecraft:cracked_stone_bricks":1,"minecraft:deepslate_tile_stairs":1,"minecraft:dirt":1,"minecraft:chain":1,"minecraft:bone_meal":16,"minecraft:iron_pickaxe":6,"minecraft:fishing_rod":1,"minecraft:cauldron":1,"minecraft:bone":16,"minecraft:gravel":39,"minecraft:cobbled_deepslate":9,"minecraft:obsidian":8,"tconstruct:sky_slime_sapling":1,"minecraft:rotten_flesh":19,"minecraft:diamond_shovel":1,"tconstruct:cleaver":2,"evilcraft:flesh_humanoid":6,"minecraft:gunpowder":7,"minecraft:quartz_block":4,"born_in_chaos_v1:corpse_maggot":4,"minecraft:chainmail_boots":1,"minecraft:white_dye":2,"minecraft:iron_bars":2,"minecraft:arrow":11,"minecraft:glass":51,"minecraft:stone_brick_stairs":10,"tconstruct:seared_glass":1,"minecraft:water_bucket":2,"minecraft:iron_ingot":23,"minecraft:bread":2,"minecraft:golden_helmet":2,"minecraft:cobblestone":14,"minecraft:chainmail_helmet":1,"evilcraft:vengeance_pickaxe":1,"minecraft:deepslate_brick_stairs":10,"evilcraft:blood_extractor":2,"minecraft:torch":37,"tconstruct:sky_slime_grass_seeds":4,"minecraft:iron_leggings":3,"minecraft:dried_kelp":12,"minecraft:iron_axe":2,"minecraft:iron_shovel":3,"minecraft:string":9,"minecraft:anvil":1,"minecraft:kelp":32,"minecraft:sweet_berries":4,"minecraft:dark_oak_sign":2,"iceandfire:witherbone":15,"minecraft:clay_ball":4,"minecraft:iron_boots":1,"minecraft:name_tag":1,"minecraft:potato":2,"minecraft:shield":8,"minecraft:diamond_pickaxe":1,"minecraft:mossy_stone_bricks":1,"minecraft:golden_leggings":1,"minecraft:brown_bed":1,"minecraft:stone_bricks":3,"minecraft:bow":3,"minecraft:light_blue_terracotta":1,"minecraft:nautilus_shell":6},"minecraft:picked_up":{"minecraft:wooden_axe":1,"minecraft:iron_chestplate":94,"minecraft:wheat":158,"minecraft:chainmail_boots":37,"minecraft:creeper_head":3,"minecraft:flower_pot":1,"minecraft:lead":34,"minecraft:stone_slab":2,"minecraft:diamond_sword":9,"minecraft:potion":8,"minecraft:enchanted_book":8,"minecraft:golden_shovel":3,"minecraft:stone_brick_stairs":23,"born_in_chaos_v1:black_argillite_wall":7,"minecraft:brewing_stand":1,"minecraft:amethyst_block":64,"minecraft:music_disc_cat":1,"minecraft:string":67,"minecraft:raw_copper":80,"iceandfire:sea_serpent_scales_teal":6,"minecraft:iron_leggings":60,"minecraft:pufferfish":2,"minecraft:diamond_leggings":1,"minecraft:smooth_stone":2,"minecraft:gold_nugget":16,"minecraft:cobbled_deepslate":3738,"minecraft:bucket":4,"minecraft:horn_coral_block":3,"minecraft:spruce_planks":316,"minecraft:rose_bush":7,"minecraft:cobblestone_slab":2,"minecraft:azalea":14,"minecraft:iron_pickaxe":131,"minecraft:enchanted_golden_apple":6,"minecraft:coal_block":20,"evilcraft:blood_extractor":25,"minecraft:iron_boots":45,"minecraft:furnace":1,"minecraft:tipped_arrow":7,"minecraft:golden_helmet":4,"minecraft:stick":277,"born_in_chaos_v1:shattered_skull":4,"minecraft:big_dripleaf":37,"minecraft:oak_fence":1,"minecraft:torch":1420,"minecraft:spruce_stairs":2,"iceandfire:silver_ore":5,"minecraft:dried_kelp":35,"minecraft:diorite":41,"born_in_chaos_v1:nightmare_claw":3,"minecraft:deepslate_tile_stairs":9,"minecraft:golden_chestplate":5,"minecraft:quartz_block":17,"evilcraft:box_of_eternal_closure":3,"minecraft:horn_coral_fan":21,"minecraft:rotten_flesh":258,"minecraft:tropical_fish":3,"alexsmobs:flying_fish_boots":17,"minecraft:white_terracotta":7,"minecraft:deepslate_brick_stairs":14,"minecraft:obsidian":16,"minecraft:iron_bars":34,"minecraft:cod":30,"alexsmobs:flying_fish":1,"minecraft:cobblestone":927,"minecraft:nautilus_shell":13,"evilcraft:vengeance_pickaxe":1,"iceandfire:sapphire_gem":1,"minecraft:feather":19,"minecraft:leather_chestplate":19,"minecraft:lilac":5,"minecraft:cooked_beef":13,"minecraft:water_bucket":22,"minecraft:andesite":92,"minecraft:black_bed":4,"minecraft:golden_leggings":5,"born_in_chaos_v1:mint_ice_cream":3,"minecraft:smoker":1,"minecraft:potato":41,"minecraft:flint":27,"biomemakeover:moth_scales":6,"minecraft:tuff":20,"minecraft:smooth_sandstone_stairs":1,"evilcraft:flesh_humanoid":111,"minecraft:map":3,"minecraft:lapis_lazuli":154,"minecraft:dirt":1267,"minecraft:lantern":1,"minecraft:name_tag":17,"minecraft:leather_boots":13,"minecraft:bone":201,"minecraft:bow":34,"minecraft:wheat_seeds":17,"minecraft:deepslate_brick_slab":6,"minecraft:raw_gold":123,"minecraft:cobbled_deepslate_slab":12,"minecraft:grindstone":1,"minecraft:dark_oak_sign":10,"minecraft:diamond_helmet":2,"minecraft:mossy_stone_bricks":129,"minecraft:moss_block":11,"tconstruct:sky_slime_sapling":3,"born_in_chaos_v1:mint_candy":2,"minecraft:oak_planks":5,"minecraft:mossy_stone_brick_stairs":26,"tconstruct:necrotic_bone":2,"minecraft:cooked_porkchop":2,"biomemakeover:mesmerite":2,"player_companions:welsh_corgi_default":1,"minecraft:sand":617,"tconstruct:clear_item_frame":6,"minecraft:stripped_spruce_log":4,"minecraft:ink_sac":7,"alexsmobs:animal_dictionary":2,"minecraft:spectral_arrow":7,"iceandfire:frozen_dirt":3,"minecraft:mossy_cobblestone":139,"minecraft:iron_hoe":2,"born_in_chaos_v1:fire_dust":14,"minecraft:light_blue_terracotta":5,"minecraft:diamond":15,"minecraft:spruce_boat":6,"waystones:waystone":1,"aquamirae:cooked_spinefish":1,"iceandfire:dragon_ice":11,"minecraft:granite":122,"minecraft:bone_meal":58,"minecraft:golden_apple":15,"minecraft:chainmail_helmet":12,"minecraft:emerald":18,"minecraft:bread":435,"minecraft:oak_sapling":13,"born_in_chaos_v1:rotten_fish":6,"minecraft:netherrack":2,"iceandfire:silver_nugget":6,"minecraft:diamond_pickaxe":7,"minecraft:coarse_dirt":13,"minecraft:fishing_rod":3,"minecraft:crafting_table":1,"born_in_chaos_v1:diamond_termite_shard":9,"minecraft:allium":1,"iceandfire:witherbone":42,"minecraft:ladder":3,"minecraft:clay_ball":356,"born_in_chaos_v1:seedof_chaos":2,"minecraft:leather_leggings":17,"minecraft:brown_mushroom":6,"minecraft:packed_ice":4,"tconstruct:materials_and_you":3,"minecraft:gold_block":1,"minecraft:diamond_horse_armor":7,"minecraft:chain":3,"born_in_chaos_v1:fired_black_argillite":1,"minecraft:shield":97,"iceandfire:sea_serpent_scales_blue":7,"born_in_chaos_v1:black_argillite_column":10,"minecraft:red_bed":5,"minecraft:moss_carpet":6,"minecraft:iron_axe":47,"born_in_chaos_v1:intoxicating_decoction":1,"tconstruct:seared_glass":1,"minecraft:iron_shovel":50,"born_in_chaos_v1:black_argillite_brick":10,"tconstruct:cleaver":6,"graveyard:corruption":5,"iceandfire:graveyard_soil":8,"minecraft:cracked_stone_bricks":30,"minecraft:beef":8,"minecraft:poppy":1,"minecraft:iron_nugget":22,"minecraft:spruce_slab":2,"minecraft:sugar_cane":3,"minecraft:chest":13,"minecraft:birch_sapling":3,"minecraft:spruce_trapdoor":35,"minecraft:phantom_membrane":4,"minecraft:dark_oak_sapling":2,"minecraft:raw_iron":751,"minecraft:sandstone":2,"iceandfire:dragonbone":21,"minecraft:stone":2,"minecraft:spruce_fence":1,"minecraft:white_dye":21,"minecraft:cookie":10,"born_in_chaos_v1:pieceofdarkmetal":11,"minecraft:carrot":83,"minecraft:redstone":430,"minecraft:prismarine_crystals":2,"minecraft:tnt":45,"minecraft:diamond_chestplate":2,"iceandfire:silver_ingot":12,"minecraft:arrow":641,"minecraft:pumpkin_pie":8,"minecraft:nether_bricks":19,"minecraft:tube_coral_fan":20,"minecraft:deepslate_bricks":4,"minecraft:diamond_boots":1,"minecraft:saddle":11,"architects_palette:withered_bone":126,"minecraft:gold_ingot":527,"iceandfire:deepslate_silver_ore":1,"minecraft:glow_berries":6,"minecraft:mutton":1,"minecraft:stripped_oak_log":3,"born_in_chaos_v1:corpse_maggot":65,"minecraft:golden_carrot":4,"born_in_chaos_v1:black_argillite_column_slab":10,"born_in_chaos_v1:monster_flesh":3,"iceandfire:sea_serpent_fang":5,"travelersbackpack:melon":1,"minecraft:glow_ink_sac":14,"minecraft:leather":6,"minecraft:fern":1,"aquamirae:spinefish":1,"minecraft:acacia_wood":4,"minecraft:oak_log":67,"minecraft:chainmail_chestplate":20,"iceandfire:ectoplasm":2,"minecraft:nether_wart_block":5,"minecraft:gunpowder":43,"minecraft:wooden_hoe":1,"minecraft:paper":17,"minecraft:smooth_sandstone":1,"chococraft:gysahl_green":3,"minecraft:apple":91,"minecraft:stone_bricks":345,"tconstruct:sledge_hammer":10,"minecraft:kelp":120,"iceandfire:armor_silver_metal_helmet":8,"tconstruct:sky_slime_grass_seeds":12,"minecraft:iron_ingot":141,"minecraft:stone_pickaxe":5,"minecraft:cobweb":3,"travelersbackpack:blank_upgrade":2,"minecraft:glass_bottle":6,"minecraft:gray_bed":2,"minecraft:iron_sword":122,"minecraft:flowering_azalea":12,"minecraft:soul_sand":48,"minecraft:sweet_berries":81,"minecraft:chiseled_stone_bricks":21,"born_in_chaos_v1:ethereal_spirit":4,"minecraft:stone_brick_slab":1,"born_in_chaos_v1:black_argillitepressureplate":1,"minecraft:dandelion":2,"minecraft:gravel":94,"chococraft:gysahl_green_seeds":3,"minecraft:spruce_sapling":13,"minecraft:blast_furnace":1,"minecraft:spruce_log":191,"minecraft:spruce_door":2,"minecraft:spider_eye":30,"minecraft:leather_helmet":3,"travelersbackpack:standard":1,"minecraft:diamond_shovel":7,"minecraft:pumpkin_seeds":14,"minecraft:slime_ball":46,"minecraft:stone_axe":9,"iceandfire:silver_sword":11,"minecraft:chainmail_leggings":8,"evilcraft:dark_gem":108,"minecraft:iron_helmet":77,"minecraft:mossy_cobblestone_stairs":15,"minecraft:baked_potato":2430,"minecraft:coal":243,"minecraft:ender_pearl":12},"minecraft:crafted":{"minecraft:oak_planks":8,"minecraft:cooked_mutton":2,"minecraft:glass":160,"minecraft:bow":2,"minecraft:iron_boots":5,"minecraft:chest":1,"minecraft:iron_door":3,"travelersbackpack:iron_tier_upgrade":1,"minecraft:cooked_porkchop":2,"minecraft:crafting_table":2,"travelersbackpack:standard":1,"minecraft:spruce_planks":176,"minecraft:iron_helmet":2,"minecraft:baked_potato":267,"minecraft:brown_bed":1,"player_companions:tame_bone":11,"minecraft:iron_chestplate":3,"minecraft:shield":6,"minecraft:stick":52,"minecraft:iron_ingot":89,"minecraft:iron_pickaxe":10,"tconstruct:clear_item_frame":4,"minecraft:dark_oak_sign":3,"minecraft:glass_pane":96,"minecraft:iron_axe":4,"minecraft:dark_oak_planks":24,"minecraft:lead":12,"minecraft:cooked_beef":5,"minecraft:iron_sword":3,"minecraft:air":0,"iceandfire:armor_silver_metal_helmet":2,"securitycraft:door_indestructible_iron_item":2,"minecraft:wooden_axe":1,"minecraft:iron_shovel":3,"minecraft:iron_leggings":3,"minecraft:torch":100,"tconstruct:sledge_hammer":2}},"DataVersion":3120}