{"stats":{"minecraft:killed_by":{"minecraft:player":1,"born_in_chaos_v1:restless_spirit":2,"minecraft:wolf":1,"born_in_chaos_v1:nightmare_stalker":1,"graveyard:ghoul":8,"minecraft:creeper":4,"born_in_chaos_v1:zombie_lumberjack":1,"born_in_chaos_v1:zombie_bruiser":1,"tconstruct:sky_slime":1,"graveyard:skeleton_creeper":1,"minecraft:slime":1,"laendli_transport:slabcrab":12,"born_in_chaos_v1:decaying_zombie":1,"minecraft:vindicator":1,"minecraft:skeleton":7,"alexsmobs:grizzly_bear":2,"graveyard:revenant":1,"iceandfire:ghost":9,"born_in_chaos_v1:dread_hound":2,"iceandfire:troll":1},"minecraft:used":{"minecraft:iron_shovel":413,"minecraft:dried_kelp":1,"minecraft:chest":6,"minecraft:shield":93,"minecraft:iron_sword":352,"minecraft:torch":35,"minecraft:dirt":40,"minecraft:granite":2,"minecraft:wooden_axe":1,"minecraft:lantern":1,"evilcraft:flesh_humanoid":1,"born_in_chaos_v1:fired_black_argillite":1,"minecraft:beef":2,"minecraft:sweet_berries":6,"minecraft:furnace":2,"minecraft:gray_bed":1,"minecraft:cooked_beef":2,"minecraft:cobbled_deepslate":154,"minecraft:diorite":1,"minecraft:oak_planks":1,"minecraft:baked_potato":25,"minecraft:blast_furnace":5,"minecraft:spruce_log":3,"minecraft:black_bed":2,"minecraft:smoker":1,"minecraft:oak_log":1,"minecraft:bread":28,"minecraft:iron_pickaxe":535,"minecraft:gravel":1,"minecraft:spruce_trapdoor":3,"minecraft:chiseled_stone_bricks":1,"minecraft:cooked_porkchop":2,"minecraft:pumpkin_pie":2,"alexsmobs:animal_dictionary":2,"minecraft:coarse_dirt":1,"iceandfire:deepslate_silver_ore":1},"minecraft:custom":{"minecraft:interact_with_smithing_table":4,"minecraft:interact_with_anvil":1,"minecraft:mob_kills":50,"minecraft:interact_with_crafting_table":13,"minecraft:open_barrel":7,"minecraft:bell_ring":10,"minecraft:damage_dealt_resisted":1040,"minecraft:leave_game":1,"minecraft:time_since_death":12699,"minecraft:climb_one_cm":10240,"minecraft:sprint_one_cm":438529,"minecraft:walk_one_cm":1093558,"minecraft:damage_blocked_by_shield":1900,"minecraft:drop":40,"minecraft:talked_to_villager":3,"minecraft:play_time":379236,"minecraft:deaths":62,"minecraft:sneak_time":2076,"minecraft:walk_under_water_one_cm":174910,"minecraft:jump":3537,"minecraft:interact_with_blast_furnace":24,"minecraft:walk_on_water_one_cm":163318,"minecraft:total_world_time":379236,"minecraft:interact_with_furnace":22,"minecraft:interact_with_cartography_table":3,"minecraft:interact_with_loom":1,"minecraft:interact_with_stonecutter":1,"minecraft:interact_with_grindstone":1,"minecraft:sleep_in_bed":15,"minecraft:time_since_rest":11070,"minecraft:damage_taken":20596,"minecraft:trigger_trapped_chest":3,"minecraft:damage_dealt":10676,"minecraft:player_kills":2,"minecraft:swim_one_cm":95886,"minecraft:fly_one_cm":242629,"minecraft:open_chest":246,"minecraft:crouch_one_cm":1399,"minecraft:interact_with_smoker":13,"minecraft:fall_one_cm":79485},"minecraft:broken":{"minecraft:iron_shovel":1,"minecraft:iron_pickaxe":1},"minecraft:mined":{"minecraft:tuff":14,"iceandfire:graveyard_soil":3,"iceandfire:silver_ore":3,"minecraft:mossy_cobblestone":8,"minecraft:deepslate_diamond_ore":3,"minecraft:spruce_trapdoor":4,"born_in_chaos_v1:infected_diamond_ore":2,"minecraft:glow_lichen":1,"minecraft:cave_vines_plant":1,"minecraft:cobbled_deepslate_slab":4,"minecraft:spruce_fence":1,"iceandfire:deepslate_silver_ore":1,"minecraft:spruce_leaves":7,"minecraft:moss_block":2,"minecraft:chiseled_stone_bricks":1,"minecraft:spawner":1,"minecraft:deepslate_brick_slab":3,"born_in_chaos_v1:black_argillite_column":1,"minecraft:tall_seagrass":1,"minecraft:furnace":1,"minecraft:iron_ore":45,"minecraft:cobbled_deepslate":28,"minecraft:stripped_spruce_log":1,"minecraft:andesite":1,"evilcraft:dark_ore":2,"minecraft:deepslate_lapis_ore":2,"minecraft:big_dripleaf_stem":3,"minecraft:cave_vines":2,"minecraft:deepslate_iron_ore":20,"minecraft:vine":4,"minecraft:iron_bars":2,"minecraft:lantern":1,"minecraft:azalea":5,"minecraft:stone":9,"minecraft:spruce_slab":1,"minecraft:deepslate_redstone_ore":15,"minecraft:flowering_azalea":4,"minecraft:brown_mushroom":1,"minecraft:medium_amethyst_bud":1,"minecraft:torch":4,"minecraft:clay":54,"minecraft:blast_furnace":1,"minecraft:calcite":2,"minecraft:chest":6,"minecraft:rose_bush":1,"born_in_chaos_v1:black_argillite_column_slab":2,"minecraft:copper_ore":2,"minecraft:tall_grass":8,"minecraft:cobblestone":2,"minecraft:lapis_ore":6,"minecraft:deepslate_gold_ore":7,"minecraft:oak_planks":1,"minecraft:wall_torch":10,"minecraft:amethyst_block":8,"minecraft:big_dripleaf":1,"biomemakeover:mesmerite":4,"minecraft:seagrass":1,"minecraft:chain":2,"minecraft:coarse_dirt":6,"minecraft:sweet_berry_bush":6,"born_in_chaos_v1:fired_black_argillite":1,"minecraft:lilac":1,"minecraft:gray_bed":1,"minecraft:spruce_log":8,"minecraft:black_bed":1,"born_in_chaos_v1:black_argillite_brick":2,"minecraft:grass":14,"minecraft:coal_ore":41,"minecraft:gravel":47,"minecraft:sand":360,"minecraft:dirt":8,"minecraft:cobweb":5,"born_in_chaos_v1:black_argillite_wall":1,"minecraft:small_dripleaf":2,"minecraft:gold_ore":7,"minecraft:oak_leaves":16,"minecraft:deepslate":224,"minecraft:infested_stone":1},"minecraft:killed":{"born_in_chaos_v1:door_knight_not_despawn":1,"graveyard:revenant":1,"minecraft:spider":2,"minecraft:slime":3,"minecraft:skeleton":2,"minecraft:silverfish":7,"born_in_chaos_v1:corpse_fish":2,"born_in_chaos_v1:firelight_not_despawn":3,"minecraft:wolf":1,"laendli_transport:slabcrab":2,"graveyard:ghoul":1,"born_in_chaos_v1:diamond_termite":1,"minecraft:bat":1,"born_in_chaos_v1:decrepit_skeleton":4,"laendli_transport:crab":1,"minecraft:zombie":4,"iceandfire:ghost":1,"born_in_chaos_v1:corpse_fly":4,"minecraft:cow":2},"minecraft:dropped":{"minecraft:iron_ingot":23,"minecraft:bread":1,"minecraft:iron_sword":9,"minecraft:baked_potato":92,"minecraft:dirt":1,"minecraft:iron_leggings":1,"minecraft:iron_pickaxe":2,"minecraft:iron_shovel":3,"minecraft:gravel":39,"minecraft:cobbled_deepslate":6,"minecraft:shield":1,"minecraft:water_bucket":1},"minecraft:picked_up":{"minecraft:wooden_axe":1,"minecraft:coarse_dirt":13,"minecraft:iron_chestplate":30,"minecraft:crafting_table":1,"born_in_chaos_v1:diamond_termite_shard":6,"minecraft:flower_pot":1,"minecraft:clay_ball":296,"minecraft:brown_mushroom":6,"tconstruct:materials_and_you":3,"minecraft:chain":1,"born_in_chaos_v1:black_argillite_wall":7,"born_in_chaos_v1:fired_black_argillite":1,"minecraft:shield":25,"minecraft:amethyst_block":64,"born_in_chaos_v1:black_argillite_column":10,"minecraft:string":24,"minecraft:moss_carpet":6,"minecraft:raw_copper":21,"minecraft:iron_leggings":8,"minecraft:iron_shovel":22,"born_in_chaos_v1:black_argillite_brick":10,"graveyard:corruption":5,"iceandfire:graveyard_soil":8,"minecraft:cobbled_deepslate":1357,"minecraft:smooth_stone":1,"minecraft:spruce_planks":313,"minecraft:beef":6,"minecraft:rose_bush":7,"minecraft:azalea":14,"minecraft:iron_nugget":10,"minecraft:spruce_slab":1,"minecraft:iron_pickaxe":38,"evilcraft:blood_extractor":3,"minecraft:chest":6,"minecraft:birch_sapling":3,"minecraft:spruce_trapdoor":10,"minecraft:iron_boots":11,"minecraft:furnace":1,"minecraft:dark_oak_sapling":2,"minecraft:stick":271,"minecraft:raw_iron":659,"minecraft:stone":2,"minecraft:big_dripleaf":37,"minecraft:torch":369,"iceandfire:silver_ore":3,"minecraft:spruce_fence":1,"minecraft:dried_kelp":1,"minecraft:diorite":9,"born_in_chaos_v1:nightmare_claw":3,"born_in_chaos_v1:pieceofdarkmetal":9,"minecraft:redstone":282,"iceandfire:silver_ingot":12,"minecraft:arrow":4,"minecraft:rotten_flesh":91,"minecraft:pumpkin_pie":7,"alexsmobs:flying_fish_boots":5,"minecraft:deepslate_bricks":4,"minecraft:gold_ingot":32,"iceandfire:deepslate_silver_ore":1,"minecraft:deepslate_brick_stairs":4,"minecraft:glow_berries":2,"minecraft:iron_bars":12,"minecraft:cobblestone":385,"minecraft:nautilus_shell":3,"born_in_chaos_v1:corpse_maggot":34,"minecraft:lilac":2,"minecraft:water_bucket":3,"born_in_chaos_v1:black_argillite_column_slab":10,"minecraft:cooked_beef":12,"born_in_chaos_v1:monster_flesh":1,"minecraft:glow_ink_sac":14,"minecraft:black_bed":3,"minecraft:leather":6,"minecraft:fern":1,"minecraft:smoker":1,"minecraft:potato":39,"minecraft:flint":22,"minecraft:tuff":14,"minecraft:oak_log":59,"evilcraft:flesh_humanoid":46,"minecraft:gunpowder":23,"minecraft:map":3,"minecraft:lapis_lazuli":60,"minecraft:dirt":999,"minecraft:paper":12,"minecraft:lantern":1,"minecraft:bone":127,"minecraft:apple":6,"minecraft:stone_bricks":1,"minecraft:deepslate_brick_slab":6,"minecraft:wheat_seeds":11,"minecraft:cobbled_deepslate_slab":12,"iceandfire:armor_silver_metal_helmet":8,"minecraft:raw_gold":114,"minecraft:grindstone":1,"minecraft:iron_ingot":53,"minecraft:oak_planks":3,"minecraft:moss_block":9,"minecraft:gray_bed":2,"minecraft:iron_sword":47,"minecraft:flowering_azalea":11,"minecraft:cooked_porkchop":2,"minecraft:sweet_berries":12,"minecraft:chiseled_stone_bricks":1,"biomemakeover:mesmerite":2,"born_in_chaos_v1:ethereal_spirit":4,"born_in_chaos_v1:black_argillitepressureplate":1,"minecraft:spectral_arrow":7,"minecraft:gravel":40,"minecraft:sand":328,"minecraft:stripped_spruce_log":3,"chococraft:gysahl_green_seeds":2,"minecraft:spruce_sapling":7,"minecraft:blast_furnace":1,"minecraft:spider_eye":2,"minecraft:spruce_log":43,"minecraft:spruce_door":2,"alexsmobs:animal_dictionary":2,"minecraft:mossy_cobblestone":10,"minecraft:pumpkin_seeds":14,"minecraft:slime_ball":6,"born_in_chaos_v1:fire_dust":11,"minecraft:diamond":6,"evilcraft:dark_gem":104,"minecraft:iron_helmet":19,"minecraft:granite":2,"minecraft:golden_apple":3,"minecraft:bone_meal":2,"minecraft:emerald":14,"born_in_chaos_v1:rotten_fish":1,"minecraft:bread":274,"minecraft:chainmail_helmet":8,"minecraft:baked_potato":766,"minecraft:oak_sapling":11,"minecraft:coal":70},"minecraft:crafted":{"minecraft:cooked_mutton":2,"minecraft:iron_boots":2,"minecraft:cooked_beef":5,"minecraft:cooked_porkchop":2,"minecraft:crafting_table":1,"minecraft:spruce_planks":144,"minecraft:iron_helmet":1,"minecraft:baked_potato":80,"minecraft:iron_sword":2,"minecraft:air":0,"iceandfire:armor_silver_metal_helmet":2,"minecraft:iron_chestplate":2,"minecraft:shield":4,"minecraft:stick":40,"minecraft:iron_ingot":61,"minecraft:iron_pickaxe":4,"minecraft:wooden_axe":1,"minecraft:iron_shovel":2,"minecraft:iron_leggings":1,"minecraft:torch":24}},"DataVersion":3120}