{"stats":{"minecraft:killed":{"minecraft:cave_spider":1,"born_in_chaos_v1:door_knight_not_despawn":1,"minecraft:spider":17,"born_in_chaos_v1:baby_skeleton_minion":2,"minecraft:skeleton":10,"minecraft:silverfish":8,"born_in_chaos_v1:firelight_not_despawn":4,"minecraft:wolf":1,"born_in_chaos_v1:bonescaller":1,"born_in_chaos_v1:diamond_termite":3,"laendli_transport:crab":20,"minecraft:zombie":31,"born_in_chaos_v1:dread_hound":1,"born_in_chaos_v1:corpse_fly":5,"minecraft:stray":10,"minecraft:cow":2,"graveyard:revenant":2,"minecraft:slime":3,"born_in_chaos_v1:zombie_bruiser":1,"born_in_chaos_v1:maggot":9,"born_in_chaos_v1:corpse_fish":4,"laendli_transport:slabcrab":13,"graveyard:ghoul":2,"minecraft:bat":1,"born_in_chaos_v1:decrepit_skeleton":8,"iceandfire:ghost":1,"minecraft:enderman":9},"minecraft:dropped":{"minecraft:iron_sword":11,"minecraft:baked_potato":122,"minecraft:mossy_stone_brick_stairs":1,"minecraft:cracked_stone_bricks":1,"minecraft:dirt":1,"minecraft:chain":1,"minecraft:bone_meal":6,"minecraft:iron_pickaxe":4,"minecraft:bone":13,"minecraft:gravel":39,"minecraft:cobbled_deepslate":6,"tconstruct:sky_slime_sapling":1,"minecraft:rotten_flesh":16,"evilcraft:flesh_humanoid":3,"minecraft:gunpowder":3,"minecraft:quartz_block":4,"born_in_chaos_v1:corpse_maggot":4,"minecraft:chainmail_boots":1,"minecraft:iron_bars":2,"minecraft:arrow":11,"minecraft:stone_brick_stairs":10,"tconstruct:seared_glass":1,"minecraft:water_bucket":2,"minecraft:iron_ingot":23,"minecraft:bread":1,"minecraft:golden_helmet":2,"minecraft:cobblestone":3,"evilcraft:blood_extractor":2,"minecraft:deepslate_brick_stairs":10,"minecraft:torch":28,"tconstruct:sky_slime_grass_seeds":4,"minecraft:iron_leggings":3,"minecraft:dried_kelp":10,"minecraft:iron_axe":1,"minecraft:iron_shovel":3,"minecraft:string":7,"minecraft:sweet_berries":4,"minecraft:name_tag":1,"minecraft:shield":2,"minecraft:brown_bed":1,"minecraft:stone_bricks":3,"minecraft:bow":3,"minecraft:light_blue_terracotta":1,"minecraft:nautilus_shell":4},"minecraft:custom":{"minecraft:animals_bred":4,"minecraft:interact_with_crafting_table":18,"minecraft:open_barrel":22,"minecraft:bell_ring":10,"minecraft:leave_game":3,"minecraft:time_since_death":114036,"minecraft:damage_resisted":17,"minecraft:sprint_one_cm":1275855,"minecraft:damage_blocked_by_shield":7170,"minecraft:drop":127,"minecraft:talked_to_villager":6,"minecraft:play_time":964345,"minecraft:deaths":159,"minecraft:jump":7258,"minecraft:walk_on_water_one_cm":282382,"minecraft:interact_with_furnace":46,"minecraft:interact_with_cartography_table":3,"minecraft:interact_with_loom":1,"minecraft:sleep_in_bed":27,"minecraft:damage_dealt":37564,"minecraft:player_kills":2,"minecraft:crouch_one_cm":5447,"minecraft:interact_with_smoker":27,"minecraft:interact_with_smithing_table":4,"minecraft:interact_with_anvil":5,"minecraft:mob_kills":181,"minecraft:damage_dealt_resisted":1154,"minecraft:climb_one_cm":55888,"minecraft:walk_one_cm":3019640,"minecraft:sneak_time":5941,"minecraft:walk_under_water_one_cm":406842,"minecraft:boat_one_cm":3878,"minecraft:interact_with_blast_furnace":61,"minecraft:total_world_time":964345,"minecraft:interact_with_stonecutter":1,"minecraft:interact_with_grindstone":1,"minecraft:time_since_rest":8412,"minecraft:damage_taken":54074,"minecraft:trigger_trapped_chest":5,"minecraft:swim_one_cm":142184,"minecraft:fly_one_cm":554369,"minecraft:open_chest":797,"minecraft:fall_one_cm":150298},"minecraft:killed_by":{"born_in_chaos_v1:nightmare_stalker":1,"minecraft:creeper":8,"iceandfire:siren":1,"born_in_chaos_v1:zombie_bruiser":1,"tconstruct:sky_slime":1,"graveyard:skeleton_creeper":1,"iceandfire:sea_serpent":15,"minecraft:vindicator":1,"born_in_chaos_v1:diamond_termite":1,"iceandfire:ice_dragon":28,"minecraft:zombie":15,"alexsmobs:grizzly_bear":2,"graveyard:revenant":1,"minecraft:player":3,"minecraft:wolf":1,"born_in_chaos_v1:restless_spirit":2,"minecraft:stray":7,"graveyard:ghoul":8,"born_in_chaos_v1:zombie_lumberjack":1,"minecraft:enderman":3,"minecraft:slime":1,"laendli_transport:slabcrab":18,"born_in_chaos_v1:decaying_zombie":1,"minecraft:skeleton":11,"born_in_chaos_v1:corpse_fish":2,"iceandfire:ghost":15,"born_in_chaos_v1:dread_hound":2,"iceandfire:troll":1},"minecraft:broken":{"minecraft:iron_shovel":1,"minecraft:chainmail_boots":1,"minecraft:shield":1,"minecraft:iron_pickaxe":1,"minecraft:iron_helmet":1},"minecraft:mined":{"minecraft:spruce_planks":3,"iceandfire:graveyard_soil":5,"minecraft:brewing_stand":1,"minecraft:spruce_trapdoor":4,"minecraft:cave_vines_plant":1,"minecraft:grass_block":29,"minecraft:chiseled_stone_bricks":3,"minecraft:spawner":33,"minecraft:smooth_stone":1,"minecraft:tall_seagrass":1,"minecraft:mossy_cobblestone_stairs":1,"minecraft:iron_ore":94,"minecraft:cobbled_deepslate":36,"minecraft:fire":26,"born_in_chaos_v1:black_argillite_brick_stairs":1,"minecraft:deepslate_lapis_ore":4,"chococraft:gysahl_green":1,"minecraft:cave_vines":2,"minecraft:iron_bars":12,"minecraft:smooth_sandstone_stairs":1,"minecraft:azalea":5,"minecraft:spruce_slab":2,"minecraft:deepslate_redstone_ore":44,"minecraft:brown_mushroom":1,"minecraft:quartz_block":19,"minecraft:red_bed":1,"minecraft:medium_amethyst_bud":1,"minecraft:clay":63,"minecraft:torch":10,"minecraft:blast_furnace":1,"minecraft:calcite":2,"minecraft:chest":7,"iceandfire:frozen_dirt":1,"born_in_chaos_v1:black_argillite_column_slab":2,"minecraft:cobblestone":9,"minecraft:oak_planks":1,"minecraft:wall_torch":17,"minecraft:amethyst_block":8,"minecraft:seagrass":1,"minecraft:white_terracotta":4,"minecraft:light_blue_terracotta":3,"minecraft:chain":3,"born_in_chaos_v1:fired_black_argillite":1,"minecraft:lilac":4,"born_in_chaos_v1:black_argillite_brick":2,"minecraft:black_bed":1,"minecraft:stone_brick_stairs":11,"minecraft:grass":31,"minecraft:oak_log":1,"minecraft:sand":360,"minecraft:dirt":34,"born_in_chaos_v1:black_argillite_wall":1,"minecraft:oak_leaves":17,"minecraft:deepslate":1622,"minecraft:infested_deepslate":1,"minecraft:tuff":20,"iceandfire:silver_ore":4,"minecraft:mossy_cobblestone":13,"minecraft:deepslate_diamond_ore":3,"born_in_chaos_v1:infected_diamond_ore":5,"minecraft:glow_lichen":1,"minecraft:cobbled_deepslate_slab":4,"minecraft:allium":1,"minecraft:spruce_fence":1,"iceandfire:deepslate_silver_ore":1,"minecraft:spruce_leaves":25,"minecraft:moss_block":4,"minecraft:large_fern":4,"born_in_chaos_v1:black_argillite_column":1,"minecraft:deepslate_brick_slab":3,"minecraft:furnace":1,"minecraft:carrots":4,"minecraft:acacia_wood":4,"minecraft:andesite":1,"minecraft:stripped_spruce_log":2,"evilcraft:dark_ore":2,"minecraft:gold_block":1,"minecraft:big_dripleaf_stem":3,"minecraft:mossy_stone_brick_stairs":7,"minecraft:cobblestone_slab":2,"minecraft:deepslate_iron_ore":30,"minecraft:vine":86,"minecraft:lantern":1,"minecraft:stripped_oak_log":3,"minecraft:stone":152,"tconstruct:earth_congealed_slime":10,"minecraft:podzol":2,"minecraft:flowering_azalea":5,"minecraft:glass_pane":1,"minecraft:stone_brick_slab":1,"minecraft:oak_fence":1,"minecraft:smooth_sandstone":1,"minecraft:rose_bush":1,"minecraft:stone_slab":2,"minecraft:copper_ore":11,"minecraft:tall_grass":17,"minecraft:lapis_ore":14,"minecraft:deepslate_gold_ore":13,"minecraft:diorite":32,"minecraft:big_dripleaf":1,"biomemakeover:mesmerite":4,"minecraft:spruce_stairs":2,"minecraft:coarse_dirt":6,"minecraft:sweet_berry_bush":8,"minecraft:spruce_log":143,"minecraft:gray_bed":1,"minecraft:birch_leaves":3,"minecraft:coal_ore":90,"minecraft:gravel":74,"minecraft:cobweb":6,"minecraft:cracked_stone_bricks":8,"minecraft:stone_bricks":41,"minecraft:small_dripleaf":2,"minecraft:mossy_stone_bricks":6,"minecraft:gold_ore":7,"minecraft:infested_stone":3,"minecraft:fern":5},"minecraft:used":{"iceandfire:deepslate_silver_ore":1,"minecraft:iron_shovel":429,"minecraft:chest":7,"minecraft:shield":247,"minecraft:iron_sword":971,"minecraft:iron_chestplate":3,"tconstruct:sledge_hammer":2,"minecraft:carrot":2,"minecraft:spruce_boat":4,"minecraft:lantern":1,"minecraft:stone_bricks":9,"born_in_chaos_v1:fired_black_argillite":1,"minecraft:bow":29,"minecraft:sweet_berries":9,"minecraft:furnace":2,"minecraft:gray_bed":1,"minecraft:diorite":1,"minecraft:leather_leggings":1,"minecraft:oak_planks":1,"travelersbackpack:melon":1,"minecraft:blast_furnace":5,"minecraft:black_bed":2,"minecraft:bread":49,"minecraft:gravel":1,"minecraft:diamond_sword":65,"minecraft:coarse_dirt":1,"minecraft:dried_kelp":1,"minecraft:torch":88,"minecraft:brewing_stand":1,"minecraft:dirt":85,"minecraft:granite":2,"minecraft:wooden_axe":1,"minecraft:bookshelf":18,"minecraft:iron_axe":217,"evilcraft:flesh_humanoid":1,"minecraft:beef":2,"minecraft:cooked_beef":2,"minecraft:cobbled_deepslate":206,"minecraft:iron_leggings":3,"minecraft:water_bucket":1,"minecraft:lead":4,"minecraft:baked_potato":141,"minecraft:cracked_stone_bricks":1,"minecraft:crafting_table":1,"minecraft:spruce_log":19,"minecraft:smoker":1,"minecraft:oak_log":1,"minecraft:diamond_pickaxe":1,"minecraft:iron_pickaxe":1015,"minecraft:spruce_trapdoor":3,"minecraft:chiseled_stone_bricks":1,"minecraft:cobblestone":17,"minecraft:cooked_porkchop":2,"minecraft:bucket":1,"minecraft:pumpkin_pie":2,"alexsmobs:animal_dictionary":2,"minecraft:smooth_stone":1},"minecraft:crafted":{"minecraft:oak_planks":8,"minecraft:cooked_mutton":2,"minecraft:bow":1,"minecraft:iron_boots":5,"minecraft:chest":1,"minecraft:iron_door":3,"minecraft:cooked_porkchop":2,"minecraft:crafting_table":2,"minecraft:spruce_planks":176,"minecraft:iron_helmet":2,"minecraft:baked_potato":267,"minecraft:brown_bed":1,"minecraft:iron_chestplate":3,"minecraft:shield":6,"minecraft:stick":40,"minecraft:iron_ingot":89,"minecraft:iron_pickaxe":6,"minecraft:iron_axe":4,"minecraft:cooked_beef":5,"minecraft:iron_sword":3,"minecraft:air":0,"iceandfire:armor_silver_metal_helmet":2,"securitycraft:door_indestructible_iron_item":2,"minecraft:wooden_axe":1,"minecraft:iron_shovel":3,"minecraft:iron_leggings":3,"minecraft:torch":64,"tconstruct:sledge_hammer":2},"minecraft:picked_up":{"minecraft:wooden_axe":1,"minecraft:iron_chestplate":89,"minecraft:wheat":1,"minecraft:chainmail_boots":32,"minecraft:flower_pot":1,"minecraft:lead":34,"minecraft:stone_slab":2,"minecraft:diamond_sword":9,"minecraft:potion":8,"minecraft:enchanted_book":4,"minecraft:stone_brick_stairs":18,"born_in_chaos_v1:black_argillite_wall":7,"minecraft:brewing_stand":1,"minecraft:amethyst_block":64,"minecraft:string":65,"minecraft:raw_copper":79,"iceandfire:sea_serpent_scales_teal":6,"minecraft:iron_leggings":52,"minecraft:smooth_stone":2,"minecraft:gold_nugget":16,"minecraft:cobbled_deepslate":2832,"minecraft:spruce_planks":316,"minecraft:horn_coral_block":3,"minecraft:rose_bush":7,"minecraft:cobblestone_slab":2,"minecraft:azalea":14,"minecraft:iron_pickaxe":115,"minecraft:enchanted_golden_apple":4,"evilcraft:blood_extractor":15,"minecraft:furnace":1,"minecraft:iron_boots":31,"minecraft:tipped_arrow":5,"minecraft:golden_helmet":2,"minecraft:stick":276,"born_in_chaos_v1:shattered_skull":4,"minecraft:big_dripleaf":37,"minecraft:oak_fence":1,"minecraft:torch":1234,"minecraft:spruce_stairs":2,"iceandfire:silver_ore":4,"minecraft:dried_kelp":25,"minecraft:diorite":41,"born_in_chaos_v1:nightmare_claw":3,"minecraft:golden_chestplate":1,"minecraft:quartz_block":17,"evilcraft:box_of_eternal_closure":3,"minecraft:horn_coral_fan":21,"minecraft:rotten_flesh":202,"minecraft:tropical_fish":2,"alexsmobs:flying_fish_boots":17,"minecraft:white_terracotta":4,"minecraft:deepslate_brick_stairs":14,"minecraft:iron_bars":30,"minecraft:cod":14,"alexsmobs:flying_fish":1,"minecraft:cobblestone":594,"minecraft:nautilus_shell":9,"minecraft:leather_chestplate":19,"minecraft:lilac":5,"minecraft:cooked_beef":13,"minecraft:water_bucket":19,"minecraft:black_bed":3,"minecraft:golden_leggings":5,"minecraft:smoker":1,"minecraft:potato":39,"minecraft:flint":23,"minecraft:tuff":20,"minecraft:smooth_sandstone_stairs":1,"evilcraft:flesh_humanoid":90,"minecraft:map":3,"minecraft:lapis_lazuli":137,"minecraft:dirt":1265,"minecraft:lantern":1,"minecraft:name_tag":17,"minecraft:leather_boots":12,"minecraft:bone":179,"minecraft:bow":27,"minecraft:wheat_seeds":17,"minecraft:deepslate_brick_slab":6,"minecraft:raw_gold":120,"minecraft:cobbled_deepslate_slab":12,"minecraft:grindstone":1,"minecraft:mossy_stone_bricks":8,"minecraft:moss_block":11,"tconstruct:sky_slime_sapling":3,"minecraft:oak_planks":3,"minecraft:mossy_stone_brick_stairs":7,"minecraft:cooked_porkchop":2,"biomemakeover:mesmerite":2,"minecraft:sand":328,"minecraft:stripped_spruce_log":4,"minecraft:ink_sac":7,"alexsmobs:animal_dictionary":2,"minecraft:spectral_arrow":7,"iceandfire:frozen_dirt":3,"minecraft:mossy_cobblestone":13,"minecraft:iron_hoe":1,"born_in_chaos_v1:fire_dust":14,"minecraft:light_blue_terracotta":5,"minecraft:diamond":12,"minecraft:spruce_boat":6,"waystones:waystone":1,"iceandfire:dragon_ice":11,"minecraft:granite":2,"minecraft:bone_meal":44,"minecraft:golden_apple":5,"minecraft:chainmail_helmet":8,"minecraft:emerald":18,"minecraft:bread":412,"minecraft:oak_sapling":13,"born_in_chaos_v1:rotten_fish":4,"iceandfire:silver_nugget":6,"minecraft:diamond_pickaxe":6,"minecraft:coarse_dirt":13,"minecraft:fishing_rod":1,"born_in_chaos_v1:diamond_termite_shard":9,"minecraft:crafting_table":1,"minecraft:allium":1,"minecraft:ladder":3,"minecraft:clay_ball":332,"born_in_chaos_v1:seedof_chaos":2,"minecraft:leather_leggings":12,"tconstruct:materials_and_you":3,"minecraft:brown_mushroom":6,"minecraft:packed_ice":4,"minecraft:gold_block":1,"minecraft:diamond_horse_armor":7,"minecraft:chain":3,"born_in_chaos_v1:fired_black_argillite":1,"minecraft:shield":77,"iceandfire:sea_serpent_scales_blue":7,"born_in_chaos_v1:black_argillite_column":10,"minecraft:red_bed":5,"minecraft:moss_carpet":6,"minecraft:iron_axe":33,"born_in_chaos_v1:intoxicating_decoction":1,"tconstruct:seared_glass":1,"minecraft:iron_shovel":49,"born_in_chaos_v1:black_argillite_brick":10,"graveyard:corruption":5,"iceandfire:graveyard_soil":8,"minecraft:cracked_stone_bricks":6,"minecraft:beef":6,"minecraft:iron_nugget":22,"minecraft:poppy":1,"minecraft:spruce_slab":2,"minecraft:chest":7,"minecraft:birch_sapling":3,"minecraft:spruce_trapdoor":10,"minecraft:phantom_membrane":4,"minecraft:dark_oak_sapling":2,"minecraft:raw_iron":750,"minecraft:sandstone":2,"iceandfire:dragonbone":21,"minecraft:stone":2,"minecraft:spruce_fence":1,"minecraft:white_dye":18,"minecraft:cookie":10,"born_in_chaos_v1:pieceofdarkmetal":11,"minecraft:carrot":18,"minecraft:redstone":430,"minecraft:prismarine_crystals":2,"minecraft:tnt":45,"iceandfire:silver_ingot":12,"minecraft:arrow":378,"minecraft:pumpkin_pie":7,"minecraft:tube_coral_fan":20,"minecraft:deepslate_bricks":4,"minecraft:diamond_boots":1,"iceandfire:deepslate_silver_ore":1,"minecraft:saddle":11,"minecraft:gold_ingot":32,"minecraft:glow_berries":2,"minecraft:stripped_oak_log":3,"born_in_chaos_v1:corpse_maggot":47,"born_in_chaos_v1:black_argillite_column_slab":10,"travelersbackpack:melon":1,"iceandfire:sea_serpent_fang":5,"born_in_chaos_v1:monster_flesh":2,"minecraft:glow_ink_sac":14,"minecraft:leather":6,"minecraft:fern":1,"minecraft:acacia_wood":4,"minecraft:oak_log":67,"minecraft:chainmail_chestplate":11,"iceandfire:ectoplasm":2,"minecraft:gunpowder":31,"minecraft:paper":12,"minecraft:smooth_sandstone":1,"chococraft:gysahl_green":3,"tconstruct:sledge_hammer":2,"minecraft:apple":6,"minecraft:stone_bricks":344,"iceandfire:armor_silver_metal_helmet":8,"tconstruct:sky_slime_grass_seeds":12,"minecraft:iron_ingot":74,"minecraft:stone_pickaxe":5,"minecraft:cobweb":3,"minecraft:gray_bed":2,"minecraft:iron_sword":118,"minecraft:flowering_azalea":12,"minecraft:sweet_berries":81,"minecraft:chiseled_stone_bricks":5,"born_in_chaos_v1:ethereal_spirit":4,"minecraft:stone_brick_slab":1,"born_in_chaos_v1:black_argillitepressureplate":1,"minecraft:dandelion":2,"minecraft:gravel":70,"chococraft:gysahl_green_seeds":3,"minecraft:spruce_sapling":13,"minecraft:blast_furnace":1,"minecraft:spruce_log":191,"minecraft:spruce_door":2,"minecraft:spider_eye":29,"minecraft:pumpkin_seeds":14,"minecraft:slime_ball":46,"minecraft:stone_axe":9,"iceandfire:silver_sword":11,"minecraft:chainmail_leggings":8,"evilcraft:dark_gem":104,"minecraft:iron_helmet":73,"minecraft:baked_potato":2206,"minecraft:coal":184,"minecraft:ender_pearl":12}},"DataVersion":3120}