{"stats":{"minecraft:mined":{"minecraft:grass_block":24,"born_in_chaos_v1:black_argillite":1,"minecraft:redstone_wire":1,"travelersbackpack:white_sleeping_bag":5,"minecraft:spruce_leaves":12,"born_in_chaos_v1:gnawed_bones":1,"minecraft:spawner":3,"minecraft:large_fern":6,"minecraft:smooth_stone":1,"minecraft:furnace":1,"minecraft:iron_ore":2,"minecraft:snow":1,"minecraft:stripped_spruce_log":3,"minecraft:pumpkin":2,"minecraft:deepslate_lapis_ore":4,"chococraft:gysahl_green":5,"minecraft:deepslate_iron_ore":11,"minecraft:oak_stairs":2,"minecraft:iron_bars":4,"minecraft:lantern":1,"minecraft:smooth_quartz_stairs":12,"minecraft:stone":244,"minecraft:iron_block":21,"minecraft:cake":1,"minecraft:redstone_block":2,"minecraft:red_bed":1,"minecraft:crafting_table":3,"minecraft:chest":4,"minecraft:campfire":1,"minecraft:tall_grass":5,"minecraft:smooth_quartz_slab":1,"minecraft:cobblestone":12,"minecraft:oak_planks":2,"minecraft:sugar_cane":2,"minecraft:bricks":3,"minecraft:wall_torch":6,"minecraft:skeleton_skull":1,"minecraft:coarse_dirt":3,"minecraft:spruce_log":21,"minecraft:tnt":1,"gobber2:gobber2_lucky_block_deepslate":1,"minecraft:grass":48,"minecraft:coal_ore":46,"minecraft:oak_log":12,"minecraft:smooth_quartz":1,"minecraft:dirt":16,"minecraft:sand":1,"minecraft:cobweb":1,"minecraft:stone_bricks":3,"minecraft:deepslate":3,"minecraft:oak_leaves":2,"minecraft:fern":1},"minecraft:killed":{"born_in_chaos_v1:zombie_lumberjack":1,"alexsmobs:raccoon":1,"alexsmobs:sugar_glider":1,"minecraft:skeleton":4,"alexsmobs:bison":2,"minecraft:pig":4,"born_in_chaos_v1:decrepit_skeleton":1,"minecraft:zombie":2,"born_in_chaos_v1:corpse_fly":3},"minecraft:picked_up":{"minecraft:charcoal":2,"minecraft:iron_chestplate":23,"chococraft:loverly_gysahl_green":4,"minecraft:coarse_dirt":10,"minecraft:crafting_table":11,"minecraft:wheat":41,"minecraft:redstone_block":10,"minecraft:lead":1,"minecraft:wooden_pickaxe":3,"minecraft:oak_stairs":2,"minecraft:potion":11,"minecraft:enchanted_book":20,"minecraft:shield":8,"born_in_chaos_v1:black_argillite":1,"minecraft:string":9,"minecraft:red_bed":7,"alexsmobs:ancient_dart":1,"minecraft:iron_axe":18,"minecraft:iron_leggings":21,"born_in_chaos_v1:intoxicating_decoction":3,"minecraft:iron_shovel":11,"minecraft:experience_bottle":4,"minecraft:cobbled_deepslate":3,"minecraft:gold_nugget":6,"minecraft:smooth_stone":1,"minecraft:bucket":5,"minecraft:spruce_planks":268,"minecraft:beef":7,"minecraft:redstone_torch":1,"born_in_chaos_v1:gnawed_bones":3,"minecraft:iron_nugget":21,"minecraft:smooth_quartz":1,"minecraft:iron_pickaxe":59,"minecraft:melon_slice":15,"minecraft:chest":4,"minecraft:birch_sapling":1,"minecraft:smooth_quartz_stairs":10,"minecraft:furnace":1,"minecraft:phantom_membrane":12,"minecraft:iron_boots":29,"minecraft:egg":1,"minecraft:tipped_arrow":5,"minecraft:stick":213,"minecraft:raw_iron":41,"minecraft:oak_fence":1,"minecraft:torch":854,"minecraft:acacia_log":3,"minecraft:porkchop":11,"minecraft:carrot":226,"minecraft:redstone":1,"minecraft:tnt":1,"minecraft:stone_sword":4,"minecraft:arrow":114,"minecraft:rotten_flesh":12,"minecraft:beetroot_seeds":2,"born_in_chaos_v1:wood_splitter_axe":4,"minecraft:shears":2,"minecraft:iron_block":21,"minecraft:saddle":1,"minecraft:gold_ingot":24,"minecraft:totem_of_undying":4,"minecraft:iron_bars":17,"minecraft:skeleton_skull":1,"minecraft:snowball":77,"minecraft:white_wool":16,"minecraft:cobblestone":2736,"born_in_chaos_v1:fused_bone":2,"minecraft:birch_log":2,"born_in_chaos_v1:corpse_maggot":4,"minecraft:leather_chestplate":2,"minecraft:cooked_beef":37,"alexsmobs:bison_fur":5,"minecraft:chainmail_chestplate":4,"minecraft:oak_log":24,"minecraft:prismarine_bricks":1,"minecraft:waxed_copper_block":1,"evilcraft:flesh_humanoid":93,"minecraft:gunpowder":16,"minecraft:lapis_lazuli":50,"minecraft:stripped_birch_log":14,"minecraft:dirt":2119,"minecraft:lantern":1,"minecraft:name_tag":4,"minecraft:bone":20,"minecraft:acacia_planks":10,"chococraft:gysahl_green":78,"minecraft:apple":5,"minecraft:stone_bricks":5,"minecraft:wheat_seeds":2,"alexsmobs:cockroach_wing_fragment":3,"minecraft:iron_ingot":21,"minecraft:waxed_weathered_cut_copper_slab":3,"minecraft:stone_pickaxe":8,"minecraft:glass_bottle":3,"minecraft:iron_sword":38,"minecraft:stone_hoe":2,"minecraft:oak_planks":3,"gobber2:gobber2_gooey_bread":1,"minecraft:book":3,"minecraft:cooked_porkchop":3,"minecraft:pumpkin":6,"minecraft:sand":5,"minecraft:spruce_sapling":4,"minecraft:stripped_spruce_log":7,"chococraft:gysahl_green_seeds":12,"minecraft:blast_furnace":5,"minecraft:spruce_log":26,"minecraft:spectral_arrow":2,"travelersbackpack:white_sleeping_bag":5,"minecraft:oak_wood":3,"minecraft:slime_block":3,"minecraft:campfire":5,"minecraft:stone_axe":19,"minecraft:writable_book":1,"minecraft:iron_helmet":17,"minecraft:crossbow":10,"minecraft:golden_apple":8,"minecraft:emerald":243,"minecraft:chainmail_helmet":3,"minecraft:bread":909,"minecraft:baked_potato":193,"minecraft:dark_oak_fence":8,"minecraft:stripped_dark_oak_log":16,"minecraft:bricks":3,"minecraft:smooth_quartz_slab":1,"minecraft:coal":248},"minecraft:dropped":{"minecraft:bread":2,"minecraft:iron_sword":7,"minecraft:cooked_beef":1,"minecraft:baked_potato":1,"minecraft:crafting_table":1,"minecraft:crossbow":1,"minecraft:coal":30,"minecraft:golden_apple":1,"minecraft:emerald":17,"minecraft:dirt":1,"minecraft:dark_oak_fence":4,"minecraft:torch":29,"minecraft:snowball":17,"minecraft:iron_axe":3,"minecraft:iron_pickaxe":2,"minecraft:string":2,"minecraft:stone_axe":7,"minecraft:coarse_dirt":1,"minecraft:raw_iron":1,"minecraft:slime_block":1,"evilcraft:flesh_humanoid":8,"minecraft:carrot":3,"travelersbackpack:white_sleeping_bag":1,"minecraft:spruce_planks":3,"minecraft:oak_wood":3,"minecraft:spruce_log":3,"minecraft:stone_pickaxe":1,"minecraft:wooden_pickaxe":1},"minecraft:used":{"minecraft:stone_sword":11,"minecraft:iron_shovel":81,"minecraft:chest":8,"gobber2:gobber2_gooey_bread":1,"minecraft:spruce_planks":4,"minecraft:iron_sword":315,"minecraft:stone_hoe":2,"minecraft:iron_chestplate":1,"minecraft:torch":45,"minecraft:dirt":55,"minecraft:carrot":2,"minecraft:snowball":5,"minecraft:lantern":1,"minecraft:iron_axe":41,"evilcraft:flesh_humanoid":4,"minecraft:furnace":2,"minecraft:egg":1,"minecraft:cooked_beef":4,"minecraft:pumpkin":2,"minecraft:iron_leggings":1,"minecraft:stone_pickaxe":143,"minecraft:baked_potato":9,"minecraft:wooden_pickaxe":20,"minecraft:crafting_table":3,"minecraft:campfire":3,"minecraft:apple":1,"minecraft:bread":23,"minecraft:melon_slice":4,"minecraft:iron_pickaxe":242,"travelersbackpack:white_sleeping_bag":5,"minecraft:stone_axe":176,"minecraft:cobblestone":22,"minecraft:porkchop":2,"born_in_chaos_v1:wood_splitter_axe":81,"minecraft:coarse_dirt":4},"minecraft:broken":{"minecraft:iron_shovel":1,"minecraft:stone_axe":1,"minecraft:iron_sword":1},"minecraft:killed_by":{"minecraft:player":4,"sanitydim:rotting_stalker":1,"minecraft:vindicator":13,"sanitydim:sneaking_terror":1,"minecraft:skeleton":3,"minecraft:vex":14},"minecraft:custom":{"minecraft:mob_kills":41,"minecraft:interact_with_crafting_table":32,"minecraft:open_barrel":19,"minecraft:damage_dealt_resisted":20,"minecraft:leave_game":4,"minecraft:time_since_death":27475,"minecraft:climb_one_cm":7567,"minecraft:sprint_one_cm":300066,"minecraft:walk_one_cm":1134413,"minecraft:drop":137,"minecraft:talked_to_villager":3,"minecraft:play_time":359180,"minecraft:deaths":133,"minecraft:sneak_time":4746,"minecraft:walk_under_water_one_cm":20348,"minecraft:interact_with_lectern":1,"minecraft:jump":3096,"minecraft:interact_with_blast_furnace":2,"minecraft:walk_on_water_one_cm":37306,"minecraft:total_world_time":359180,"minecraft:interact_with_furnace":30,"minecraft:interact_with_loom":1,"minecraft:sleep_in_bed":13,"minecraft:time_since_rest":27494,"minecraft:waystone_activated":1,"minecraft:damage_taken":39452,"minecraft:damage_dealt":12762,"minecraft:swim_one_cm":1732,"minecraft:player_kills":2,"minecraft:fly_one_cm":158559,"minecraft:open_chest":252,"minecraft:crouch_one_cm":663,"minecraft:fall_one_cm":80874},"minecraft:crafted":{"minecraft:oak_planks":8,"travelersbackpack:white_sleeping_bag":2,"minecraft:spruce_wood":6,"minecraft:stone_pickaxe":6,"minecraft:chest":4,"minecraft:dark_oak_planks":16,"minecraft:cooked_beef":7,"minecraft:crafting_table":2,"minecraft:spruce_planks":64,"minecraft:iron_helmet":1,"minecraft:baked_potato":51,"minecraft:wooden_pickaxe":1,"minecraft:iron_sword":3,"minecraft:campfire":3,"minecraft:stone_axe":2,"minecraft:bread":4,"minecraft:air":0,"minecraft:stick":108,"minecraft:iron_pickaxe":5,"minecraft:stone_sword":1,"minecraft:acacia_planks":4,"minecraft:torch":64}},"DataVersion":3120}